{"v":"5.9.6","fr":60,"ip":0,"op":242,"w":500,"h":500,"nm":"Order Confirmed","ddd":0,"assets":[],"fonts":{"list":[{"fName":"Poppins-Bold","fFamily":"Poppins","fStyle":"Bold","ascent":73.9990234375},{"fName":"Poppins-Regular","fFamily":"Poppins","fStyle":"Regular","ascent":73.9990234375}]},"layers":[{"ddd":0,"ind":1,"ty":4,"nm":"Check","sr":1,"ks":{"o":{"a":0,"k":100,"ix":11},"r":{"a":0,"k":0,"ix":10},"p":{"a":1,"k":[{"i":{"x":0.667,"y":1},"o":{"x":0.333,"y":0},"t":0,"s":[396.769,236.14,0],"to":[0,0,0],"ti":[0,0,0]},{"i":{"x":0.667,"y":1},"o":{"x":0.333,"y":0},"t":120,"s":[396.769,256.14,0],"to":[0,0,0],"ti":[0,0,0]},{"t":240,"s":[396.769,236.14,0]}],"ix":2,"l":2},"a":{"a":0,"k":[396.769,236.14,0],"ix":1,"l":2},"s":{"a":0,"k":[100,100,100],"ix":6,"l":2}},"ao":0,"shapes":[{"ty":"gr","it":[{"ind":0,"ty":"sh","ix":1,"ks":{"a":0,"k":{"i":[[0,0],[0,0],[0,0]],"o":[[0,0],[0,0],[0,0]],"v":[[-15.168,-4.439],[-9.989,6.659],[15.168,-6.659]],"c":false},"ix":2},"nm":"Path 1","mn":"ADBE Vector Shape - Group","hd":false},{"ty":"st","c":{"a":0,"k":[1,1,1,1],"ix":3},"o":{"a":0,"k":100,"ix":4},"w":{"a":0,"k":4.231,"ix":5},"lc":2,"lj":2,"bm":0,"nm":"Stroke 1","mn":"ADBE Vector Graphic - Stroke","hd":false},{"ty":"tr","p":{"a":0,"k":[399.359,236.14],"ix":2},"a":{"a":0,"k":[0,0],"ix":1},"s":{"a":0,"k":[100,100],"ix":3},"r":{"a":0,"k":0,"ix":6},"o":{"a":0,"k":100,"ix":7},"sk":{"a":0,"k":0,"ix":4},"sa":{"a":0,"k":0,"ix":5},"nm":"Transform"}],"nm":"Group 1","np":2,"cix":2,"bm":0,"ix":1,"mn":"ADBE Vector Group","hd":false},{"ty":"gr","it":[{"d":1,"ty":"el","s":{"a":0,"k":[54.957,54.957],"ix":2},"p":{"a":0,"k":[0,0],"ix":3},"nm":"Ellipse Path 1","mn":"ADBE Vector Shape - Ellipse","hd":false},{"ty":"fl","c":{"a":0,"k":[0.364705882353,0.827451040231,0.619607843137,1],"ix":4},"o":{"a":0,"k":100,"ix":5},"r":1,"bm":0,"nm":"Fill 1","mn":"ADBE Vector Graphic - Fill","hd":false},{"ty":"tr","p":{"a":0,"k":[396.769,236.14],"ix":2},"a":{"a":0,"k":[0,0],"ix":1},"s":{"a":0,"k":[100,100],"ix":3},"r":{"a":0,"k":0,"ix":6},"o":{"a":0,"k":100,"ix":7},"sk":{"a":0,"k":0,"ix":4},"sa":{"a":0,"k":0,"ix":5},"nm":"Transform"}],"nm":"Group 2","np":2,"cix":2,"bm":0,"ix":2,"mn":"ADBE Vector Group","hd":false}],"ip":0,"op":300,"st":0,"ct":1,"bm":0},{"ddd":0,"ind":2,"ty":4,"nm":"Shopping Bag","sr":1,"ks":{"o":{"a":0,"k":100,"ix":11},"r":{"a":0,"k":0,"ix":10},"p":{"a":0,"k":[336.101,393.295,0],"ix":2,"l":2},"a":{"a":0,"k":[336.101,393.295,0],"ix":1,"l":2},"s":{"a":0,"k":[100,100,100],"ix":6,"l":2}},"ao":0,"shapes":[{"ty":"gr","it":[{"ind":0,"ty":"sh","ix":1,"ks":{"a":0,"k":{"i":[[0,0],[-14.834,0],[0,0]],"o":[[0,0],[14.834,0],[0,0]],"v":[[-10.837,22.046],[-2.309,-22.046],[12.168,22.046]],"c":false},"ix":2},"nm":"Path 1","mn":"ADBE Vector Shape - Group","hd":false},{"ty":"st","c":{"a":0,"k":[0.101960785687,0,0.301960796118,1],"ix":3},"o":{"a":0,"k":100,"ix":4},"w":{"a":0,"k":0.89,"ix":5},"lc":2,"lj":2,"bm":0,"nm":"Stroke 1","mn":"ADBE Vector Graphic - Stroke","hd":false},{"ty":"tr","p":{"a":0,"k":[340.902,362.911],"ix":2},"a":{"a":0,"k":[0,0],"ix":1},"s":{"a":0,"k":[100,100],"ix":3},"r":{"a":0,"k":0,"ix":6},"o":{"a":0,"k":100,"ix":7},"sk":{"a":0,"k":0,"ix":4},"sa":{"a":0,"k":0,"ix":5},"nm":"Transform"}],"nm":"Group 1","np":2,"cix":2,"bm":0,"ix":1,"mn":"ADBE Vector Group","hd":false},{"ty":"gr","it":[{"d":1,"ty":"el","s":{"a":0,"k":[3.6,3.6],"ix":2},"p":{"a":0,"k":[0,0],"ix":3},"nm":"Ellipse Path 1","mn":"ADBE Vector Shape - Ellipse","hd":false},{"ty":"fl","c":{"a":0,"k":[0.101960785687,0,0.301960796118,1],"ix":4},"o":{"a":0,"k":100,"ix":5},"r":1,"bm":0,"nm":"Fill 1","mn":"ADBE Vector Graphic - Fill","hd":false},{"ty":"tr","p":{"a":0,"k":[330.064,384.957],"ix":2},"a":{"a":0,"k":[0,0],"ix":1},"s":{"a":0,"k":[100,100],"ix":3},"r":{"a":0,"k":0,"ix":6},"o":{"a":0,"k":100,"ix":7},"sk":{"a":0,"k":0,"ix":4},"sa":{"a":0,"k":0,"ix":5},"nm":"Transform"}],"nm":"Group 2","np":2,"cix":2,"bm":0,"ix":2,"mn":"ADBE Vector Group","hd":false},{"ty":"gr","it":[{"d":1,"ty":"el","s":{"a":0,"k":[3.6,3.6],"ix":2},"p":{"a":0,"k":[0,0],"ix":3},"nm":"Ellipse Path 1","mn":"ADBE Vector Shape - Ellipse","hd":false},{"ty":"fl","c":{"a":0,"k":[0.101960785687,0,0.301960796118,1],"ix":4},"o":{"a":0,"k":100,"ix":5},"r":1,"bm":0,"nm":"Fill 1","mn":"ADBE Vector Graphic - Fill","hd":false},{"ty":"tr","p":{"a":0,"k":[353.069,384.957],"ix":2},"a":{"a":0,"k":[0,0],"ix":1},"s":{"a":0,"k":[100,100],"ix":3},"r":{"a":0,"k":0,"ix":6},"o":{"a":0,"k":100,"ix":7},"sk":{"a":0,"k":0,"ix":4},"sa":{"a":0,"k":0,"ix":5},"nm":"Transform"}],"nm":"Group 3","np":2,"cix":2,"bm":0,"ix":3,"mn":"ADBE Vector Group","hd":false},{"ty":"gr","it":[{"ind":0,"ty":"sh","ix":1,"ks":{"a":0,"k":{"i":[[0,0],[-1.248,0],[0,0],[0,0]],"o":[[0.828,0.792],[0,0],[0,0],[0,0]],"v":[[-6.908,2.605],[-3.702,3.88],[6.908,3.88],[-0.424,-3.88]],"c":true},"ix":2},"nm":"Path 1","mn":"ADBE Vector Shape - Group","hd":false},{"ty":"fl","c":{"a":0,"k":[0.290196078431,0.662745098039,0.494117647059,1],"ix":4},"o":{"a":0,"k":100,"ix":5},"r":1,"bm":0,"nm":"Fill 1","mn":"ADBE Vector Graphic - Fill","hd":false},{"ty":"tr","p":{"a":0,"k":[309.259,441.845],"ix":2},"a":{"a":0,"k":[0,0],"ix":1},"s":{"a":0,"k":[100,100],"ix":3},"r":{"a":0,"k":0,"ix":6},"o":{"a":0,"k":100,"ix":7},"sk":{"a":0,"k":0,"ix":4},"sa":{"a":0,"k":0,"ix":5},"nm":"Transform"}],"nm":"Group 4","np":2,"cix":2,"bm":0,"ix":4,"mn":"ADBE Vector Group","hd":false},{"ty":"gr","it":[{"ind":0,"ty":"sh","ix":1,"ks":{"a":0,"k":{"i":[[0,0],[0,0],[0,0],[0,0]],"o":[[0,0],[0,0],[0,0],[0,0]],"v":[[-1.5,-33.089],[-5.486,25.332],[1.843,33.089],[5.486,-32.96]],"c":true},"ix":2},"nm":"Path 1","mn":"ADBE Vector Shape - Group","hd":false},{"ty":"fl","c":{"a":0,"k":[0.329411764706,0.745098039216,0.556862745098,1],"ix":4},"o":{"a":0,"k":100,"ix":5},"r":1,"bm":0,"nm":"Fill 1","mn":"ADBE Vector Graphic - Fill","hd":false},{"ty":"tr","p":{"a":0,"k":[314.324,412.636],"ix":2},"a":{"a":0,"k":[0,0],"ix":1},"s":{"a":0,"k":[100,100],"ix":3},"r":{"a":0,"k":0,"ix":6},"o":{"a":0,"k":100,"ix":7},"sk":{"a":0,"k":0,"ix":4},"sa":{"a":0,"k":0,"ix":5},"nm":"Transform"}],"nm":"Group 5","np":2,"cix":2,"bm":0,"ix":5,"mn":"ADBE Vector Group","hd":false},{"ty":"gr","it":[{"ind":0,"ty":"sh","ix":1,"ks":{"a":0,"k":{"i":[[-1.02,-0.947],[-1.248,0],[0,0],[0,0],[0,0],[0,0]],"o":[[0.828,0.792],[0,0],[0,0],[0,0],[0,0],[-0.146,1.512]],"v":[[-7.985,31.749],[-4.779,33.024],[5.83,33.024],[9.473,-33.024],[-4.679,-33.024],[-9.451,27.887]],"c":true},"ix":2},"nm":"Path 1","mn":"ADBE Vector Shape - Group","hd":false},{"ty":"fl","c":{"a":0,"k":[0.364705882353,0.827450980392,0.619607843137,1],"ix":4},"o":{"a":0,"k":100,"ix":5},"r":1,"bm":0,"nm":"Fill 1","mn":"ADBE Vector Graphic - Fill","hd":false},{"ty":"tr","p":{"a":0,"k":[310.337,412.701],"ix":2},"a":{"a":0,"k":[0,0],"ix":1},"s":{"a":0,"k":[100,100],"ix":3},"r":{"a":0,"k":0,"ix":6},"o":{"a":0,"k":100,"ix":7},"sk":{"a":0,"k":0,"ix":4},"sa":{"a":0,"k":0,"ix":5},"nm":"Transform"}],"nm":"Group 6","np":2,"cix":2,"bm":0,"ix":6,"mn":"ADBE Vector Group","hd":false},{"ty":"gr","it":[{"ind":0,"ty":"sh","ix":1,"ks":{"a":0,"k":{"i":[[0,0],[0,0],[0.866,5.249],[0,0],[0,0]],"o":[[0,0],[5.32,0],[0,0],[0,0],[0,0]],"v":[[-27.586,33.025],[18.966,33.025],[27.469,23.004],[20.016,-33.025],[-23.944,-33.025]],"c":true},"ix":2},"nm":"Path 1","mn":"ADBE Vector Shape - Group","hd":false},{"ty":"fl","c":{"a":0,"k":[0.364705882353,0.827450980392,0.619607843137,1],"ix":4},"o":{"a":0,"k":100,"ix":5},"r":1,"bm":0,"nm":"Fill 1","mn":"ADBE Vector Graphic - Fill","hd":false},{"ty":"tr","p":{"a":0,"k":[343.753,412.7],"ix":2},"a":{"a":0,"k":[0,0],"ix":1},"s":{"a":0,"k":[100,100],"ix":3},"r":{"a":0,"k":0,"ix":6},"o":{"a":0,"k":100,"ix":7},"sk":{"a":0,"k":0,"ix":4},"sa":{"a":0,"k":0,"ix":5},"nm":"Transform"}],"nm":"Group 7","np":2,"cix":2,"bm":0,"ix":7,"mn":"ADBE Vector Group","hd":false},{"ty":"gr","it":[{"ind":0,"ty":"sh","ix":1,"ks":{"a":0,"k":{"i":[[0,0],[-14.834,0],[0,0]],"o":[[0,0],[14.834,0],[0,0]],"v":[[-12.021,21.962],[1.788,-21.962],[10.984,21.962]],"c":false},"ix":2},"nm":"Path 1","mn":"ADBE Vector Shape - Group","hd":false},{"ty":"st","c":{"a":0,"k":[0.101960785687,0,0.301960796118,1],"ix":3},"o":{"a":0,"k":100,"ix":4},"w":{"a":0,"k":0.89,"ix":5},"lc":2,"lj":2,"bm":0,"nm":"Stroke 1","mn":"ADBE Vector Graphic - Stroke","hd":false},{"ty":"tr","p":{"a":0,"k":[334.04,362.995],"ix":2},"a":{"a":0,"k":[0,0],"ix":1},"s":{"a":0,"k":[100,100],"ix":3},"r":{"a":0,"k":0,"ix":6},"o":{"a":0,"k":100,"ix":7},"sk":{"a":0,"k":0,"ix":4},"sa":{"a":0,"k":0,"ix":5},"nm":"Transform"}],"nm":"Group 8","np":2,"cix":2,"bm":0,"ix":8,"mn":"ADBE Vector Group","hd":false}],"ip":0,"op":300,"st":0,"ct":1,"bm":0},{"ddd":0,"ind":3,"ty":4,"nm":"Card","sr":1,"ks":{"o":{"a":0,"k":100,"ix":11},"r":{"a":0,"k":0,"ix":10},"p":{"a":1,"k":[{"i":{"x":0.667,"y":1},"o":{"x":0.333,"y":0},"t":-80,"s":[143.4,265.652,0],"to":[0,0,0],"ti":[0,0,0]},{"i":{"x":0.667,"y":1},"o":{"x":0.333,"y":0},"t":40,"s":[143.4,285.652,0],"to":[0,0,0],"ti":[0,0,0]},{"i":{"x":0.667,"y":1},"o":{"x":0.333,"y":0},"t":160,"s":[143.4,265.652,0],"to":[0,0,0],"ti":[0,0,0]},{"t":280,"s":[143.4,285.652,0]}],"ix":2,"l":2},"a":{"a":0,"k":[143.4,265.652,0],"ix":1,"l":2},"s":{"a":0,"k":[100,100,100],"ix":6,"l":2}},"ao":0,"shapes":[{"ty":"gr","it":[{"ty":"gr","it":[{"ind":0,"ty":"sh","ix":1,"ks":{"a":0,"k":{"i":[[0,0],[0,0],[0,0]],"o":[[0,0],[0,0],[0,0]],"v":[[-4.046,-1.184],[-2.664,1.776],[4.046,-1.776]],"c":false},"ix":2},"nm":"Path 1","mn":"ADBE Vector Shape - Group","hd":false},{"ty":"st","c":{"a":0,"k":[1,1,1,1],"ix":3},"o":{"a":0,"k":100,"ix":4},"w":{"a":0,"k":1.129,"ix":5},"lc":1,"lj":1,"ml":10,"bm":0,"nm":"Stroke 1","mn":"ADBE Vector Graphic - Stroke","hd":false},{"ty":"tr","p":{"a":0,"k":[178.447,247.796],"ix":2},"a":{"a":0,"k":[0,0],"ix":1},"s":{"a":0,"k":[100,100],"ix":3},"r":{"a":0,"k":0,"ix":6},"o":{"a":0,"k":100,"ix":7},"sk":{"a":0,"k":0,"ix":4},"sa":{"a":0,"k":0,"ix":5},"nm":"Transform"}],"nm":"Group 1","np":2,"cix":2,"bm":0,"ix":1,"mn":"ADBE Vector Group","hd":false},{"ty":"gr","it":[{"d":1,"ty":"el","s":{"a":0,"k":[14.659,14.659],"ix":2},"p":{"a":0,"k":[0,0],"ix":3},"nm":"Ellipse Path 1","mn":"ADBE Vector Shape - Ellipse","hd":false},{"ty":"fl","c":{"a":0,"k":[0.364705882353,0.827450980392,0.619607843137,1],"ix":4},"o":{"a":0,"k":100,"ix":5},"r":1,"bm":0,"nm":"Fill 1","mn":"ADBE Vector Graphic - Fill","hd":false},{"ty":"tr","p":{"a":0,"k":[177.756,247.796],"ix":2},"a":{"a":0,"k":[0,0],"ix":1},"s":{"a":0,"k":[100,100],"ix":3},"r":{"a":0,"k":0,"ix":6},"o":{"a":0,"k":100,"ix":7},"sk":{"a":0,"k":0,"ix":4},"sa":{"a":0,"k":0,"ix":5},"nm":"Transform"}],"nm":"Group 2","np":2,"cix":2,"bm":0,"ix":2,"mn":"ADBE Vector Group","hd":false},{"ty":"tr","p":{"a":0,"k":[177.756,247.796],"ix":2},"a":{"a":0,"k":[177.756,247.796],"ix":1},"s":{"a":0,"k":[100,100],"ix":3},"r":{"a":0,"k":0,"ix":6},"o":{"a":0,"k":100,"ix":7},"sk":{"a":0,"k":0,"ix":4},"sa":{"a":0,"k":0,"ix":5},"nm":"Transform"}],"nm":"Group 1","np":2,"cix":2,"bm":0,"ix":1,"mn":"ADBE Vector Group","hd":false},{"ty":"gr","it":[{"ty":"gr","it":[{"ind":0,"ty":"sh","ix":1,"ks":{"a":0,"k":{"i":[[0,0],[0,0],[0,0],[0,0]],"o":[[0,0],[0,0],[0,0],[0,0]],"v":[[6.871,2.072],[-6.861,2.105],[-6.871,-2.072],[6.861,-2.105]],"c":true},"ix":2},"nm":"Path 1","mn":"ADBE Vector Shape - Group","hd":false},{"ty":"fl","c":{"a":0,"k":[0.101960785687,0,0.301960796118,1],"ix":4},"o":{"a":0,"k":100,"ix":5},"r":1,"bm":0,"nm":"Fill 1","mn":"ADBE Vector Graphic - Fill","hd":false},{"ty":"tr","p":{"a":0,"k":[151.789,274.354],"ix":2},"a":{"a":0,"k":[0,0],"ix":1},"s":{"a":0,"k":[100,100],"ix":3},"r":{"a":0,"k":0,"ix":6},"o":{"a":0,"k":100,"ix":7},"sk":{"a":0,"k":0,"ix":4},"sa":{"a":0,"k":0,"ix":5},"nm":"Transform"}],"nm":"Group 1","np":2,"cix":2,"bm":0,"ix":1,"mn":"ADBE Vector Group","hd":false},{"ty":"gr","it":[{"ind":0,"ty":"sh","ix":1,"ks":{"a":0,"k":{"i":[[0,0],[0,0],[0,0],[0,0]],"o":[[0,0],[0,0],[0,0],[0,0]],"v":[[6.871,2.072],[-6.861,2.105],[-6.871,-2.072],[6.861,-2.105]],"c":true},"ix":2},"nm":"Path 1","mn":"ADBE Vector Shape - Group","hd":false},{"ty":"fl","c":{"a":0,"k":[0.101960785687,0,0.301960796118,1],"ix":4},"o":{"a":0,"k":100,"ix":5},"r":1,"bm":0,"nm":"Fill 1","mn":"ADBE Vector Graphic - Fill","hd":false},{"ty":"tr","p":{"a":0,"k":[134.6,274.395],"ix":2},"a":{"a":0,"k":[0,0],"ix":1},"s":{"a":0,"k":[100,100],"ix":3},"r":{"a":0,"k":0,"ix":6},"o":{"a":0,"k":100,"ix":7},"sk":{"a":0,"k":0,"ix":4},"sa":{"a":0,"k":0,"ix":5},"nm":"Transform"}],"nm":"Group 2","np":2,"cix":2,"bm":0,"ix":2,"mn":"ADBE Vector Group","hd":false},{"ty":"gr","it":[{"ind":0,"ty":"sh","ix":1,"ks":{"a":0,"k":{"i":[[0,0],[0,0],[0,0],[0,0]],"o":[[0,0],[0,0],[0,0],[0,0]],"v":[[6.871,2.072],[-6.861,2.105],[-6.871,-2.072],[6.861,-2.105]],"c":true},"ix":2},"nm":"Path 1","mn":"ADBE Vector Shape - Group","hd":false},{"ty":"fl","c":{"a":0,"k":[0.101960785687,0,0.301960796118,1],"ix":4},"o":{"a":0,"k":100,"ix":5},"r":1,"bm":0,"nm":"Fill 1","mn":"ADBE Vector Graphic - Fill","hd":false},{"ty":"tr","p":{"a":0,"k":[117.411,274.437],"ix":2},"a":{"a":0,"k":[0,0],"ix":1},"s":{"a":0,"k":[100,100],"ix":3},"r":{"a":0,"k":0,"ix":6},"o":{"a":0,"k":100,"ix":7},"sk":{"a":0,"k":0,"ix":4},"sa":{"a":0,"k":0,"ix":5},"nm":"Transform"}],"nm":"Group 3","np":2,"cix":2,"bm":0,"ix":3,"mn":"ADBE Vector Group","hd":false},{"ty":"gr","it":[{"ind":0,"ty":"sh","ix":1,"ks":{"a":0,"k":{"i":[[0,0],[0,0],[0,0],[0,0]],"o":[[0,0],[0,0],[0,0],[0,0]],"v":[[6.869,1.357],[-6.862,1.39],[-6.869,-1.357],[6.862,-1.39]],"c":true},"ix":2},"nm":"Path 1","mn":"ADBE Vector Shape - Group","hd":false},{"ty":"fl","c":{"a":0,"k":[0.317647069693,0.423529416323,0.866666674614,1],"ix":4},"o":{"a":0,"k":100,"ix":5},"r":1,"bm":0,"nm":"Fill 1","mn":"ADBE Vector Graphic - Fill","hd":false},{"ty":"tr","p":{"a":0,"k":[168.509,263.569],"ix":2},"a":{"a":0,"k":[0,0],"ix":1},"s":{"a":0,"k":[100,100],"ix":3},"r":{"a":0,"k":0,"ix":6},"o":{"a":0,"k":100,"ix":7},"sk":{"a":0,"k":0,"ix":4},"sa":{"a":0,"k":0,"ix":5},"nm":"Transform"}],"nm":"Group 4","np":2,"cix":2,"bm":0,"ix":4,"mn":"ADBE Vector Group","hd":false},{"ty":"gr","it":[{"ind":0,"ty":"sh","ix":1,"ks":{"a":0,"k":{"i":[[0,0],[0,0],[0,0],[0,0]],"o":[[0,0],[0,0],[0,0],[0,0]],"v":[[6.869,1.357],[-6.862,1.39],[-6.869,-1.357],[6.862,-1.39]],"c":true},"ix":2},"nm":"Path 1","mn":"ADBE Vector Shape - Group","hd":false},{"ty":"fl","c":{"a":0,"k":[0.317647069693,0.423529416323,0.866666674614,1],"ix":4},"o":{"a":0,"k":100,"ix":5},"r":1,"bm":0,"nm":"Fill 1","mn":"ADBE Vector Graphic - Fill","hd":false},{"ty":"tr","p":{"a":0,"k":[151.468,263.61],"ix":2},"a":{"a":0,"k":[0,0],"ix":1},"s":{"a":0,"k":[100,100],"ix":3},"r":{"a":0,"k":0,"ix":6},"o":{"a":0,"k":100,"ix":7},"sk":{"a":0,"k":0,"ix":4},"sa":{"a":0,"k":0,"ix":5},"nm":"Transform"}],"nm":"Group 5","np":2,"cix":2,"bm":0,"ix":5,"mn":"ADBE Vector Group","hd":false},{"ty":"gr","it":[{"ind":0,"ty":"sh","ix":1,"ks":{"a":0,"k":{"i":[[0,0],[0,0],[0,0],[0,0]],"o":[[0,0],[0,0],[0,0],[0,0]],"v":[[6.869,1.357],[-6.862,1.39],[-6.869,-1.357],[6.862,-1.39]],"c":true},"ix":2},"nm":"Path 1","mn":"ADBE Vector Shape - Group","hd":false},{"ty":"fl","c":{"a":0,"k":[0.317647069693,0.423529416323,0.866666674614,1],"ix":4},"o":{"a":0,"k":100,"ix":5},"r":1,"bm":0,"nm":"Fill 1","mn":"ADBE Vector Graphic - Fill","hd":false},{"ty":"tr","p":{"a":0,"k":[134.426,263.652],"ix":2},"a":{"a":0,"k":[0,0],"ix":1},"s":{"a":0,"k":[100,100],"ix":3},"r":{"a":0,"k":0,"ix":6},"o":{"a":0,"k":100,"ix":7},"sk":{"a":0,"k":0,"ix":4},"sa":{"a":0,"k":0,"ix":5},"nm":"Transform"}],"nm":"Group 6","np":2,"cix":2,"bm":0,"ix":6,"mn":"ADBE Vector Group","hd":false},{"ty":"gr","it":[{"ind":0,"ty":"sh","ix":1,"ks":{"a":0,"k":{"i":[[0,0],[0,0],[0,0],[0,0]],"o":[[0,0],[0,0],[0,0],[0,0]],"v":[[6.869,1.357],[-6.862,1.39],[-6.869,-1.357],[6.862,-1.39]],"c":true},"ix":2},"nm":"Path 1","mn":"ADBE Vector Shape - Group","hd":false},{"ty":"fl","c":{"a":0,"k":[0.317647069693,0.423529416323,0.866666674614,1],"ix":4},"o":{"a":0,"k":100,"ix":5},"r":1,"bm":0,"nm":"Fill 1","mn":"ADBE Vector Graphic - Fill","hd":false},{"ty":"tr","p":{"a":0,"k":[117.385,263.693],"ix":2},"a":{"a":0,"k":[0,0],"ix":1},"s":{"a":0,"k":[100,100],"ix":3},"r":{"a":0,"k":0,"ix":6},"o":{"a":0,"k":100,"ix":7},"sk":{"a":0,"k":0,"ix":4},"sa":{"a":0,"k":0,"ix":5},"nm":"Transform"}],"nm":"Group 7","np":2,"cix":2,"bm":0,"ix":7,"mn":"ADBE Vector Group","hd":false},{"ty":"gr","it":[{"ind":0,"ty":"sh","ix":1,"ks":{"a":0,"k":{"i":[[-0.009,-3.703],[3.703,-0.009],[0.009,3.703],[-3.703,0.009]],"o":[[0.009,3.703],[-3.703,0.009],[-0.009,-3.703],[3.703,-0.009]],"v":[[6.705,-0.016],[0.016,6.705],[-6.705,0.016],[-0.016,-6.705]],"c":true},"ix":2},"nm":"Path 1","mn":"ADBE Vector Shape - Group","hd":false},{"ty":"fl","c":{"a":0,"k":[0.580392181873,0.662745118141,0.878431379795,1],"ix":4},"o":{"a":0,"k":100,"ix":5},"r":1,"bm":0,"nm":"Fill 1","mn":"ADBE Vector Graphic - Fill","hd":false},{"ty":"tr","p":{"a":0,"k":[168.649,274.175],"ix":2},"a":{"a":0,"k":[0,0],"ix":1},"s":{"a":0,"k":[100,100],"ix":3},"r":{"a":0,"k":0,"ix":6},"o":{"a":0,"k":100,"ix":7},"sk":{"a":0,"k":0,"ix":4},"sa":{"a":0,"k":0,"ix":5},"nm":"Transform"}],"nm":"Group 8","np":2,"cix":2,"bm":0,"ix":8,"mn":"ADBE Vector Group","hd":false},{"ty":"gr","it":[{"ind":0,"ty":"sh","ix":1,"ks":{"a":0,"k":{"i":[[0,0],[0,0],[0,0],[0,0]],"o":[[0,0],[0,0],[0,0],[0,0]],"v":[[-36.209,3.997],[36.228,3.822],[36.209,-3.997],[-36.228,-3.822]],"c":true},"ix":2},"nm":"Path 1","mn":"ADBE Vector Shape - Group","hd":false},{"ty":"fl","c":{"a":0,"k":[0.101960785687,0,0.301960796118,1],"ix":4},"o":{"a":0,"k":100,"ix":5},"r":1,"bm":0,"nm":"Fill 1","mn":"ADBE Vector Graphic - Fill","hd":false},{"ty":"tr","p":{"a":0,"k":[142.925,254.504],"ix":2},"a":{"a":0,"k":[0,0],"ix":1},"s":{"a":0,"k":[100,100],"ix":3},"r":{"a":0,"k":0,"ix":6},"o":{"a":0,"k":100,"ix":7},"sk":{"a":0,"k":0,"ix":4},"sa":{"a":0,"k":0,"ix":5},"nm":"Transform"}],"nm":"Group 9","np":2,"cix":2,"bm":0,"ix":9,"mn":"ADBE Vector Group","hd":false},{"ty":"gr","it":[{"ind":0,"ty":"sh","ix":1,"ks":{"a":0,"k":{"i":[[1.242,-0.003],[0,0],[0.003,1.242],[0,0],[-1.242,0.003],[0,0],[-0.003,-1.242],[0,0]],"o":[[0,0],[-1.242,0.003],[0,0],[-0.003,-1.242],[0,0],[1.242,-0.003],[0,0],[0.003,1.242]],"v":[[34.02,20.529],[-33.92,20.693],[-36.174,18.45],[-36.263,-18.275],[-34.02,-20.529],[33.92,-20.693],[36.174,-18.45],[36.263,18.275]],"c":true},"ix":2},"nm":"Path 1","mn":"ADBE Vector Shape - Group","hd":false},{"ty":"fl","c":{"a":0,"k":[0.317647069693,0.423529416323,0.866666674614,1],"ix":4},"o":{"a":0,"k":100,"ix":5},"r":1,"bm":0,"nm":"Fill 1","mn":"ADBE Vector Graphic - Fill","hd":false},{"ty":"tr","p":{"a":0,"k":[142.952,265.509],"ix":2},"a":{"a":0,"k":[0,0],"ix":1},"s":{"a":0,"k":[100,100],"ix":3},"r":{"a":0,"k":0,"ix":6},"o":{"a":0,"k":100,"ix":7},"sk":{"a":0,"k":0,"ix":4},"sa":{"a":0,"k":0,"ix":5},"nm":"Transform"}],"nm":"Group 10","np":2,"cix":2,"bm":0,"ix":10,"mn":"ADBE Vector Group","hd":false},{"ty":"tr","p":{"a":0,"k":[142.952,265.509],"ix":2},"a":{"a":0,"k":[142.952,265.509],"ix":1},"s":{"a":0,"k":[100,100],"ix":3},"r":{"a":0,"k":0,"ix":6},"o":{"a":0,"k":100,"ix":7},"sk":{"a":0,"k":0,"ix":4},"sa":{"a":0,"k":0,"ix":5},"nm":"Transform"}],"nm":"Group 2","np":10,"cix":2,"bm":0,"ix":2,"mn":"ADBE Vector Group","hd":false},{"ty":"gr","it":[{"ty":"gr","it":[{"ind":0,"ty":"sh","ix":1,"ks":{"a":0,"k":{"i":[[2.769,0],[0,0],[0,2.769],[0,0],[-2.769,0],[0,0],[0,-2.769],[0,0]],"o":[[0,0],[-2.769,0],[0,0],[0,-2.769],[0,0],[2.769,0],[0,0],[0,2.769]],"v":[[45.497,34.114],[-45.497,34.114],[-50.511,29.1],[-50.511,-29.1],[-45.497,-34.114],[45.497,-34.114],[50.511,-29.1],[50.511,29.1]],"c":true},"ix":2},"nm":"Path 1","mn":"ADBE Vector Shape - Group","hd":false},{"ty":"st","c":{"a":0,"k":[0.32549020648,0.392156869173,0.666666686535,1],"ix":3},"o":{"a":0,"k":100,"ix":4},"w":{"a":0,"k":1.046,"ix":5},"lc":1,"lj":1,"ml":10,"bm":0,"nm":"Stroke 1","mn":"ADBE Vector Graphic - Stroke","hd":false},{"ty":"fl","c":{"a":0,"k":[1,1,1,1],"ix":4},"o":{"a":0,"k":100,"ix":5},"r":1,"bm":0,"nm":"Fill 1","mn":"ADBE Vector Graphic - Fill","hd":false},{"ty":"tr","p":{"a":0,"k":[0,0],"ix":2},"a":{"a":0,"k":[0,0],"ix":1},"s":{"a":0,"k":[100,100],"ix":3},"r":{"a":0,"k":0,"ix":6},"o":{"a":0,"k":100,"ix":7},"sk":{"a":0,"k":0,"ix":4},"sa":{"a":0,"k":0,"ix":5},"nm":"Transform"}],"nm":"Group 1","np":3,"cix":2,"bm":0,"ix":1,"mn":"ADBE Vector Group","hd":false},{"ty":"tr","p":{"a":0,"k":[143.4,265.652],"ix":2},"a":{"a":0,"k":[0,0],"ix":1},"s":{"a":0,"k":[100,100],"ix":3},"r":{"a":0,"k":0,"ix":6},"o":{"a":0,"k":100,"ix":7},"sk":{"a":0,"k":0,"ix":4},"sa":{"a":0,"k":0,"ix":5},"nm":"Transform"}],"nm":"Group 3","np":1,"cix":2,"bm":0,"ix":3,"mn":"ADBE Vector Group","hd":false}],"ip":0,"op":300,"st":0,"ct":1,"bm":0},{"ddd":0,"ind":4,"ty":4,"nm":"Bucket","sr":1,"ks":{"o":{"a":0,"k":100,"ix":11},"r":{"a":0,"k":0,"ix":10},"p":{"a":0,"k":[136.533,427.044,0],"ix":2,"l":2},"a":{"a":0,"k":[136.533,427.044,0],"ix":1,"l":2},"s":{"a":0,"k":[100,100,100],"ix":6,"l":2}},"ao":0,"shapes":[{"ty":"gr","it":[{"ind":0,"ty":"sh","ix":1,"ks":{"a":0,"k":{"i":[[-0.875,0],[0,0],[0,0.875],[0,0],[0.875,0],[0,0],[0,-0.875],[0,0]],"o":[[0,0],[0.875,0],[0,0],[0,-0.875],[0,0],[-0.875,0],[0,0],[0,0.875]],"v":[[-20.006,4.506],[20.006,4.506],[21.589,2.922],[21.589,-2.922],[20.006,-4.506],[-20.006,-4.506],[-21.589,-2.922],[-21.589,2.922]],"c":true},"ix":2},"nm":"Path 1","mn":"ADBE Vector Shape - Group","hd":false},{"ty":"fl","c":{"a":0,"k":[0.317647069693,0.423529416323,0.866666674614,1],"ix":4},"o":{"a":0,"k":100,"ix":5},"r":1,"bm":0,"nm":"Fill 1","mn":"ADBE Vector Graphic - Fill","hd":false},{"ty":"tr","p":{"a":0,"k":[136.533,414.281],"ix":2},"a":{"a":0,"k":[0,0],"ix":1},"s":{"a":0,"k":[100,100],"ix":3},"r":{"a":0,"k":0,"ix":6},"o":{"a":0,"k":100,"ix":7},"sk":{"a":0,"k":0,"ix":4},"sa":{"a":0,"k":0,"ix":5},"nm":"Transform"}],"nm":"Group 1","np":2,"cix":2,"bm":0,"ix":1,"mn":"ADBE Vector Group","hd":false},{"ty":"gr","it":[{"ind":0,"ty":"sh","ix":1,"ks":{"a":0,"k":{"i":[[0,0],[0,0],[0,0],[0,0]],"o":[[0,0],[0,0],[0,0],[0,0]],"v":[[-15.04,16.226],[15.04,16.226],[20.085,-16.226],[-20.085,-16.226]],"c":true},"ix":2},"nm":"Path 1","mn":"ADBE Vector Shape - Group","hd":false},{"ty":"fl","c":{"a":0,"k":[0.317647069693,0.423529416323,0.866666674614,1],"ix":4},"o":{"a":0,"k":100,"ix":5},"r":1,"bm":0,"nm":"Fill 1","mn":"ADBE Vector Graphic - Fill","hd":false},{"ty":"tr","p":{"a":0,"k":[136.533,428.088],"ix":2},"a":{"a":0,"k":[0,0],"ix":1},"s":{"a":0,"k":[100,100],"ix":3},"r":{"a":0,"k":0,"ix":6},"o":{"a":0,"k":100,"ix":7},"sk":{"a":0,"k":0,"ix":4},"sa":{"a":0,"k":0,"ix":5},"nm":"Transform"}],"nm":"Group 2","np":2,"cix":2,"bm":0,"ix":2,"mn":"ADBE Vector Group","hd":false}],"ip":0,"op":300,"st":0,"ct":1,"bm":0},{"ddd":0,"ind":5,"ty":4,"nm":"Leaf 4","parent":4,"sr":1,"ks":{"o":{"a":0,"k":100,"ix":11},"r":{"a":1,"k":[{"i":{"x":[0.667],"y":[1]},"o":{"x":[0.333],"y":[0]},"t":0,"s":[0]},{"i":{"x":[0.667],"y":[1]},"o":{"x":[0.333],"y":[0]},"t":120,"s":[-10]},{"i":{"x":[0.667],"y":[1]},"o":{"x":[0.333],"y":[0]},"t":240,"s":[0]},{"i":{"x":[0.667],"y":[1]},"o":{"x":[0.333],"y":[0]},"t":360,"s":[-10]},{"t":480,"s":[0]}],"ix":10},"p":{"a":0,"k":[135.447,423.597,0],"ix":2,"l":2},"a":{"a":0,"k":[135.447,423.597,0],"ix":1,"l":2},"s":{"a":0,"k":[100,100,100],"ix":6,"l":2}},"ao":0,"shapes":[{"ty":"gr","it":[{"ind":0,"ty":"sh","ix":1,"ks":{"a":0,"k":{"i":[[0,0],[11.783,14.683]],"o":[[0,0],[0,0]],"v":[[10.567,18.957],[-10.567,-18.957]],"c":false},"ix":2},"nm":"Path 1","mn":"ADBE Vector Shape - Group","hd":false},{"ty":"st","c":{"a":0,"k":[0.101960785687,0,0.301960796118,1],"ix":3},"o":{"a":0,"k":100,"ix":4},"w":{"a":0,"k":0.388,"ix":5},"lc":1,"lj":1,"ml":10,"bm":0,"nm":"Stroke 1","mn":"ADBE Vector Graphic - Stroke","hd":false},{"ty":"tr","p":{"a":0,"k":[124.879,404.64],"ix":2},"a":{"a":0,"k":[0,0],"ix":1},"s":{"a":0,"k":[100,100],"ix":3},"r":{"a":0,"k":0,"ix":6},"o":{"a":0,"k":100,"ix":7},"sk":{"a":0,"k":0,"ix":4},"sa":{"a":0,"k":0,"ix":5},"nm":"Transform"}],"nm":"Group 1","np":2,"cix":2,"bm":0,"ix":1,"mn":"ADBE Vector Group","hd":false},{"ty":"gr","it":[{"ind":0,"ty":"sh","ix":1,"ks":{"a":0,"k":{"i":[[-1.306,0.024],[-0.048,0.405],[1.663,3.217],[2.587,1.996],[2.661,-0.268],[0.588,-1.664],[-0.311,-1.527],[-2.826,-3.677],[-3.331,-0.381]],"o":[[0.53,-0.01],[0.441,-3.737],[-1.604,-3.104],[-2.167,-1.672],[-1.493,0.151],[-0.521,1.474],[0.997,4.892],[2.142,2.787],[1.304,0.149]],"v":[[8.674,13.067],[9.842,8.509],[7.875,-2.214],[1.352,-10.195],[-6.195,-13.11],[-9.584,-10.377],[-9.724,-5.617],[-3.352,7.084],[4.747,13.07]],"c":true},"ix":2},"nm":"Path 1","mn":"ADBE Vector Shape - Group","hd":false},{"ty":"fl","c":{"a":0,"k":[0.364705882353,0.827450980392,0.619607843137,1],"ix":4},"o":{"a":0,"k":100,"ix":5},"r":1,"bm":0,"nm":"Fill 1","mn":"ADBE Vector Graphic - Fill","hd":false},{"ty":"tr","p":{"a":0,"k":[113.47,384.268],"ix":2},"a":{"a":0,"k":[0,0],"ix":1},"s":{"a":0,"k":[100,100],"ix":3},"r":{"a":0,"k":0,"ix":6},"o":{"a":0,"k":100,"ix":7},"sk":{"a":0,"k":0,"ix":4},"sa":{"a":0,"k":0,"ix":5},"nm":"Transform"}],"nm":"Group 2","np":2,"cix":2,"bm":0,"ix":2,"mn":"ADBE Vector Group","hd":false}],"ip":0,"op":300,"st":0,"ct":1,"bm":0},{"ddd":0,"ind":6,"ty":4,"nm":"Leaf 3","parent":4,"sr":1,"ks":{"o":{"a":0,"k":100,"ix":11},"r":{"a":1,"k":[{"i":{"x":[0.667],"y":[1]},"o":{"x":[0.333],"y":[0]},"t":-20,"s":[0]},{"i":{"x":[0.667],"y":[1]},"o":{"x":[0.333],"y":[0]},"t":100,"s":[-10]},{"i":{"x":[0.667],"y":[1]},"o":{"x":[0.333],"y":[0]},"t":220,"s":[0]},{"i":{"x":[0.667],"y":[1]},"o":{"x":[0.333],"y":[0]},"t":340,"s":[-10]},{"t":460,"s":[0]}],"ix":10},"p":{"a":0,"k":[138.065,422.939,0],"ix":2,"l":2},"a":{"a":0,"k":[138.065,422.939,0],"ix":1,"l":2},"s":{"a":0,"k":[100,100,100],"ix":6,"l":2}},"ao":0,"shapes":[{"ty":"gr","it":[{"ind":0,"ty":"sh","ix":1,"ks":{"a":0,"k":{"i":[[0,0],[-10.287,9.643]],"o":[[0.374,-0.877],[0,0]],"v":[[-7.388,13.259],[7.388,-13.259]],"c":false},"ix":2},"nm":"Path 1","mn":"ADBE Vector Shape - Group","hd":false},{"ty":"st","c":{"a":0,"k":[0.101960785687,0,0.301960796118,1],"ix":3},"o":{"a":0,"k":100,"ix":4},"w":{"a":0,"k":0.388,"ix":5},"lc":1,"lj":1,"ml":10,"bm":0,"nm":"Stroke 1","mn":"ADBE Vector Graphic - Stroke","hd":false},{"ty":"tr","p":{"a":0,"k":[145.453,409.681],"ix":2},"a":{"a":0,"k":[0,0],"ix":1},"s":{"a":0,"k":[100,100],"ix":3},"r":{"a":0,"k":0,"ix":6},"o":{"a":0,"k":100,"ix":7},"sk":{"a":0,"k":0,"ix":4},"sa":{"a":0,"k":0,"ix":5},"nm":"Transform"}],"nm":"Group 1","np":2,"cix":2,"bm":0,"ix":1,"mn":"ADBE Vector Group","hd":false},{"ty":"gr","it":[{"ind":0,"ty":"sh","ix":1,"ks":{"a":0,"k":{"i":[[1.267,0.372],[-0.032,0.407],[-2.243,2.69],[-2.906,1.255],[-2.539,-0.97],[-0.249,-1.777],[0.6,-1.404],[3.466,-2.828],[3.317,0.516]],"o":[[-0.514,-0.151],[0.296,-3.756],[2.164,-2.595],[2.434,-1.051],[1.425,0.545],[0.221,1.574],[-1.921,4.498],[-2.627,2.143],[-1.299,-0.202]],"v":[[-11.03,10.424],[-11.283,5.675],[-7.286,-4.243],[0.615,-10.277],[8.531,-11.104],[11.3,-7.54],[10.512,-2.867],[1.842,7.803],[-7.206,11.474]],"c":true},"ix":2},"nm":"Path 1","mn":"ADBE Vector Shape - Group","hd":false},{"ty":"fl","c":{"a":0,"k":[0.364705882353,0.827450980392,0.619607843137,1],"ix":4},"o":{"a":0,"k":100,"ix":5},"r":1,"bm":0,"nm":"Fill 1","mn":"ADBE Vector Graphic - Fill","hd":false},{"ty":"tr","p":{"a":0,"k":[156.078,395.641],"ix":2},"a":{"a":0,"k":[0,0],"ix":1},"s":{"a":0,"k":[100,100],"ix":3},"r":{"a":0,"k":0,"ix":6},"o":{"a":0,"k":100,"ix":7},"sk":{"a":0,"k":0,"ix":4},"sa":{"a":0,"k":0,"ix":5},"nm":"Transform"}],"nm":"Group 2","np":2,"cix":2,"bm":0,"ix":2,"mn":"ADBE Vector Group","hd":false}],"ip":0,"op":300,"st":0,"ct":1,"bm":0},{"ddd":0,"ind":7,"ty":4,"nm":"Leaf 2","parent":4,"sr":1,"ks":{"o":{"a":0,"k":100,"ix":11},"r":{"a":1,"k":[{"i":{"x":[0.667],"y":[1]},"o":{"x":[0.333],"y":[0]},"t":-40,"s":[0]},{"i":{"x":[0.667],"y":[1]},"o":{"x":[0.333],"y":[0]},"t":80,"s":[-10]},{"i":{"x":[0.667],"y":[1]},"o":{"x":[0.333],"y":[0]},"t":200,"s":[0]},{"i":{"x":[0.667],"y":[1]},"o":{"x":[0.333],"y":[0]},"t":320,"s":[-10]},{"t":440,"s":[0]}],"ix":10},"p":{"a":0,"k":[136.289,424.583,0],"ix":2,"l":2},"a":{"a":0,"k":[136.289,424.583,0],"ix":1,"l":2},"s":{"a":0,"k":[100,100,100],"ix":6,"l":2}},"ao":0,"shapes":[{"ty":"gr","it":[{"ind":0,"ty":"sh","ix":1,"ks":{"a":0,"k":{"i":[[0,0],[8.109,24.472]],"o":[[0,0],[0,0]],"v":[[4.879,29.604],[-4.879,-29.604]],"c":false},"ix":2},"nm":"Path 1","mn":"ADBE Vector Shape - Group","hd":false},{"ty":"st","c":{"a":0,"k":[0.101960785687,0,0.301960796118,1],"ix":3},"o":{"a":0,"k":100,"ix":4},"w":{"a":0,"k":0.388,"ix":5},"lc":1,"lj":1,"ml":10,"bm":0,"nm":"Stroke 1","mn":"ADBE Vector Graphic - Stroke","hd":false},{"ty":"tr","p":{"a":0,"k":[131.41,394.979],"ix":2},"a":{"a":0,"k":[0,0],"ix":1},"s":{"a":0,"k":[100,100],"ix":3},"r":{"a":0,"k":0,"ix":6},"o":{"a":0,"k":100,"ix":7},"sk":{"a":0,"k":0,"ix":4},"sa":{"a":0,"k":0,"ix":5},"nm":"Transform"}],"nm":"Group 1","np":2,"cix":2,"bm":0,"ix":1,"mn":"ADBE Vector Group","hd":false},{"ty":"gr","it":[{"ind":0,"ty":"sh","ix":1,"ks":{"a":0,"k":{"i":[[-1.22,-0.548],[-0.173,0.355],[0.52,3.711],[1.766,2.982],[2.555,0.912],[1.075,-1.288],[0.197,-1.553],[-1.454,-4.646],[-2.97,-1.807]],"o":[[0.495,0.222],[1.597,-3.276],[-0.502,-3.581],[-1.479,-2.497],[-1.434,-0.512],[-0.952,1.141],[-0.63,4.976],[1.102,3.521],[1.163,0.708]],"v":[[3.504,15.507],[6.037,11.787],[7.62,0.977],[4.104,-9.277],[-1.974,-15.276],[-5.988,-14.219],[-7.631,-9.862],[-5.755,4.706],[-0.141,13.796]],"c":true},"ix":2},"nm":"Path 1","mn":"ADBE Vector Shape - Group","hd":false},{"ty":"fl","c":{"a":0,"k":[0.364705882353,0.827450980392,0.619607843137,1],"ix":4},"o":{"a":0,"k":100,"ix":5},"r":1,"bm":0,"nm":"Fill 1","mn":"ADBE Vector Graphic - Fill","hd":false},{"ty":"tr","p":{"a":0,"k":[127.505,367.159],"ix":2},"a":{"a":0,"k":[0,0],"ix":1},"s":{"a":0,"k":[100,100],"ix":3},"r":{"a":0,"k":0,"ix":6},"o":{"a":0,"k":100,"ix":7},"sk":{"a":0,"k":0,"ix":4},"sa":{"a":0,"k":0,"ix":5},"nm":"Transform"}],"nm":"Group 2","np":2,"cix":2,"bm":0,"ix":2,"mn":"ADBE Vector Group","hd":false}],"ip":0,"op":300,"st":0,"ct":1,"bm":0},{"ddd":0,"ind":8,"ty":4,"nm":"Leaf","parent":4,"sr":1,"ks":{"o":{"a":0,"k":100,"ix":11},"r":{"a":1,"k":[{"i":{"x":[0.667],"y":[1]},"o":{"x":[0.333],"y":[0]},"t":-60,"s":[0]},{"i":{"x":[0.667],"y":[1]},"o":{"x":[0.333],"y":[0]},"t":60,"s":[-10]},{"i":{"x":[0.667],"y":[1]},"o":{"x":[0.333],"y":[0]},"t":180,"s":[0]},{"i":{"x":[0.667],"y":[1]},"o":{"x":[0.333],"y":[0]},"t":300,"s":[-10]},{"t":420,"s":[0]}],"ix":10},"p":{"a":0,"k":[136.291,422.72,0],"ix":2,"l":2},"a":{"a":0,"k":[136.291,422.72,0],"ix":1,"l":2},"s":{"a":0,"k":[100,100,100],"ix":6,"l":2}},"ao":0,"shapes":[{"ty":"gr","it":[{"ind":0,"ty":"sh","ix":1,"ks":{"a":0,"k":{"i":[[0,0],[-7.297,21.448]],"o":[[0.698,-11.08],[0,0]],"v":[[-5.542,33.238],[5.542,-33.238]],"c":false},"ix":2},"nm":"Path 1","mn":"ADBE Vector Shape - Group","hd":false},{"ty":"st","c":{"a":0,"k":[0.101960785687,0,0.301960796118,1],"ix":3},"o":{"a":0,"k":100,"ix":4},"w":{"a":0,"k":0.388,"ix":5},"lc":1,"lj":1,"ml":10,"bm":0,"nm":"Stroke 1","mn":"ADBE Vector Graphic - Stroke","hd":false},{"ty":"tr","p":{"a":0,"k":[142.392,389.482],"ix":2},"a":{"a":0,"k":[0,0],"ix":1},"s":{"a":0,"k":[100,100],"ix":3},"r":{"a":0,"k":0,"ix":6},"o":{"a":0,"k":100,"ix":7},"sk":{"a":0,"k":0,"ix":4},"sa":{"a":0,"k":0,"ix":5},"nm":"Transform"}],"nm":"Group 1","np":2,"cix":2,"bm":0,"ix":1,"mn":"ADBE Vector Group","hd":false},{"ty":"gr","it":[{"ind":0,"ty":"sh","ix":1,"ks":{"a":0,"k":{"i":[[1.784,-0.656],[0.234,0.54],[-0.913,5.37],[-2.678,4.154],[-3.725,1.032],[-1.493,-2.013],[-0.215,-2.297],[2.301,-6.627],[4.363,-2.292]],"o":[[-0.723,0.266],[-2.159,-4.984],[0.881,-5.181],[2.243,-3.479],[2.091,-0.579],[1.323,1.783],[0.69,7.357],[-1.744,5.022],[-1.708,0.897]],"v":[[-5.804,22.302],[-9.294,16.556],[-11.103,0.547],[-5.581,-14.042],[3.45,-22.1],[9.192,-20.076],[11.371,-13.504],[8.025,7.594],[-0.471,20.231]],"c":true},"ix":2},"nm":"Path 1","mn":"ADBE Vector Shape - Group","hd":false},{"ty":"fl","c":{"a":0,"k":[0.364705882353,0.827450980392,0.619607843137,1],"ix":4},"o":{"a":0,"k":100,"ix":5},"r":1,"bm":0,"nm":"Fill 1","mn":"ADBE Vector Graphic - Fill","hd":false},{"ty":"tr","p":{"a":0,"k":[147.815,359.038],"ix":2},"a":{"a":0,"k":[0,0],"ix":1},"s":{"a":0,"k":[100,100],"ix":3},"r":{"a":0,"k":0,"ix":6},"o":{"a":0,"k":100,"ix":7},"sk":{"a":0,"k":0,"ix":4},"sa":{"a":0,"k":0,"ix":5},"nm":"Transform"}],"nm":"Group 2","np":2,"cix":2,"bm":0,"ix":2,"mn":"ADBE Vector Group","hd":false}],"ip":0,"op":300,"st":0,"ct":1,"bm":0},{"ddd":0,"ind":9,"ty":5,"nm":"DONE","parent":17,"sr":1,"ks":{"o":{"a":0,"k":100,"ix":11},"r":{"a":0,"k":0,"ix":10},"p":{"a":0,"k":[245.648,367.463,0],"ix":2,"l":2},"a":{"a":0,"k":[0.082,-4.427,0],"ix":1,"l":2},"s":{"a":0,"k":[100,100,100],"ix":6,"l":2}},"ao":0,"t":{"d":{"k":[{"s":{"s":12.5574798583984,"f":"Poppins-Bold","t":"DONE","ca":0,"j":2,"tr":0,"lh":15.06898021698,"ls":0,"fc":[1,1,1]},"t":0}]},"p":{},"m":{"g":1,"a":{"a":0,"k":[0,0],"ix":2}},"a":[]},"ip":0,"op":300,"st":0,"ct":1,"bm":0},{"ddd":0,"ind":10,"ty":4,"nm":"Done Button","parent":17,"sr":1,"ks":{"o":{"a":0,"k":100,"ix":11},"r":{"a":0,"k":0,"ix":10},"p":{"a":0,"k":[245.566,368.308,0],"ix":2,"l":2},"a":{"a":0,"k":[245.566,368.048,0],"ix":1,"l":2},"s":{"a":0,"k":[100,100,100],"ix":6,"l":2}},"ao":0,"shapes":[{"ty":"gr","it":[{"ind":0,"ty":"sh","ix":1,"ks":{"a":0,"k":{"i":[[2.859,0],[0,0],[0,2.859],[0,0],[-2.859,0],[0,0],[0,-2.859],[0,0]],"o":[[0,0],[-2.859,0],[0,0],[0,-2.859],[0,0],[2.859,0],[0,0],[0,2.859]],"v":[[27.916,10.932],[-27.916,10.932],[-33.093,5.755],[-33.093,-5.755],[-27.916,-10.932],[27.916,-10.932],[33.093,-5.755],[33.093,5.755]],"c":true},"ix":2},"nm":"Path 1","mn":"ADBE Vector Shape - Group","hd":false},{"ty":"fl","c":{"a":0,"k":[0.364705882353,0.827450980392,0.619607843137,1],"ix":4},"o":{"a":0,"k":100,"ix":5},"r":1,"bm":0,"nm":"Fill 1","mn":"ADBE Vector Graphic - Fill","hd":false},{"ty":"tr","p":{"a":0,"k":[245.566,368.048],"ix":2},"a":{"a":0,"k":[0,0],"ix":1},"s":{"a":0,"k":[100,100],"ix":3},"r":{"a":0,"k":0,"ix":6},"o":{"a":0,"k":100,"ix":7},"sk":{"a":0,"k":0,"ix":4},"sa":{"a":0,"k":0,"ix":5},"nm":"Transform"}],"nm":"Group 1","np":2,"cix":2,"bm":0,"ix":1,"mn":"ADBE Vector Group","hd":false}],"ip":0,"op":300,"st":0,"ct":1,"bm":0},{"ddd":0,"ind":11,"ty":5,"nm":"Thank You . .","parent":17,"sr":1,"ks":{"o":{"a":0,"k":100,"ix":11},"r":{"a":0,"k":0,"ix":10},"p":{"a":0,"k":[213.074,291.243,0],"ix":2,"l":2},"a":{"a":0,"k":[0,0,0],"ix":1,"l":2},"s":{"a":0,"k":[100,100,100],"ix":6,"l":2}},"ao":0,"t":{"d":{"k":[{"s":{"s":10.1665802001953,"f":"Poppins-Regular","t":"Thank You . .","ca":0,"j":0,"tr":0,"lh":12.1998996734619,"ls":0,"fc":[0.102,0,0.302]},"t":0}]},"p":{},"m":{"g":1,"a":{"a":0,"k":[0,0],"ix":2}},"a":[]},"ip":0,"op":300,"st":0,"ct":1,"bm":0},{"ddd":0,"ind":12,"ty":5,"nm":"Your Order Is Confirmed","parent":17,"sr":1,"ks":{"o":{"a":0,"k":100,"ix":11},"r":{"a":0,"k":0,"ix":10},"p":{"a":0,"k":[244.068,317.336,0],"ix":2,"l":2},"a":{"a":0,"k":[0,0,0],"ix":1,"l":2},"s":{"a":0,"k":[100,100,100],"ix":6,"l":2}},"ao":0,"t":{"d":{"k":[{"s":{"s":17.4186191558838,"f":"Poppins-Bold","t":"Your Order\rIs Confirmed","ca":0,"j":2,"tr":0,"lh":20.9023399353027,"ls":0,"fc":[0.102,0,0.302]},"t":0}]},"p":{},"m":{"g":1,"a":{"a":0,"k":[0,0],"ix":2}},"a":[]},"ip":0,"op":300,"st":0,"ct":1,"bm":0},{"ddd":0,"ind":13,"ty":4,"nm":"Check mark 5","parent":17,"sr":1,"ks":{"o":{"a":0,"k":100,"ix":11},"r":{"a":0,"k":0,"ix":10},"p":{"a":0,"k":[244.067,220.215,0],"ix":2,"l":2},"a":{"a":0,"k":[244.067,220.215,0],"ix":1,"l":2},"s":{"a":1,"k":[{"i":{"x":[0,0,0],"y":[1,1,1]},"o":{"x":[0.167,0.167,0.167],"y":[0,0,0]},"t":162,"s":[80,80,100]},{"t":202,"s":[100,100,100]}],"ix":6,"l":2}},"ao":0,"shapes":[{"ty":"gr","it":[{"ty":"gr","it":[{"ind":0,"ty":"sh","ix":1,"ks":{"a":0,"k":{"i":[[0,0],[0,0],[0,0]],"o":[[0,0],[0,0],[0,0]],"v":[[-12.196,0.088],[-5.624,8.096],[12.196,-8.096]],"c":false},"ix":2},"nm":"Path 1","mn":"ADBE Vector Shape - Group","hd":false},{"ty":"tm","s":{"a":0,"k":0,"ix":1},"e":{"a":1,"k":[{"i":{"x":[0],"y":[1]},"o":{"x":[0.333],"y":[0]},"t":162,"s":[0]},{"t":202,"s":[100]}],"ix":2},"o":{"a":0,"k":0,"ix":3},"m":1,"ix":2,"nm":"Trim Paths 1","mn":"ADBE Vector Filter - Trim","hd":false},{"ty":"st","c":{"a":0,"k":[1,1,1,1],"ix":3},"o":{"a":0,"k":100,"ix":4},"w":{"a":0,"k":3.579,"ix":5},"lc":2,"lj":2,"bm":0,"nm":"Stroke 1","mn":"ADBE Vector Graphic - Stroke","hd":false},{"ty":"tr","p":{"a":0,"k":[245.025,219.129],"ix":2},"a":{"a":0,"k":[0,0],"ix":1},"s":{"a":0,"k":[100,100],"ix":3},"r":{"a":0,"k":0,"ix":6},"o":{"a":0,"k":100,"ix":7},"sk":{"a":0,"k":0,"ix":4},"sa":{"a":0,"k":0,"ix":5},"nm":"Transform"}],"nm":"Group 1","np":3,"cix":2,"bm":0,"ix":1,"mn":"ADBE Vector Group","hd":false},{"ty":"gr","it":[{"ind":0,"ty":"sh","ix":1,"ks":{"a":0,"k":{"i":[[-3.184,-12.436],[12.436,-3.184],[3.184,12.436],[-12.436,3.184]],"o":[[3.184,12.436],[-12.436,3.184],[-3.184,-12.436],[12.436,-3.184]],"v":[[22.517,-5.765],[5.765,22.517],[-22.517,5.765],[-5.765,-22.517]],"c":true},"ix":2},"nm":"Path 1","mn":"ADBE Vector Shape - Group","hd":false},{"ty":"st","c":{"a":0,"k":[1,1,1,1],"ix":3},"o":{"a":0,"k":100,"ix":4},"w":{"a":0,"k":3.579,"ix":5},"lc":1,"lj":1,"ml":10,"bm":0,"nm":"Stroke 1","mn":"ADBE Vector Graphic - Stroke","hd":false},{"ty":"tr","p":{"a":0,"k":[244.067,220.215],"ix":2},"a":{"a":0,"k":[0,0],"ix":1},"s":{"a":0,"k":[100,100],"ix":3},"r":{"a":0,"k":0,"ix":6},"o":{"a":0,"k":100,"ix":7},"sk":{"a":0,"k":0,"ix":4},"sa":{"a":0,"k":0,"ix":5},"nm":"Transform"}],"nm":"Group 2","np":2,"cix":2,"bm":0,"ix":2,"mn":"ADBE Vector Group","hd":false},{"ty":"tr","p":{"a":0,"k":[244.067,220.215],"ix":2},"a":{"a":0,"k":[244.067,220.215],"ix":1},"s":{"a":0,"k":[100,100],"ix":3},"r":{"a":0,"k":0,"ix":6},"o":{"a":0,"k":100,"ix":7},"sk":{"a":0,"k":0,"ix":4},"sa":{"a":0,"k":0,"ix":5},"nm":"Transform"}],"nm":"Group 1","np":2,"cix":2,"bm":0,"ix":1,"mn":"ADBE Vector Group","hd":false},{"ty":"gr","it":[{"ind":0,"ty":"sh","ix":1,"ks":{"a":0,"k":{"i":[[-0.857,-3.349],[0.035,-3.3],[0.903,-3.212],[1.714,-2.893],[2.418,-2.369],[2.977,-1.672],[3.349,-0.857],[3.3,0.035],[3.212,0.903],[2.893,1.714],[2.369,2.418],[1.672,2.977],[0.857,3.349],[-0.035,3.3],[-0.903,3.212],[-1.714,2.893],[-2.418,2.369],[-2.977,1.672],[-3.349,0.857],[-3.3,-0.035],[-3.212,-0.903],[-2.893,-1.714],[-2.369,-2.418],[-1.672,-2.977]],"o":[[0.857,3.349],[-0.036,3.414],[-0.915,3.258],[-1.714,2.893],[-2.383,2.335],[-2.877,1.616],[-3.349,0.857],[-3.414,-0.036],[-3.258,-0.915],[-2.893,-1.714],[-2.335,-2.383],[-1.616,-2.877],[-0.857,-3.349],[0.036,-3.414],[0.915,-3.258],[1.714,-2.893],[2.383,-2.335],[2.877,-1.616],[3.349,-0.857],[3.414,0.036],[3.258,0.915],[2.893,1.714],[2.335,2.383],[1.616,2.877]],"v":[[40.443,-10.354],[35.476,0.399],[40.207,11.259],[30.517,18.077],[29.194,29.851],[17.397,30.92],[10.354,40.443],[-0.399,35.476],[-11.259,40.207],[-18.077,30.517],[-29.851,29.194],[-30.92,17.397],[-40.443,10.354],[-35.476,-0.399],[-40.207,-11.259],[-30.517,-18.077],[-29.194,-29.851],[-17.397,-30.92],[-10.354,-40.443],[0.399,-35.476],[11.259,-40.207],[18.077,-30.517],[29.851,-29.194],[30.92,-17.397]],"c":true},"ix":2},"nm":"Path 1","mn":"ADBE Vector Shape - Group","hd":false},{"ty":"fl","c":{"a":0,"k":[0.364705882353,0.827450980392,0.619607843137,1],"ix":4},"o":{"a":0,"k":100,"ix":5},"r":1,"bm":0,"nm":"Fill 1","mn":"ADBE Vector Graphic - Fill","hd":false},{"ty":"tr","p":{"a":0,"k":[244.067,220.215],"ix":2},"a":{"a":0,"k":[0,0],"ix":1},"s":{"a":0,"k":[100,100],"ix":3},"r":{"a":1,"k":[{"i":{"x":[0],"y":[1]},"o":{"x":[0.167],"y":[0]},"t":162,"s":[-30]},{"t":202,"s":[0]}],"ix":6},"o":{"a":0,"k":100,"ix":7},"sk":{"a":0,"k":0,"ix":4},"sa":{"a":0,"k":0,"ix":5},"nm":"Transform"}],"nm":"Group 2","np":2,"cix":2,"bm":0,"ix":2,"mn":"ADBE Vector Group","hd":false}],"ip":162,"op":244,"st":202,"ct":1,"bm":0},{"ddd":0,"ind":14,"ty":4,"nm":"Check mark 4","parent":17,"sr":1,"ks":{"o":{"a":0,"k":100,"ix":11},"r":{"a":0,"k":0,"ix":10},"p":{"a":0,"k":[244.067,220.215,0],"ix":2,"l":2},"a":{"a":0,"k":[244.067,220.215,0],"ix":1,"l":2},"s":{"a":1,"k":[{"i":{"x":[0,0,0],"y":[1,1,1]},"o":{"x":[0.333,0.333,0.333],"y":[0,0,0]},"t":122,"s":[100,100,100]},{"t":162,"s":[80,80,100]}],"ix":6,"l":2}},"ao":0,"shapes":[{"ty":"gr","it":[{"ty":"gr","it":[{"ind":0,"ty":"sh","ix":1,"ks":{"a":0,"k":{"i":[[0,0],[0,0],[0,0]],"o":[[0,0],[0,0],[0,0]],"v":[[-12.196,0.088],[-5.624,8.096],[12.196,-8.096]],"c":false},"ix":2},"nm":"Path 1","mn":"ADBE Vector Shape - Group","hd":false},{"ty":"tm","s":{"a":1,"k":[{"i":{"x":[0],"y":[1]},"o":{"x":[0.333],"y":[0]},"t":122,"s":[0]},{"t":162,"s":[100]}],"ix":1},"e":{"a":0,"k":100,"ix":2},"o":{"a":0,"k":0,"ix":3},"m":1,"ix":2,"nm":"Trim Paths 1","mn":"ADBE Vector Filter - Trim","hd":false},{"ty":"st","c":{"a":0,"k":[1,1,1,1],"ix":3},"o":{"a":0,"k":100,"ix":4},"w":{"a":0,"k":3.579,"ix":5},"lc":2,"lj":2,"bm":0,"nm":"Stroke 1","mn":"ADBE Vector Graphic - Stroke","hd":false},{"ty":"tr","p":{"a":0,"k":[245.025,219.129],"ix":2},"a":{"a":0,"k":[0,0],"ix":1},"s":{"a":0,"k":[100,100],"ix":3},"r":{"a":0,"k":0,"ix":6},"o":{"a":0,"k":100,"ix":7},"sk":{"a":0,"k":0,"ix":4},"sa":{"a":0,"k":0,"ix":5},"nm":"Transform"}],"nm":"Group 1","np":3,"cix":2,"bm":0,"ix":1,"mn":"ADBE Vector Group","hd":false},{"ty":"gr","it":[{"ind":0,"ty":"sh","ix":1,"ks":{"a":0,"k":{"i":[[-3.184,-12.436],[12.436,-3.184],[3.184,12.436],[-12.436,3.184]],"o":[[3.184,12.436],[-12.436,3.184],[-3.184,-12.436],[12.436,-3.184]],"v":[[22.517,-5.765],[5.765,22.517],[-22.517,5.765],[-5.765,-22.517]],"c":true},"ix":2},"nm":"Path 1","mn":"ADBE Vector Shape - Group","hd":false},{"ty":"st","c":{"a":0,"k":[1,1,1,1],"ix":3},"o":{"a":0,"k":100,"ix":4},"w":{"a":0,"k":3.579,"ix":5},"lc":1,"lj":1,"ml":10,"bm":0,"nm":"Stroke 1","mn":"ADBE Vector Graphic - Stroke","hd":false},{"ty":"tr","p":{"a":0,"k":[244.067,220.215],"ix":2},"a":{"a":0,"k":[0,0],"ix":1},"s":{"a":0,"k":[100,100],"ix":3},"r":{"a":0,"k":0,"ix":6},"o":{"a":0,"k":100,"ix":7},"sk":{"a":0,"k":0,"ix":4},"sa":{"a":0,"k":0,"ix":5},"nm":"Transform"}],"nm":"Group 2","np":2,"cix":2,"bm":0,"ix":2,"mn":"ADBE Vector Group","hd":false},{"ty":"tr","p":{"a":0,"k":[244.067,220.215],"ix":2},"a":{"a":0,"k":[244.067,220.215],"ix":1},"s":{"a":0,"k":[100,100],"ix":3},"r":{"a":0,"k":0,"ix":6},"o":{"a":0,"k":100,"ix":7},"sk":{"a":0,"k":0,"ix":4},"sa":{"a":0,"k":0,"ix":5},"nm":"Transform"}],"nm":"Group 1","np":2,"cix":2,"bm":0,"ix":1,"mn":"ADBE Vector Group","hd":false},{"ty":"gr","it":[{"ind":0,"ty":"sh","ix":1,"ks":{"a":0,"k":{"i":[[-0.857,-3.349],[0.035,-3.3],[0.903,-3.212],[1.714,-2.893],[2.418,-2.369],[2.977,-1.672],[3.349,-0.857],[3.3,0.035],[3.212,0.903],[2.893,1.714],[2.369,2.418],[1.672,2.977],[0.857,3.349],[-0.035,3.3],[-0.903,3.212],[-1.714,2.893],[-2.418,2.369],[-2.977,1.672],[-3.349,0.857],[-3.3,-0.035],[-3.212,-0.903],[-2.893,-1.714],[-2.369,-2.418],[-1.672,-2.977]],"o":[[0.857,3.349],[-0.036,3.414],[-0.915,3.258],[-1.714,2.893],[-2.383,2.335],[-2.877,1.616],[-3.349,0.857],[-3.414,-0.036],[-3.258,-0.915],[-2.893,-1.714],[-2.335,-2.383],[-1.616,-2.877],[-0.857,-3.349],[0.036,-3.414],[0.915,-3.258],[1.714,-2.893],[2.383,-2.335],[2.877,-1.616],[3.349,-0.857],[3.414,0.036],[3.258,0.915],[2.893,1.714],[2.335,2.383],[1.616,2.877]],"v":[[40.443,-10.354],[35.476,0.399],[40.207,11.259],[30.517,18.077],[29.194,29.851],[17.397,30.92],[10.354,40.443],[-0.399,35.476],[-11.259,40.207],[-18.077,30.517],[-29.851,29.194],[-30.92,17.397],[-40.443,10.354],[-35.476,-0.399],[-40.207,-11.259],[-30.517,-18.077],[-29.194,-29.851],[-17.397,-30.92],[-10.354,-40.443],[0.399,-35.476],[11.259,-40.207],[18.077,-30.517],[29.851,-29.194],[30.92,-17.397]],"c":true},"ix":2},"nm":"Path 1","mn":"ADBE Vector Shape - Group","hd":false},{"ty":"fl","c":{"a":0,"k":[0.364705882353,0.827450980392,0.619607843137,1],"ix":4},"o":{"a":0,"k":100,"ix":5},"r":1,"bm":0,"nm":"Fill 1","mn":"ADBE Vector Graphic - Fill","hd":false},{"ty":"tr","p":{"a":0,"k":[244.067,220.215],"ix":2},"a":{"a":0,"k":[0,0],"ix":1},"s":{"a":0,"k":[100,100],"ix":3},"r":{"a":1,"k":[{"i":{"x":[0],"y":[1]},"o":{"x":[0.333],"y":[0]},"t":122,"s":[0]},{"t":162,"s":[30]}],"ix":6},"o":{"a":0,"k":100,"ix":7},"sk":{"a":0,"k":0,"ix":4},"sa":{"a":0,"k":0,"ix":5},"nm":"Transform"}],"nm":"Group 2","np":2,"cix":2,"bm":0,"ix":2,"mn":"ADBE Vector Group","hd":false}],"ip":122,"op":162,"st":122,"ct":1,"bm":0},{"ddd":0,"ind":15,"ty":4,"nm":"Check mark 3","parent":17,"sr":1,"ks":{"o":{"a":0,"k":100,"ix":11},"r":{"a":0,"k":0,"ix":10},"p":{"a":0,"k":[244.067,220.215,0],"ix":2,"l":2},"a":{"a":0,"k":[244.067,220.215,0],"ix":1,"l":2},"s":{"a":1,"k":[{"i":{"x":[0,0,0],"y":[1,1,1]},"o":{"x":[0.167,0.167,0.167],"y":[0,0,0]},"t":42,"s":[80,80,100]},{"t":82,"s":[100,100,100]}],"ix":6,"l":2}},"ao":0,"shapes":[{"ty":"gr","it":[{"ty":"gr","it":[{"ind":0,"ty":"sh","ix":1,"ks":{"a":0,"k":{"i":[[0,0],[0,0],[0,0]],"o":[[0,0],[0,0],[0,0]],"v":[[-12.196,0.088],[-5.624,8.096],[12.196,-8.096]],"c":false},"ix":2},"nm":"Path 1","mn":"ADBE Vector Shape - Group","hd":false},{"ty":"tm","s":{"a":0,"k":0,"ix":1},"e":{"a":1,"k":[{"i":{"x":[0],"y":[1]},"o":{"x":[0.333],"y":[0]},"t":42,"s":[0]},{"t":82,"s":[100]}],"ix":2},"o":{"a":0,"k":0,"ix":3},"m":1,"ix":2,"nm":"Trim Paths 1","mn":"ADBE Vector Filter - Trim","hd":false},{"ty":"st","c":{"a":0,"k":[1,1,1,1],"ix":3},"o":{"a":0,"k":100,"ix":4},"w":{"a":0,"k":3.579,"ix":5},"lc":2,"lj":2,"bm":0,"nm":"Stroke 1","mn":"ADBE Vector Graphic - Stroke","hd":false},{"ty":"tr","p":{"a":0,"k":[245.025,219.129],"ix":2},"a":{"a":0,"k":[0,0],"ix":1},"s":{"a":0,"k":[100,100],"ix":3},"r":{"a":0,"k":0,"ix":6},"o":{"a":0,"k":100,"ix":7},"sk":{"a":0,"k":0,"ix":4},"sa":{"a":0,"k":0,"ix":5},"nm":"Transform"}],"nm":"Group 1","np":3,"cix":2,"bm":0,"ix":1,"mn":"ADBE Vector Group","hd":false},{"ty":"gr","it":[{"ind":0,"ty":"sh","ix":1,"ks":{"a":0,"k":{"i":[[-3.184,-12.436],[12.436,-3.184],[3.184,12.436],[-12.436,3.184]],"o":[[3.184,12.436],[-12.436,3.184],[-3.184,-12.436],[12.436,-3.184]],"v":[[22.517,-5.765],[5.765,22.517],[-22.517,5.765],[-5.765,-22.517]],"c":true},"ix":2},"nm":"Path 1","mn":"ADBE Vector Shape - Group","hd":false},{"ty":"st","c":{"a":0,"k":[1,1,1,1],"ix":3},"o":{"a":0,"k":100,"ix":4},"w":{"a":0,"k":3.579,"ix":5},"lc":1,"lj":1,"ml":10,"bm":0,"nm":"Stroke 1","mn":"ADBE Vector Graphic - Stroke","hd":false},{"ty":"tr","p":{"a":0,"k":[244.067,220.215],"ix":2},"a":{"a":0,"k":[0,0],"ix":1},"s":{"a":0,"k":[100,100],"ix":3},"r":{"a":0,"k":0,"ix":6},"o":{"a":0,"k":100,"ix":7},"sk":{"a":0,"k":0,"ix":4},"sa":{"a":0,"k":0,"ix":5},"nm":"Transform"}],"nm":"Group 2","np":2,"cix":2,"bm":0,"ix":2,"mn":"ADBE Vector Group","hd":false},{"ty":"tr","p":{"a":0,"k":[244.067,220.215],"ix":2},"a":{"a":0,"k":[244.067,220.215],"ix":1},"s":{"a":0,"k":[100,100],"ix":3},"r":{"a":0,"k":0,"ix":6},"o":{"a":0,"k":100,"ix":7},"sk":{"a":0,"k":0,"ix":4},"sa":{"a":0,"k":0,"ix":5},"nm":"Transform"}],"nm":"Group 1","np":2,"cix":2,"bm":0,"ix":1,"mn":"ADBE Vector Group","hd":false},{"ty":"gr","it":[{"ind":0,"ty":"sh","ix":1,"ks":{"a":0,"k":{"i":[[-0.857,-3.349],[0.035,-3.3],[0.903,-3.212],[1.714,-2.893],[2.418,-2.369],[2.977,-1.672],[3.349,-0.857],[3.3,0.035],[3.212,0.903],[2.893,1.714],[2.369,2.418],[1.672,2.977],[0.857,3.349],[-0.035,3.3],[-0.903,3.212],[-1.714,2.893],[-2.418,2.369],[-2.977,1.672],[-3.349,0.857],[-3.3,-0.035],[-3.212,-0.903],[-2.893,-1.714],[-2.369,-2.418],[-1.672,-2.977]],"o":[[0.857,3.349],[-0.036,3.414],[-0.915,3.258],[-1.714,2.893],[-2.383,2.335],[-2.877,1.616],[-3.349,0.857],[-3.414,-0.036],[-3.258,-0.915],[-2.893,-1.714],[-2.335,-2.383],[-1.616,-2.877],[-0.857,-3.349],[0.036,-3.414],[0.915,-3.258],[1.714,-2.893],[2.383,-2.335],[2.877,-1.616],[3.349,-0.857],[3.414,0.036],[3.258,0.915],[2.893,1.714],[2.335,2.383],[1.616,2.877]],"v":[[40.443,-10.354],[35.476,0.399],[40.207,11.259],[30.517,18.077],[29.194,29.851],[17.397,30.92],[10.354,40.443],[-0.399,35.476],[-11.259,40.207],[-18.077,30.517],[-29.851,29.194],[-30.92,17.397],[-40.443,10.354],[-35.476,-0.399],[-40.207,-11.259],[-30.517,-18.077],[-29.194,-29.851],[-17.397,-30.92],[-10.354,-40.443],[0.399,-35.476],[11.259,-40.207],[18.077,-30.517],[29.851,-29.194],[30.92,-17.397]],"c":true},"ix":2},"nm":"Path 1","mn":"ADBE Vector Shape - Group","hd":false},{"ty":"fl","c":{"a":0,"k":[0.364705882353,0.827450980392,0.619607843137,1],"ix":4},"o":{"a":0,"k":100,"ix":5},"r":1,"bm":0,"nm":"Fill 1","mn":"ADBE Vector Graphic - Fill","hd":false},{"ty":"tr","p":{"a":0,"k":[244.067,220.215],"ix":2},"a":{"a":0,"k":[0,0],"ix":1},"s":{"a":0,"k":[100,100],"ix":3},"r":{"a":1,"k":[{"i":{"x":[0],"y":[1]},"o":{"x":[0.167],"y":[0]},"t":42,"s":[-30]},{"t":82,"s":[0]}],"ix":6},"o":{"a":0,"k":100,"ix":7},"sk":{"a":0,"k":0,"ix":4},"sa":{"a":0,"k":0,"ix":5},"nm":"Transform"}],"nm":"Group 2","np":2,"cix":2,"bm":0,"ix":2,"mn":"ADBE Vector Group","hd":false}],"ip":42,"op":122,"st":82,"ct":1,"bm":0},{"ddd":0,"ind":16,"ty":4,"nm":"Check mark","parent":17,"sr":1,"ks":{"o":{"a":0,"k":100,"ix":11},"r":{"a":0,"k":0,"ix":10},"p":{"a":0,"k":[244.067,220.215,0],"ix":2,"l":2},"a":{"a":0,"k":[244.067,220.215,0],"ix":1,"l":2},"s":{"a":1,"k":[{"i":{"x":[0,0,0],"y":[1,1,1]},"o":{"x":[0.333,0.333,0.333],"y":[0,0,0]},"t":0,"s":[100,100,100]},{"i":{"x":[0,0,0],"y":[1,1,1]},"o":{"x":[0.333,0.333,0.333],"y":[0,0,0]},"t":40,"s":[80,80,100]},{"t":80,"s":[100,100,100]}],"ix":6,"l":2}},"ao":0,"shapes":[{"ty":"gr","it":[{"ty":"gr","it":[{"ind":0,"ty":"sh","ix":1,"ks":{"a":0,"k":{"i":[[0,0],[0,0],[0,0]],"o":[[0,0],[0,0],[0,0]],"v":[[-12.196,0.088],[-5.624,8.096],[12.196,-8.096]],"c":false},"ix":2},"nm":"Path 1","mn":"ADBE Vector Shape - Group","hd":false},{"ty":"tm","s":{"a":1,"k":[{"i":{"x":[0],"y":[1]},"o":{"x":[0.333],"y":[0]},"t":0,"s":[0]},{"t":40,"s":[100]}],"ix":1},"e":{"a":1,"k":[{"i":{"x":[0],"y":[1]},"o":{"x":[0.333],"y":[0]},"t":-40,"s":[0]},{"t":0,"s":[100]}],"ix":2},"o":{"a":0,"k":0,"ix":3},"m":1,"ix":2,"nm":"Trim Paths 1","mn":"ADBE Vector Filter - Trim","hd":false},{"ty":"st","c":{"a":0,"k":[1,1,1,1],"ix":3},"o":{"a":0,"k":100,"ix":4},"w":{"a":0,"k":3.579,"ix":5},"lc":2,"lj":2,"bm":0,"nm":"Stroke 1","mn":"ADBE Vector Graphic - Stroke","hd":false},{"ty":"tr","p":{"a":0,"k":[245.025,219.129],"ix":2},"a":{"a":0,"k":[0,0],"ix":1},"s":{"a":0,"k":[100,100],"ix":3},"r":{"a":0,"k":0,"ix":6},"o":{"a":0,"k":100,"ix":7},"sk":{"a":0,"k":0,"ix":4},"sa":{"a":0,"k":0,"ix":5},"nm":"Transform"}],"nm":"Group 1","np":3,"cix":2,"bm":0,"ix":1,"mn":"ADBE Vector Group","hd":false},{"ty":"gr","it":[{"ind":0,"ty":"sh","ix":1,"ks":{"a":0,"k":{"i":[[-3.184,-12.436],[12.436,-3.184],[3.184,12.436],[-12.436,3.184]],"o":[[3.184,12.436],[-12.436,3.184],[-3.184,-12.436],[12.436,-3.184]],"v":[[22.517,-5.765],[5.765,22.517],[-22.517,5.765],[-5.765,-22.517]],"c":true},"ix":2},"nm":"Path 1","mn":"ADBE Vector Shape - Group","hd":false},{"ty":"st","c":{"a":0,"k":[1,1,1,1],"ix":3},"o":{"a":0,"k":100,"ix":4},"w":{"a":0,"k":3.579,"ix":5},"lc":1,"lj":1,"ml":10,"bm":0,"nm":"Stroke 1","mn":"ADBE Vector Graphic - Stroke","hd":false},{"ty":"tr","p":{"a":0,"k":[244.067,220.215],"ix":2},"a":{"a":0,"k":[0,0],"ix":1},"s":{"a":0,"k":[100,100],"ix":3},"r":{"a":0,"k":0,"ix":6},"o":{"a":0,"k":100,"ix":7},"sk":{"a":0,"k":0,"ix":4},"sa":{"a":0,"k":0,"ix":5},"nm":"Transform"}],"nm":"Group 2","np":2,"cix":2,"bm":0,"ix":2,"mn":"ADBE Vector Group","hd":false},{"ty":"tr","p":{"a":0,"k":[244.067,220.215],"ix":2},"a":{"a":0,"k":[244.067,220.215],"ix":1},"s":{"a":0,"k":[100,100],"ix":3},"r":{"a":0,"k":0,"ix":6},"o":{"a":0,"k":100,"ix":7},"sk":{"a":0,"k":0,"ix":4},"sa":{"a":0,"k":0,"ix":5},"nm":"Transform"}],"nm":"Group 1","np":2,"cix":2,"bm":0,"ix":1,"mn":"ADBE Vector Group","hd":false},{"ty":"gr","it":[{"ind":0,"ty":"sh","ix":1,"ks":{"a":0,"k":{"i":[[-0.857,-3.349],[0.035,-3.3],[0.903,-3.212],[1.714,-2.893],[2.418,-2.369],[2.977,-1.672],[3.349,-0.857],[3.3,0.035],[3.212,0.903],[2.893,1.714],[2.369,2.418],[1.672,2.977],[0.857,3.349],[-0.035,3.3],[-0.903,3.212],[-1.714,2.893],[-2.418,2.369],[-2.977,1.672],[-3.349,0.857],[-3.3,-0.035],[-3.212,-0.903],[-2.893,-1.714],[-2.369,-2.418],[-1.672,-2.977]],"o":[[0.857,3.349],[-0.036,3.414],[-0.915,3.258],[-1.714,2.893],[-2.383,2.335],[-2.877,1.616],[-3.349,0.857],[-3.414,-0.036],[-3.258,-0.915],[-2.893,-1.714],[-2.335,-2.383],[-1.616,-2.877],[-0.857,-3.349],[0.036,-3.414],[0.915,-3.258],[1.714,-2.893],[2.383,-2.335],[2.877,-1.616],[3.349,-0.857],[3.414,0.036],[3.258,0.915],[2.893,1.714],[2.335,2.383],[1.616,2.877]],"v":[[40.443,-10.354],[35.476,0.399],[40.207,11.259],[30.517,18.077],[29.194,29.851],[17.397,30.92],[10.354,40.443],[-0.399,35.476],[-11.259,40.207],[-18.077,30.517],[-29.851,29.194],[-30.92,17.397],[-40.443,10.354],[-35.476,-0.399],[-40.207,-11.259],[-30.517,-18.077],[-29.194,-29.851],[-17.397,-30.92],[-10.354,-40.443],[0.399,-35.476],[11.259,-40.207],[18.077,-30.517],[29.851,-29.194],[30.92,-17.397]],"c":true},"ix":2},"nm":"Path 1","mn":"ADBE Vector Shape - Group","hd":false},{"ty":"fl","c":{"a":0,"k":[0.364705882353,0.827450980392,0.619607843137,1],"ix":4},"o":{"a":0,"k":100,"ix":5},"r":1,"bm":0,"nm":"Fill 1","mn":"ADBE Vector Graphic - Fill","hd":false},{"ty":"tr","p":{"a":0,"k":[244.067,220.215],"ix":2},"a":{"a":0,"k":[0,0],"ix":1},"s":{"a":0,"k":[100,100],"ix":3},"r":{"a":1,"k":[{"i":{"x":[0],"y":[1]},"o":{"x":[0.333],"y":[0]},"t":0,"s":[0]},{"i":{"x":[0],"y":[1]},"o":{"x":[0.333],"y":[0]},"t":40,"s":[30]},{"t":80,"s":[60]}],"ix":6},"o":{"a":0,"k":100,"ix":7},"sk":{"a":0,"k":0,"ix":4},"sa":{"a":0,"k":0,"ix":5},"nm":"Transform"}],"nm":"Group 2","np":2,"cix":2,"bm":0,"ix":2,"mn":"ADBE Vector Group","hd":false}],"ip":0,"op":42,"st":0,"ct":1,"bm":0},{"ddd":0,"ind":17,"ty":4,"nm":"Phone","sr":1,"ks":{"o":{"a":0,"k":100,"ix":11},"r":{"a":0,"k":0,"ix":10},"p":{"a":0,"k":[244.067,277.475,0],"ix":2,"l":2},"a":{"a":0,"k":[244.067,277.475,0],"ix":1,"l":2},"s":{"a":0,"k":[100,100,100],"ix":6,"l":2}},"ao":0,"shapes":[{"ty":"gr","it":[{"d":1,"ty":"el","s":{"a":0,"k":[2.646,2.646],"ix":2},"p":{"a":0,"k":[0,0],"ix":3},"nm":"Ellipse Path 1","mn":"ADBE Vector Shape - Ellipse","hd":false},{"ty":"fl","c":{"a":0,"k":[1,1,1,1],"ix":4},"o":{"a":0,"k":100,"ix":5},"r":1,"bm":0,"nm":"Fill 1","mn":"ADBE Vector Graphic - Fill","hd":false},{"ty":"tr","p":{"a":0,"k":[264.497,121.091],"ix":2},"a":{"a":0,"k":[0,0],"ix":1},"s":{"a":0,"k":[100,100],"ix":3},"r":{"a":0,"k":0,"ix":6},"o":{"a":0,"k":100,"ix":7},"sk":{"a":0,"k":0,"ix":4},"sa":{"a":0,"k":0,"ix":5},"nm":"Transform"}],"nm":"Group 1","np":2,"cix":2,"bm":0,"ix":1,"mn":"ADBE Vector Group","hd":false},{"ty":"gr","it":[{"ind":0,"ty":"sh","ix":1,"ks":{"a":0,"k":{"i":[[0.609,0],[0,0],[0,0.609],[-0.609,0],[0,0],[0,-0.609]],"o":[[0,0],[-0.609,0],[0,-0.609],[0,0],[0.609,0],[0,0.609]],"v":[[16.655,1.102],[-16.655,1.102],[-17.758,0],[-16.655,-1.102],[16.655,-1.102],[17.758,0]],"c":true},"ix":2},"nm":"Path 1","mn":"ADBE Vector Shape - Group","hd":false},{"ty":"fl","c":{"a":0,"k":[1,1,1,1],"ix":4},"o":{"a":0,"k":100,"ix":5},"r":1,"bm":0,"nm":"Fill 1","mn":"ADBE Vector Graphic - Fill","hd":false},{"ty":"tr","p":{"a":0,"k":[238.969,121.014],"ix":2},"a":{"a":0,"k":[0,0],"ix":1},"s":{"a":0,"k":[100,100],"ix":3},"r":{"a":0,"k":0,"ix":6},"o":{"a":0,"k":100,"ix":7},"sk":{"a":0,"k":0,"ix":4},"sa":{"a":0,"k":0,"ix":5},"nm":"Transform"}],"nm":"Group 2","np":2,"cix":2,"bm":0,"ix":2,"mn":"ADBE Vector Group","hd":false},{"ty":"gr","it":[{"ind":0,"ty":"sh","ix":1,"ks":{"a":0,"k":{"i":[[0,-3.739],[0,0],[3.739,0],[0,0],[0,3.739],[0,0],[-3.752,0],[0,0],[0,-2.921],[-0.957,-0.957],[-1.461,0],[0,0],[0,2.921],[-0.957,0.957],[-1.46,0],[0,0]],"o":[[0,0],[0,3.739],[0,0],[-3.752,0],[0,0],[0,-3.739],[0,0],[2.921,0],[0,1.46],[0.957,0.957],[0,0],[2.921,0],[0,-1.461],[0.957,-0.957],[0,0],[3.752,0]],"v":[[91.578,-152.33],[91.578,152.331],[84.805,159.104],[-84.792,159.104],[-91.578,152.331],[-91.578,-152.33],[-84.792,-159.104],[-41.017,-159.104],[-35.73,-153.816],[-34.181,-150.077],[-30.442,-148.528],[30.442,-148.528],[35.73,-153.816],[37.279,-157.555],[41.018,-159.104],[84.805,-159.104]],"c":true},"ix":2},"nm":"Path 1","mn":"ADBE Vector Shape - Group","hd":false},{"ty":"st","c":{"a":0,"k":[0.32549020648,0.392156869173,0.666666686535,1],"ix":3},"o":{"a":0,"k":100,"ix":4},"w":{"a":0,"k":1.046,"ix":5},"lc":1,"lj":1,"ml":10,"bm":0,"nm":"Stroke 1","mn":"ADBE Vector Graphic - Stroke","hd":false},{"ty":"fl","c":{"a":0,"k":[1,1,1,1],"ix":4},"o":{"a":0,"k":100,"ix":5},"r":1,"bm":0,"nm":"Fill 1","mn":"ADBE Vector Graphic - Fill","hd":false},{"ty":"tr","p":{"a":0,"k":[244.062,277.474],"ix":2},"a":{"a":0,"k":[0,0],"ix":1},"s":{"a":0,"k":[100,100],"ix":3},"r":{"a":0,"k":0,"ix":6},"o":{"a":0,"k":100,"ix":7},"sk":{"a":0,"k":0,"ix":4},"sa":{"a":0,"k":0,"ix":5},"nm":"Transform"}],"nm":"Group 3","np":3,"cix":2,"bm":0,"ix":3,"mn":"ADBE Vector Group","hd":false},{"ty":"gr","it":[{"ind":0,"ty":"sh","ix":1,"ks":{"a":0,"k":{"i":[[5.7,0],[0,0],[0,5.7],[0,0],[-5.7,0],[0,0],[0,-5.7],[0,0]],"o":[[0,0],[-5.7,0],[0,0],[0,-5.7],[0,0],[5.7,0],[0,0],[0,5.7]],"v":[[88.13,167.146],[-88.13,167.146],[-98.45,156.825],[-98.45,-156.825],[-88.13,-167.146],[88.13,-167.146],[98.45,-156.825],[98.45,156.825]],"c":true},"ix":2},"nm":"Path 1","mn":"ADBE Vector Shape - Group","hd":false},{"ty":"fl","c":{"a":0,"k":[0.317647058824,0.23137254902,0.337254901961,1],"ix":4},"o":{"a":0,"k":100,"ix":5},"r":1,"bm":0,"nm":"Fill 1","mn":"ADBE Vector Graphic - Fill","hd":false},{"ty":"tr","p":{"a":0,"k":[244.067,277.475],"ix":2},"a":{"a":0,"k":[0,0],"ix":1},"s":{"a":0,"k":[100,100],"ix":3},"r":{"a":0,"k":0,"ix":6},"o":{"a":0,"k":100,"ix":7},"sk":{"a":0,"k":0,"ix":4},"sa":{"a":0,"k":0,"ix":5},"nm":"Transform"}],"nm":"Group 4","np":2,"cix":2,"bm":0,"ix":4,"mn":"ADBE Vector Group","hd":false}],"ip":0,"op":300,"st":0,"ct":1,"bm":0},{"ddd":0,"ind":18,"ty":4,"nm":"Bg","sr":1,"ks":{"o":{"a":0,"k":100,"ix":11},"r":{"a":0,"k":0,"ix":10},"p":{"a":0,"k":[250,211.152,0],"ix":2,"l":2},"a":{"a":0,"k":[0,0,0],"ix":1,"l":2},"s":{"a":1,"k":[{"i":{"x":[0.667,0.667,0.667],"y":[1,1,1]},"o":{"x":[0.333,0.333,0.333],"y":[0,0,0]},"t":0,"s":[100,100,100]},{"i":{"x":[0.667,0.667,0.667],"y":[1,1,1]},"o":{"x":[0.333,0.333,0.333],"y":[0,0,0]},"t":120,"s":[120,120,100]},{"t":240,"s":[100,100,100]}],"ix":6,"l":2}},"ao":0,"shapes":[{"ty":"gr","it":[{"ind":0,"ty":"sh","ix":1,"ks":{"a":0,"k":{"i":[[0,-88.435],[88.435,0],[-4.832,88.302],[-87.454,-2.398]],"o":[[0,88.435],[-88.435,0],[5.586,-102.091],[88.401,2.424]],"v":[[160.234,0.034],[0.109,160.159],[-160.017,0.035],[0.109,-160.091]],"c":true},"ix":2},"nm":"Path 1","mn":"ADBE Vector Shape - Group","hd":false},{"ty":"fl","c":{"a":0,"k":[0.909803926945,0.941176474094,0.996078431606,1],"ix":4},"o":{"a":0,"k":100,"ix":5},"r":1,"bm":0,"nm":"Fill 1","mn":"ADBE Vector Graphic - Fill","hd":false},{"ty":"tr","p":{"a":0,"k":[0,0],"ix":2},"a":{"a":0,"k":[0,0],"ix":1},"s":{"a":0,"k":[100,100],"ix":3},"r":{"a":0,"k":0,"ix":6},"o":{"a":0,"k":100,"ix":7},"sk":{"a":0,"k":0,"ix":4},"sa":{"a":0,"k":0,"ix":5},"nm":"Transform"}],"nm":"Bg","np":2,"cix":2,"bm":0,"ix":1,"mn":"ADBE Vector Group","hd":false}],"ip":0,"op":300,"st":0,"ct":1,"bm":0},{"ddd":0,"ind":19,"ty":4,"nm":"Base","sr":1,"ks":{"o":{"a":0,"k":100,"ix":11},"r":{"a":0,"k":0,"ix":10},"p":{"a":0,"k":[250,446.791,0],"ix":2,"l":2},"a":{"a":0,"k":[0,0,0],"ix":1,"l":2},"s":{"a":0,"k":[100,100,100],"ix":6,"l":2}},"ao":0,"shapes":[{"ty":"gr","it":[{"ty":"rc","d":1,"s":{"a":0,"k":[351.018,4.432],"ix":2},"p":{"a":0,"k":[0,0],"ix":3},"r":{"a":0,"k":0,"ix":4},"nm":"Rectangle Path 1","mn":"ADBE Vector Shape - Rect","hd":false},{"ty":"fl","c":{"a":0,"k":[0.101960785687,0,0.301960796118,1],"ix":4},"o":{"a":0,"k":100,"ix":5},"r":1,"bm":0,"nm":"Fill 1","mn":"ADBE Vector Graphic - Fill","hd":false},{"ty":"tr","p":{"a":0,"k":[0,0],"ix":2},"a":{"a":0,"k":[0,0],"ix":1},"s":{"a":0,"k":[100,100],"ix":3},"r":{"a":0,"k":0,"ix":6},"o":{"a":0,"k":100,"ix":7},"sk":{"a":0,"k":0,"ix":4},"sa":{"a":0,"k":0,"ix":5},"nm":"Transform"}],"nm":"Base","np":2,"cix":2,"bm":0,"ix":1,"mn":"ADBE Vector Group","hd":false}],"ip":0,"op":300,"st":0,"ct":1,"bm":0}],"markers":[],"chars":[{"ch":"Y","size":17.4186191558838,"style":"Bold","w":67.1,"data":{"shapes":[{"ty":"gr","it":[{"ind":0,"ty":"sh","ix":1,"ks":{"a":0,"k":{"i":[[0,0],[0,0],[0,0],[0,0],[0,0],[0,0],[0,0],[0,0],[0,0]],"o":[[0,0],[0,0],[0,0],[0,0],[0,0],[0,0],[0,0],[0,0],[0,0]],"v":[[47.2,-70.2],[33.7,-40.8],[20.1,-70.2],[0.7,-70.2],[25,-23.2],[25,0],[42.1,0],[42.1,-23.2],[66.4,-70.2]],"c":true},"ix":2},"nm":"Y","mn":"ADBE Vector Shape - Group","hd":false}],"nm":"Y","np":3,"cix":2,"bm":0,"ix":1,"mn":"ADBE Vector Group","hd":false}]},"fFamily":"Poppins"},{"ch":"o","size":17.4186191558838,"style":"Bold","w":63.7,"data":{"shapes":[{"ty":"gr","it":[{"ind":0,"ty":"sh","ix":1,"ks":{"a":0,"k":{"i":[[-5.467,0],[-4.434,2.334],[-2.567,4.367],[0,5.734],[2.533,4.367],[4.4,2.334],[5.466,0],[4.4,-2.333],[2.533,-4.366],[0,-5.733],[-2.5,-4.333],[-4.367,-2.333]],"o":[[5.466,0],[4.433,-2.333],[2.566,-4.366],[0,-5.733],[-2.534,-4.366],[-4.4,-2.333],[-5.467,0],[-4.4,2.334],[-2.534,4.367],[0,5.8],[2.5,4.334],[4.366,2.334]],"v":[[31.6,0.8],[46.45,-2.7],[56.95,-12.75],[60.8,-27.9],[57,-43.05],[46.6,-53.1],[31.8,-56.6],[17,-53.1],[6.6,-43.05],[2.8,-27.9],[6.55,-12.7],[16.85,-2.7]],"c":true},"ix":2},"nm":"o","mn":"ADBE Vector Shape - Group","hd":false},{"ind":1,"ty":"sh","ix":2,"ks":{"a":0,"k":{"i":[[3.266,0],[2.166,2.4],[0,4.467],[-2.2,2.367],[-3.334,0],[-2.234,-2.4],[0,-4.466],[2.3,-2.4]],"o":[[-3.267,0],[-2.167,-2.4],[0,-4.533],[2.2,-2.366],[3.266,0],[2.233,2.4],[0,4.467],[-2.3,2.4]],"v":[[31.6,-14],[23.45,-17.6],[20.2,-27.9],[23.5,-38.25],[31.8,-41.8],[40.05,-38.2],[43.4,-27.9],[39.95,-17.6]],"c":true},"ix":2},"nm":"o","mn":"ADBE Vector Shape - Group","hd":false}],"nm":"o","np":5,"cix":2,"bm":0,"ix":1,"mn":"ADBE Vector Group","hd":false}]},"fFamily":"Poppins"},{"ch":"u","size":17.4186191558838,"style":"Bold","w":67.4,"data":{"shapes":[{"ty":"gr","it":[{"ind":0,"ty":"sh","ix":1,"ks":{"a":0,"k":{"i":[[0,0],[0,0],[1.933,-2.066],[3.333,0],[1.933,2.067],[0,3.734],[0,0],[0,0],[0,0],[-1.8,-3.6],[-3.267,-1.9],[-4.267,0],[-2.967,1.5],[-1.734,2.467],[0,0],[0,0],[0,0]],"o":[[0,0],[0,3.734],[-1.934,2.067],[-3.267,0],[-1.934,-2.066],[0,0],[0,0],[0,0],[0,4.867],[1.8,3.6],[3.266,1.9],[3.6,0],[2.966,-1.5],[0,0],[0,0],[0,0],[0,0]],"v":[[44.2,-55.8],[44.2,-25.5],[41.3,-16.8],[33.4,-13.7],[25.6,-16.8],[22.7,-25.5],[22.7,-55.8],[5.7,-55.8],[5.7,-23.2],[8.4,-10.5],[16,-2.25],[27.3,0.6],[37.15,-1.65],[44.2,-7.6],[44.2,0],[61.3,0],[61.3,-55.8]],"c":true},"ix":2},"nm":"u","mn":"ADBE Vector Shape - Group","hd":false}],"nm":"u","np":3,"cix":2,"bm":0,"ix":1,"mn":"ADBE Vector Group","hd":false}]},"fFamily":"Poppins"},{"ch":"r","size":17.4186191558838,"style":"Bold","w":42.8,"data":{"shapes":[{"ty":"gr","it":[{"ind":0,"ty":"sh","ix":1,"ks":{"a":0,"k":{"i":[[2,-3.066],[0,0],[0,0],[0,0],[0,0],[0,0],[-2.134,1.834],[-4.267,0],[0,0],[0,0],[3,-1.766]],"o":[[0,0],[0,0],[0,0],[0,0],[0,0],[0,-4.6],[2.133,-1.833],[0,0],[0,0],[-3.667,0],[-3,1.767]],"v":[[23.3,-46.5],[23.3,-55.8],[6.2,-55.8],[6.2,0],[23.3,0],[23.3,-25.9],[26.5,-35.55],[36.1,-38.3],[40.8,-38.3],[40.8,-56.4],[30.8,-53.75]],"c":true},"ix":2},"nm":"r","mn":"ADBE Vector Shape - Group","hd":false}],"nm":"r","np":3,"cix":2,"bm":0,"ix":1,"mn":"ADBE Vector Group","hd":false}]},"fFamily":"Poppins"},{"ch":" ","size":17.4186191558838,"style":"Bold","w":21.2,"data":{},"fFamily":"Poppins"},{"ch":"O","size":17.4186191558838,"style":"Bold","w":78.6,"data":{"shapes":[{"ty":"gr","it":[{"ind":0,"ty":"sh","ix":1,"ks":{"a":0,"k":{"i":[[-6.6,0],[-5.467,3.067],[-3.2,5.5],[0,6.867],[3.166,5.467],[5.5,3.067],[6.6,0],[5.5,-3.066],[3.233,-5.466],[0,-6.866],[-3.234,-5.5],[-5.5,-3.066]],"o":[[6.6,0],[5.466,-3.066],[3.2,-5.5],[0,-6.866],[-3.167,-5.466],[-5.5,-3.066],[-6.6,0],[-5.5,3.067],[-3.234,5.467],[0,6.867],[3.233,5.5],[5.5,3.067]],"v":[[39.4,0.7],[57.5,-3.9],[70.5,-16.75],[75.3,-35.3],[70.55,-53.8],[57.55,-66.6],[39.4,-71.2],[21.25,-66.6],[8.15,-53.8],[3.3,-35.3],[8.15,-16.75],[21.25,-3.9]],"c":true},"ix":2},"nm":"O","mn":"ADBE Vector Shape - Group","hd":false},{"ind":1,"ty":"sh","ix":2,"ks":{"a":0,"k":{"i":[[5.6,0],[3.366,3.7],[0,6.2],[-3.367,3.667],[-5.667,0],[-3.367,-3.7],[0,-6.2],[3.366,-3.733]],"o":[[-5.667,0],[-3.367,-3.7],[0,-6.266],[3.366,-3.666],[5.6,0],[3.366,3.7],[0,6.134],[-3.367,3.734]],"v":[[39.4,-14.9],[25.85,-20.45],[20.8,-35.3],[25.85,-50.2],[39.4,-55.7],[52.85,-50.15],[57.9,-35.3],[52.85,-20.5]],"c":true},"ix":2},"nm":"O","mn":"ADBE Vector Shape - Group","hd":false}],"nm":"O","np":5,"cix":2,"bm":0,"ix":1,"mn":"ADBE Vector Group","hd":false}]},"fFamily":"Poppins"},{"ch":"d","size":17.4186191558838,"style":"Bold","w":67.9,"data":{"shapes":[{"ty":"gr","it":[{"ind":0,"ty":"sh","ix":1,"ks":{"a":0,"k":{"i":[[0,-5.733],[-2.167,-4.366],[-3.734,-2.366],[-4.6,0],[-2.967,1.6],[-1.6,2.667],[0,0],[0,0],[0,0],[0,0],[0,0],[3.033,1.534],[3.666,0],[3.733,-2.333],[2.166,-4.333]],"o":[[0,5.734],[2.166,4.367],[3.733,2.367],[3.933,0],[2.966,-1.6],[0,0],[0,0],[0,0],[0,0],[0,0],[-1.734,-2.6],[-3.034,-1.533],[-4.6,0],[-3.734,2.334],[-2.167,4.334]],"v":[[2.8,-28],[6.05,-12.85],[14.9,-2.75],[27.4,0.8],[37.75,-1.6],[44.6,-8],[44.6,0],[61.7,0],[61.7,-74],[44.6,-74],[44.6,-48.1],[37.45,-54.3],[27.4,-56.6],[14.9,-53.1],[6.05,-43.1]],"c":true},"ix":2},"nm":"d","mn":"ADBE Vector Shape - Group","hd":false},{"ind":1,"ty":"sh","ix":2,"ks":{"a":0,"k":{"i":[[0,-4.266],[2.366,-2.466],[3.4,0],[2.366,2.5],[0,4.267],[-2.367,2.434],[-3.4,0],[-2.367,-2.466]],"o":[[0,4.267],[-2.367,2.467],[-3.4,0],[-2.367,-2.5],[0,-4.266],[2.366,-2.433],[3.4,0],[2.366,2.467]],"v":[[44.6,-27.9],[41.05,-17.8],[32.4,-14.1],[23.75,-17.85],[20.2,-28],[23.75,-38.05],[32.4,-41.7],[41.05,-38]],"c":true},"ix":2},"nm":"d","mn":"ADBE Vector Shape - Group","hd":false}],"nm":"d","np":5,"cix":2,"bm":0,"ix":1,"mn":"ADBE Vector Group","hd":false}]},"fFamily":"Poppins"},{"ch":"e","size":17.4186191558838,"style":"Bold","w":61.6,"data":{"shapes":[{"ty":"gr","it":[{"ind":0,"ty":"sh","ix":1,"ks":{"a":0,"k":{"i":[[0,1.6],[2.366,4.2],[4.2,2.267],[5.4,0],[4.266,-2.333],[2.366,-4.333],[0,-5.8],[-2.4,-4.333],[-4.267,-2.333],[-5.467,0],[-3.667,1.667],[-2.434,2.934],[-0.934,3.667],[0,0],[4.266,0],[1.966,1.834],[0.266,3.467],[0,0]],"o":[[0,-5.6],[-2.367,-4.2],[-4.2,-2.266],[-5.534,0],[-4.267,2.334],[-2.367,4.334],[0,5.8],[2.4,4.334],[4.266,2.334],[4.533,0],[3.666,-1.666],[2.433,-2.933],[0,0],[-1.667,3.6],[-2.867,0],[-1.967,-1.833],[0,0],[0.2,-1.733]],"v":[[58.8,-28.8],[55.25,-43.5],[45.4,-53.2],[31,-56.6],[16.3,-53.1],[6.35,-43.1],[2.8,-27.9],[6.4,-12.7],[16.4,-2.7],[31,0.8],[43.3,-1.7],[52.45,-8.6],[57.5,-18.5],[39.3,-18.5],[30.4,-13.1],[23.15,-15.85],[19.8,-23.8],[58.5,-23.8]],"c":true},"ix":2},"nm":"e","mn":"ADBE Vector Shape - Group","hd":false},{"ind":1,"ty":"sh","ix":2,"ks":{"a":0,"k":{"i":[[0,0],[-1.967,1.667],[-2.867,0],[-2,-1.733],[0,-2.933]],"o":[[0.466,-3.066],[1.966,-1.666],[3,0],[2,1.734],[0,0]],"v":[[19.9,-33.3],[23.55,-40.4],[30.8,-42.9],[38.3,-40.3],[41.3,-33.3]],"c":true},"ix":2},"nm":"e","mn":"ADBE Vector Shape - Group","hd":false}],"nm":"e","np":5,"cix":2,"bm":0,"ix":1,"mn":"ADBE Vector Group","hd":false}]},"fFamily":"Poppins"},{"ch":"\r","size":17.4186191558838,"style":"Bold","w":0,"fFamily":"Poppins"},{"ch":"I","size":17.4186191558838,"style":"Bold","w":29.5,"data":{"shapes":[{"ty":"gr","it":[{"ind":0,"ty":"sh","ix":1,"ks":{"a":0,"k":{"i":[[0,0],[0,0],[0,0],[0,0]],"o":[[0,0],[0,0],[0,0],[0,0]],"v":[[6.2,-70.2],[6.2,0],[23.3,0],[23.3,-70.2]],"c":true},"ix":2},"nm":"I","mn":"ADBE Vector Shape - Group","hd":false}],"nm":"I","np":3,"cix":2,"bm":0,"ix":1,"mn":"ADBE Vector Group","hd":false}]},"fFamily":"Poppins"},{"ch":"s","size":17.4186191558838,"style":"Bold","w":55.8,"data":{"shapes":[{"ty":"gr","it":[{"ind":0,"ty":"sh","ix":1,"ks":{"a":0,"k":{"i":[[-4.867,0],[-3.434,1.466],[-1.834,2.567],[0,3.267],[1.966,2.3],[2.6,1.034],[4.133,1.067],[1.7,0.8],[0,1.6],[-1.067,0.767],[-2,0],[-1.434,-1.133],[-0.267,-1.933],[0,0],[4.033,3.467],[7,0],[3.433,-1.533],[1.766,-2.633],[0,-3.2],[-1.934,-2.233],[-2.667,-1.033],[-4,-0.933],[-1.667,-0.766],[0,-1.6],[1.166,-0.833],[2.133,0],[1.6,1.2],[0.2,1.934],[0,0],[-2.2,-2.9],[-3.8,-1.666]],"o":[[4.533,0],[3.433,-1.466],[1.833,-2.566],[-0.067,-3.866],[-1.967,-2.3],[-2.6,-1.033],[-3.6,-0.8],[-1.7,-0.8],[0,-1.333],[1.066,-0.766],[2.333,0],[1.433,1.134],[0,0],[-0.6,-5.733],[-4.034,-3.466],[-4.734,0],[-3.434,1.534],[-1.767,2.634],[0,3.8],[1.933,2.234],[2.666,1.034],[3.733,0.934],[1.666,0.767],[0,1.334],[-1.167,0.834],[-2.334,0],[-1.6,-1.2],[0,0],[0.266,3.6],[2.2,2.9],[3.8,1.667]],"v":[[28.9,0.8],[40.85,-1.4],[48.75,-7.45],[51.5,-16.2],[48.45,-25.45],[41.6,-30.45],[31.5,-33.6],[23.55,-36],[21,-39.6],[22.6,-42.75],[27.2,-43.9],[32.85,-42.2],[35.4,-37.6],[51.2,-37.6],[44.25,-51.4],[27.7,-56.6],[15.45,-54.3],[7.65,-48.05],[5,-39.3],[7.9,-30.25],[14.8,-25.35],[24.8,-22.4],[32.9,-19.85],[35.4,-16.3],[33.65,-13.05],[28.7,-11.8],[22.8,-13.6],[20.1,-18.3],[3.2,-18.3],[6.9,-8.55],[15.9,-1.7]],"c":true},"ix":2},"nm":"s","mn":"ADBE Vector Shape - Group","hd":false}],"nm":"s","np":3,"cix":2,"bm":0,"ix":1,"mn":"ADBE Vector Group","hd":false}]},"fFamily":"Poppins"},{"ch":"C","size":17.4186191558838,"style":"Bold","w":76.2,"data":{"shapes":[{"ty":"gr","it":[{"ind":0,"ty":"sh","ix":1,"ks":{"a":0,"k":{"i":[[0,-6.933],[-3,-5.4],[-5.367,-3.033],[-6.8,0],[-5.934,4.367],[-2,7.6],[0,0],[2.566,-1.533],[3.266,0],[3.266,3.667],[0,6.134],[-3.267,3.667],[-5.267,0],[-2.567,-1.533],[-1.4,-2.933],[0,0],[5.933,4.4],[8.333,0],[5.366,-3.033],[3,-5.433]],"o":[[0,6.934],[3,5.4],[5.366,3.034],[8.333,0],[5.933,-4.366],[0,0],[-1.4,2.934],[-2.567,1.534],[-5.267,0],[-3.267,-3.666],[0,-6.133],[3.266,-3.666],[3.266,0],[2.566,1.534],[0,0],[-2,-7.6],[-5.934,-4.4],[-6.8,0],[-5.367,3.034],[-3,5.434]],"v":[[3.3,-35.2],[7.8,-16.7],[20.35,-4.05],[38.6,0.5],[60,-6.05],[71.9,-24],[53.1,-24],[47.15,-17.3],[38.4,-15],[25.6,-20.5],[20.7,-35.2],[25.6,-49.9],[38.4,-55.4],[47.15,-53.1],[53.1,-46.4],[71.9,-46.4],[60,-64.4],[38.6,-71],[20.35,-66.45],[7.8,-53.75]],"c":true},"ix":2},"nm":"C","mn":"ADBE Vector Shape - Group","hd":false}],"nm":"C","np":3,"cix":2,"bm":0,"ix":1,"mn":"ADBE Vector Group","hd":false}]},"fFamily":"Poppins"},{"ch":"n","size":17.4186191558838,"style":"Bold","w":67.4,"data":{"shapes":[{"ty":"gr","it":[{"ind":0,"ty":"sh","ix":1,"ks":{"a":0,"k":{"i":[[6.533,0],[2.933,-1.433],[1.733,-2.466],[0,0],[0,0],[0,0],[0,0],[0,0],[-1.934,2.067],[-3.267,0],[-1.934,-2.066],[0,-3.733],[0,0],[0,0],[0,0],[3.9,4.234]],"o":[[-3.667,0],[-2.934,1.434],[0,0],[0,0],[0,0],[0,0],[0,0],[0,-3.733],[1.933,-2.066],[3.266,0],[1.933,2.067],[0,0],[0,0],[0,0],[0,-7.4],[-3.9,-4.233]],"v":[[40.2,-56.4],[30.3,-54.25],[23.3,-48.4],[23.3,-55.8],[6.2,-55.8],[6.2,0],[23.3,0],[23.3,-30.3],[26.2,-39],[34,-42.1],[41.8,-39],[44.7,-30.3],[44.7,0],[61.7,0],[61.7,-32.6],[55.85,-50.05]],"c":true},"ix":2},"nm":"n","mn":"ADBE Vector Shape - Group","hd":false}],"nm":"n","np":3,"cix":2,"bm":0,"ix":1,"mn":"ADBE Vector Group","hd":false}]},"fFamily":"Poppins"},{"ch":"f","size":17.4186191558838,"style":"Bold","w":36,"data":{"shapes":[{"ty":"gr","it":[{"ind":0,"ty":"sh","ix":1,"ks":{"a":0,"k":{"i":[[0,0],[0,0],[0,0],[-1.334,1.134],[-3.267,-0.2],[0,0],[1.266,0],[3.933,-3.566],[0,-6.866],[0,0],[0,0],[0,0],[0,0],[0,0],[0,0],[0,0],[0,0]],"o":[[0,0],[0,0],[0,-2.933],[1.333,-1.133],[0,0],[-0.6,-0.066],[-7.6,0],[-3.934,3.567],[0,0],[0,0],[0,0],[0,0],[0,0],[0,0],[0,0],[0,0],[0,0]],"v":[[34.2,-55.8],[25,-55.8],[25,-56.3],[27,-62.4],[33.9,-63.8],[33.9,-78.3],[31.1,-78.4],[13.8,-73.05],[7.9,-57.4],[7.9,-55.8],[1.7,-55.8],[1.7,-41.6],[7.9,-41.6],[7.9,0],[25,0],[25,-41.6],[34.2,-41.6]],"c":true},"ix":2},"nm":"f","mn":"ADBE Vector Shape - Group","hd":false}],"nm":"f","np":3,"cix":2,"bm":0,"ix":1,"mn":"ADBE Vector Group","hd":false}]},"fFamily":"Poppins"},{"ch":"i","size":17.4186191558838,"style":"Bold","w":29.5,"data":{"shapes":[{"ty":"gr","it":[{"ind":0,"ty":"sh","ix":1,"ks":{"a":0,"k":{"i":[[-3,0],[-1.9,1.767],[0,2.6],[1.9,1.767],[2.933,0],[1.9,-1.766],[0,-2.666],[-1.9,-1.766]],"o":[[2.933,0],[1.9,-1.766],[0,-2.666],[-1.9,-1.766],[-3,0],[-1.9,1.767],[0,2.6],[1.9,1.767]],"v":[[14.8,-61.6],[22.05,-64.25],[24.9,-70.8],[22.05,-77.45],[14.8,-80.1],[7.45,-77.45],[4.6,-70.8],[7.45,-64.25]],"c":true},"ix":2},"nm":"i","mn":"ADBE Vector Shape - Group","hd":false},{"ind":1,"ty":"sh","ix":2,"ks":{"a":0,"k":{"i":[[0,0],[0,0],[0,0],[0,0]],"o":[[0,0],[0,0],[0,0],[0,0]],"v":[[6.2,-55.8],[6.2,0],[23.3,0],[23.3,-55.8]],"c":true},"ix":2},"nm":"i","mn":"ADBE Vector Shape - Group","hd":false}],"nm":"i","np":5,"cix":2,"bm":0,"ix":1,"mn":"ADBE Vector Group","hd":false}]},"fFamily":"Poppins"},{"ch":"m","size":17.4186191558838,"style":"Bold","w":105.9,"data":{"shapes":[{"ty":"gr","it":[{"ind":0,"ty":"sh","ix":1,"ks":{"a":0,"k":{"i":[[6.933,0],[3.333,-1.933],[1.933,-3.066],[3.3,1.8],[4.2,0],[2.8,-1.366],[1.733,-2.333],[0,0],[0,0],[0,0],[0,0],[0,0],[-1.9,1.967],[-3.334,0],[-1.9,-1.966],[0,-3.6],[0,0],[0,0],[0,0],[-1.9,1.967],[-3.334,0],[-1.9,-1.966],[0,-3.6],[0,0],[0,0],[0,0],[4.1,4.2]],"o":[[-3.934,0],[-3.334,1.934],[-1.867,-3.333],[-3.3,-1.8],[-3.534,0],[-2.8,1.367],[0,0],[0,0],[0,0],[0,0],[0,0],[0,-3.6],[1.9,-1.966],[3.333,0],[1.9,1.967],[0,0],[0,0],[0,0],[0,-3.6],[1.9,-1.966],[3.333,0],[1.9,1.967],[0,0],[0,0],[0,0],[0,-7.466],[-4.1,-4.2]],"v":[[77.4,-56.4],[66.5,-53.5],[58.6,-46],[50.85,-53.7],[39.6,-56.4],[30.1,-54.35],[23.3,-48.8],[23.3,-55.8],[6.2,-55.8],[6.2,0],[23.3,0],[23.3,-30.3],[26.15,-38.65],[34,-41.6],[41.85,-38.65],[44.7,-30.3],[44.7,0],[61.7,0],[61.7,-30.3],[64.55,-38.65],[72.4,-41.6],[80.25,-38.65],[83.1,-30.3],[83.1,0],[100.1,0],[100.1,-32.6],[93.95,-50.1]],"c":true},"ix":2},"nm":"m","mn":"ADBE Vector Shape - Group","hd":false}],"nm":"m","np":3,"cix":2,"bm":0,"ix":1,"mn":"ADBE Vector Group","hd":false}]},"fFamily":"Poppins"},{"ch":"T","size":10.1665802001953,"style":"Regular","w":54.1,"data":{"shapes":[{"ty":"gr","it":[{"ind":0,"ty":"sh","ix":1,"ks":{"a":0,"k":{"i":[[0,0],[0,0],[0,0],[0,0],[0,0],[0,0],[0,0],[0,0]],"o":[[0,0],[0,0],[0,0],[0,0],[0,0],[0,0],[0,0],[0,0]],"v":[[3.4,-69.7],[3.4,-62.3],[22.5,-62.3],[22.5,0],[31.6,0],[31.6,-62.3],[50.6,-62.3],[50.6,-69.7]],"c":true},"ix":2},"nm":"T","mn":"ADBE Vector Shape - Group","hd":false}],"nm":"T","np":3,"cix":2,"bm":0,"ix":1,"mn":"ADBE Vector Group","hd":false}]},"fFamily":"Poppins"},{"ch":"h","size":10.1665802001953,"style":"Regular","w":64,"data":{"shapes":[{"ty":"gr","it":[{"ind":0,"ty":"sh","ix":1,"ks":{"a":0,"k":{"i":[[4.133,0],[3.166,-1.533],[1.8,-2.8],[0,0],[0,0],[0,0],[0,0],[0,0],[-2.834,3],[-4.8,0],[-2.734,-2.9],[0,-5.466],[0,0],[0,0],[0,0],[1.9,3.534],[3.333,1.767]],"o":[[-3.934,0],[-3.167,1.534],[0,0],[0,0],[0,0],[0,0],[0,0],[0,-5.733],[2.833,-3],[4.733,0],[2.733,2.9],[0,0],[0,0],[0,0],[0,-5.066],[-1.9,-3.533],[-3.334,-1.766]],"v":[[34.9,-55.8],[24.25,-53.5],[16.8,-47],[16.8,-74],[7.7,-74],[7.7,0],[16.8,0],[16.8,-30.3],[21.05,-43.4],[32.5,-47.9],[43.7,-43.55],[47.8,-31],[47.8,0],[56.8,0],[56.8,-32.3],[53.95,-45.2],[46.1,-53.15]],"c":true},"ix":2},"nm":"h","mn":"ADBE Vector Shape - Group","hd":false}],"nm":"h","np":3,"cix":2,"bm":0,"ix":1,"mn":"ADBE Vector Group","hd":false}]},"fFamily":"Poppins"},{"ch":"a","size":10.1665802001953,"style":"Regular","w":67.6,"data":{"shapes":[{"ty":"gr","it":[{"ind":0,"ty":"sh","ix":1,"ks":{"a":0,"k":{"i":[[0,-5.6],[-2.267,-4.333],[-3.934,-2.4],[-4.867,0],[-3.567,2.1],[-1.8,3.2],[0,0],[0,0],[0,0],[0,0],[0,0],[3.533,2.067],[4.8,0],[3.966,-2.333],[2.266,-4.233]],"o":[[0,5.534],[2.266,4.334],[3.933,2.4],[4.733,0],[3.566,-2.1],[0,0],[0,0],[0,0],[0,0],[0,0],[-1.734,-3.133],[-3.534,-2.066],[-4.867,0],[-3.967,2.334],[-2.267,4.234]],"v":[[4.3,-27.6],[7.7,-12.8],[17,-2.7],[30.2,0.9],[42.65,-2.25],[50.7,-10.2],[50.7,0],[59.9,0],[59.9,-54.8],[50.7,-54.8],[50.7,-44.8],[42.8,-52.6],[30.3,-55.7],[17.05,-52.2],[7.7,-42.35]],"c":true},"ix":2},"nm":"a","mn":"ADBE Vector Shape - Group","hd":false},{"ind":1,"ty":"sh","ix":2,"ks":{"a":0,"k":{"i":[[0,-4.133],[1.666,-3.1],[2.833,-1.633],[3.4,0],[2.8,1.634],[1.666,3.1],[0,4.2],[-1.667,3.067],[-2.8,1.6],[-3.4,0],[-2.834,-1.633],[-1.667,-3.066]],"o":[[0,4.134],[-1.667,3.1],[-2.834,1.634],[-3.4,0],[-2.8,-1.633],[-1.667,-3.1],[0,-4.133],[1.666,-3.066],[2.8,-1.6],[3.4,0],[2.833,1.634],[1.666,3.067]],"v":[[50.7,-27.5],[48.2,-16.65],[41.45,-9.55],[32.1,-7.1],[22.8,-9.55],[16.1,-16.65],[13.6,-27.6],[16.1,-38.4],[22.8,-45.4],[32.1,-47.8],[41.45,-45.35],[48.2,-38.3]],"c":true},"ix":2},"nm":"a","mn":"ADBE Vector Shape - Group","hd":false}],"nm":"a","np":5,"cix":2,"bm":0,"ix":1,"mn":"ADBE Vector Group","hd":false}]},"fFamily":"Poppins"},{"ch":"n","size":10.1665802001953,"style":"Regular","w":64,"data":{"shapes":[{"ty":"gr","it":[{"ind":0,"ty":"sh","ix":1,"ks":{"a":0,"k":{"i":[[6.666,0],[3.1,-1.533],[1.8,-2.8],[0,0],[0,0],[0,0],[0,0],[0,0],[-2.834,3],[-4.8,0],[-2.734,-2.9],[0,-5.466],[0,0],[0,0],[0,0],[4.133,4.034]],"o":[[-3.734,0],[-3.1,1.534],[0,0],[0,0],[0,0],[0,0],[0,0],[0,-5.733],[2.833,-3],[4.733,0],[2.733,2.9],[0,0],[0,0],[0,0],[0,-7.6],[-4.134,-4.033]],"v":[[34.4,-55.8],[24.15,-53.5],[16.8,-47],[16.8,-54.8],[7.7,-54.8],[7.7,0],[16.8,0],[16.8,-30.3],[21.05,-43.4],[32.5,-47.9],[43.7,-43.55],[47.8,-31],[47.8,0],[56.8,0],[56.8,-32.3],[50.6,-49.75]],"c":true},"ix":2},"nm":"n","mn":"ADBE Vector Shape - Group","hd":false}],"nm":"n","np":3,"cix":2,"bm":0,"ix":1,"mn":"ADBE Vector Group","hd":false}]},"fFamily":"Poppins"},{"ch":"k","size":10.1665802001953,"style":"Regular","w":51.5,"data":{"shapes":[{"ty":"gr","it":[{"ind":0,"ty":"sh","ix":1,"ks":{"a":0,"k":{"i":[[0,0],[0,0],[0,0],[0,0],[0,0],[0,0],[0,0],[0,0],[0,0],[0,0],[0,0]],"o":[[0,0],[0,0],[0,0],[0,0],[0,0],[0,0],[0,0],[0,0],[0,0],[0,0],[0,0]],"v":[[50.7,0],[24.8,-27.5],[50.6,-54.8],[37.9,-54.8],[16.8,-30.5],[16.8,-74],[7.7,-74],[7.7,0],[16.8,0],[16.8,-24.2],[38.3,0]],"c":true},"ix":2},"nm":"k","mn":"ADBE Vector Shape - Group","hd":false}],"nm":"k","np":3,"cix":2,"bm":0,"ix":1,"mn":"ADBE Vector Group","hd":false}]},"fFamily":"Poppins"},{"ch":" ","size":10.1665802001953,"style":"Regular","w":26.7,"data":{},"fFamily":"Poppins"},{"ch":"Y","size":10.1665802001953,"style":"Regular","w":58.4,"data":{"shapes":[{"ty":"gr","it":[{"ind":0,"ty":"sh","ix":1,"ks":{"a":0,"k":{"i":[[0,0],[0,0],[0,0],[0,0],[0,0],[0,0],[0,0],[0,0],[0,0]],"o":[[0,0],[0,0],[0,0],[0,0],[0,0],[0,0],[0,0],[0,0],[0,0]],"v":[[46.4,-69.7],[29.2,-34.4],[12,-69.7],[1.9,-69.7],[24.7,-26.3],[24.7,0],[33.8,0],[33.8,-26.3],[56.5,-69.7]],"c":true},"ix":2},"nm":"Y","mn":"ADBE Vector Shape - Group","hd":false}],"nm":"Y","np":3,"cix":2,"bm":0,"ix":1,"mn":"ADBE Vector Group","hd":false}]},"fFamily":"Poppins"},{"ch":"o","size":10.1665802001953,"style":"Regular","w":64,"data":{"shapes":[{"ty":"gr","it":[{"ind":0,"ty":"sh","ix":1,"ks":{"a":0,"k":{"i":[[-5.134,0],[-4.267,2.334],[-2.5,4.3],[0,5.667],[2.433,4.267],[4.2,2.3],[5.2,0],[4.2,-2.3],[2.433,-4.3],[0,-5.6],[-2.367,-4.3],[-4.167,-2.333]],"o":[[5.2,0],[4.266,-2.333],[2.5,-4.3],[0,-5.666],[-2.434,-4.266],[-4.2,-2.3],[-5.2,0],[-4.2,2.3],[-2.434,4.3],[0,5.667],[2.366,4.3],[4.166,2.334]],"v":[[31.6,0.9],[45.8,-2.6],[55.95,-12.55],[59.7,-27.5],[56.05,-42.4],[46.1,-52.25],[32,-55.7],[17.9,-52.25],[7.95,-42.35],[4.3,-27.5],[7.85,-12.55],[17.65,-2.6]],"c":true},"ix":2},"nm":"o","mn":"ADBE Vector Shape - Group","hd":false},{"ind":1,"ty":"sh","ix":2,"ks":{"a":0,"k":{"i":[[3.266,0],[2.733,1.5],[1.633,3.067],[0,4.467],[-1.667,3.067],[-2.767,1.5],[-3.334,0],[-2.8,-1.5],[-1.734,-3.066],[0,-4.4],[1.766,-3.066],[2.866,-1.533]],"o":[[-3.267,0],[-2.734,-1.5],[-1.634,-3.066],[0,-4.4],[1.666,-3.066],[2.766,-1.5],[3.266,0],[2.8,1.5],[1.733,3.067],[0,4.4],[-1.767,3.067],[-2.867,1.534]],"v":[[31.6,-7.1],[22.6,-9.35],[16.05,-16.2],[13.6,-27.5],[16.1,-38.7],[22.75,-45.55],[31.9,-47.8],[41,-45.55],[47.8,-38.7],[50.4,-27.5],[47.75,-16.3],[40.8,-9.4]],"c":true},"ix":2},"nm":"o","mn":"ADBE Vector Shape - Group","hd":false}],"nm":"o","np":5,"cix":2,"bm":0,"ix":1,"mn":"ADBE Vector Group","hd":false}]},"fFamily":"Poppins"},{"ch":"u","size":10.1665802001953,"style":"Regular","w":64,"data":{"shapes":[{"ty":"gr","it":[{"ind":0,"ty":"sh","ix":1,"ks":{"a":0,"k":{"i":[[0,0],[0,0],[2.8,-3],[4.866,0],[2.733,2.9],[0,5.4],[0,0],[0,0],[0,0],[-1.967,-3.533],[-3.4,-1.766],[-4.267,0],[-3.1,1.566],[-1.734,2.8],[0,0],[0,0],[0,0]],"o":[[0,0],[0,5.734],[-2.8,3],[-4.734,0],[-2.734,-2.9],[0,0],[0,0],[0,0],[0,5.067],[1.966,3.534],[3.4,1.767],[3.733,0],[3.1,-1.566],[0,0],[0,0],[0,0],[0,0]],"v":[[47.2,-54.8],[47.2,-24.7],[43,-11.6],[31.5,-7.1],[20.3,-11.45],[16.2,-23.9],[16.2,-54.8],[7.2,-54.8],[7.2,-22.7],[10.15,-9.8],[18.2,-1.85],[29.7,0.8],[39.95,-1.55],[47.2,-8.1],[47.2,0],[56.3,0],[56.3,-54.8]],"c":true},"ix":2},"nm":"u","mn":"ADBE Vector Shape - Group","hd":false}],"nm":"u","np":3,"cix":2,"bm":0,"ix":1,"mn":"ADBE Vector Group","hd":false}]},"fFamily":"Poppins"},{"ch":".","size":10.1665802001953,"style":"Regular","w":21,"data":{"shapes":[{"ty":"gr","it":[{"ind":0,"ty":"sh","ix":1,"ks":{"a":0,"k":{"i":[[-1.734,0],[-1.167,1.2],[0,1.734],[1.166,1.2],[1.666,0],[1.2,-1.2],[0,-1.733],[-1.2,-1.2]],"o":[[1.666,0],[1.166,-1.2],[0,-1.733],[-1.167,-1.2],[-1.734,0],[-1.2,1.2],[0,1.734],[1.2,1.2]],"v":[[10.6,0.6],[14.85,-1.2],[16.6,-5.6],[14.85,-10],[10.6,-11.8],[6.2,-10],[4.4,-5.6],[6.2,-1.2]],"c":true},"ix":2},"nm":".","mn":"ADBE Vector Shape - Group","hd":false}],"nm":".","np":3,"cix":2,"bm":0,"ix":1,"mn":"ADBE Vector Group","hd":false}]},"fFamily":"Poppins"},{"ch":"D","size":12.5574798583984,"style":"Bold","w":72.7,"data":{"shapes":[{"ty":"gr","it":[{"ind":0,"ty":"sh","ix":1,"ks":{"a":0,"k":{"i":[[7.4,0],[0,0],[0,0],[0,0],[-5.567,2.934],[-3.034,5.334],[0,6.867],[3.033,5.3],[5.533,2.934]],"o":[[0,0],[0,0],[0,0],[7.333,0],[5.566,-2.933],[3.033,-5.333],[0,-6.933],[-3.034,-5.3],[-5.534,-2.933]],"v":[[32.5,-70.2],[6.2,-70.2],[6.2,0],[32.5,0],[51.85,-4.4],[64.75,-16.8],[69.3,-35.1],[64.75,-53.45],[51.9,-65.8]],"c":true},"ix":2},"nm":"D","mn":"ADBE Vector Shape - Group","hd":false},{"ind":1,"ty":"sh","ix":2,"ks":{"a":0,"k":{"i":[[6.466,0],[0,0],[0,0],[0,0],[-3.6,-3.6],[0,-6.466],[3.6,-3.533]],"o":[[0,0],[0,0],[0,0],[6.466,0],[3.6,3.6],[0,6.467],[-3.6,3.534]],"v":[[31.4,-14.8],[23.3,-14.8],[23.3,-55.6],[31.4,-55.6],[46.5,-50.2],[51.9,-35.1],[46.5,-20.1]],"c":true},"ix":2},"nm":"D","mn":"ADBE Vector Shape - Group","hd":false}],"nm":"D","np":5,"cix":2,"bm":0,"ix":1,"mn":"ADBE Vector Group","hd":false}]},"fFamily":"Poppins"},{"ch":"N","size":12.5574798583984,"style":"Bold","w":75.2,"data":{"shapes":[{"ty":"gr","it":[{"ind":0,"ty":"sh","ix":1,"ks":{"a":0,"k":{"i":[[0,0],[0,0],[0,0],[0,0],[0,0],[0,0],[0,0],[0,0],[0,0],[0,0]],"o":[[0,0],[0,0],[0,0],[0,0],[0,0],[0,0],[0,0],[0,0],[0,0],[0,0]],"v":[[69,-70.2],[51.9,-70.2],[51.9,-26.7],[23.3,-70.2],[6.2,-70.2],[6.2,0],[23.3,0],[23.3,-43.3],[51.9,0],[69,0]],"c":true},"ix":2},"nm":"N","mn":"ADBE Vector Shape - Group","hd":false}],"nm":"N","np":3,"cix":2,"bm":0,"ix":1,"mn":"ADBE Vector Group","hd":false}]},"fFamily":"Poppins"},{"ch":"E","size":12.5574798583984,"style":"Bold","w":54.1,"data":{"shapes":[{"ty":"gr","it":[{"ind":0,"ty":"sh","ix":1,"ks":{"a":0,"k":{"i":[[0,0],[0,0],[0,0],[0,0],[0,0],[0,0],[0,0],[0,0],[0,0],[0,0],[0,0],[0,0]],"o":[[0,0],[0,0],[0,0],[0,0],[0,0],[0,0],[0,0],[0,0],[0,0],[0,0],[0,0],[0,0]],"v":[[49.2,-56.5],[49.2,-70.2],[6.2,-70.2],[6.2,0],[49.2,0],[49.2,-13.7],[23.3,-13.7],[23.3,-29.1],[46.2,-29.1],[46.2,-42.3],[23.3,-42.3],[23.3,-56.5]],"c":true},"ix":2},"nm":"E","mn":"ADBE Vector Shape - Group","hd":false}],"nm":"E","np":3,"cix":2,"bm":0,"ix":1,"mn":"ADBE Vector Group","hd":false}]},"fFamily":"Poppins"}]}