{"v":"5.7.3","fr":29.9700012207031,"ip":0,"op":150.000006109625,"w":500,"h":500,"nm":"Filter","ddd":0,"assets":[],"layers":[{"ddd":0,"ind":1,"ty":4,"nm":"Layer 18 Outlines - Group 1 :M","sr":1,"ks":{"o":{"a":0,"k":100,"ix":11},"r":{"a":0,"k":0,"ix":10},"p":{"a":0,"k":[135.921,364.082,0],"ix":2},"a":{"a":0,"k":[135.921,364.082,0],"ix":1},"s":{"a":1,"k":[{"i":{"x":[0.54,0.54,0.54],"y":[1,1,1]},"o":{"x":[0.46,0.46,0.46],"y":[0,0,0]},"t":2,"s":[100,100,100]},{"i":{"x":[0.54,0.54,0.54],"y":[1,1,1]},"o":{"x":[0.46,0.46,0.46],"y":[0,0,0]},"t":17,"s":[0,0,100]},{"i":{"x":[0.54,0.54,0.54],"y":[1,1,1]},"o":{"x":[0.46,0.46,0.46],"y":[0,0,0]},"t":31,"s":[0,0,100]},{"i":{"x":[0.54,0.54,0.54],"y":[1,1,1]},"o":{"x":[0.46,0.46,0.46],"y":[0,0,0]},"t":51,"s":[100,100,100]},{"i":{"x":[0.54,0.54,0.54],"y":[1,1,1]},"o":{"x":[0.46,0.46,0.46],"y":[0,0,0]},"t":71,"s":[0,0,100]},{"i":{"x":[0.54,0.54,0.54],"y":[1,1,1]},"o":{"x":[0.46,0.46,0.46],"y":[0,0,0]},"t":74,"s":[0,0,100]},{"i":{"x":[0.54,0.54,0.54],"y":[1,1,1]},"o":{"x":[0.46,0.46,0.46],"y":[0,0,0]},"t":94,"s":[100,100,100]},{"i":{"x":[0.54,0.54,0.54],"y":[1,1,1]},"o":{"x":[0.46,0.46,0.46],"y":[0,0,0]},"t":114,"s":[0,0,100]},{"i":{"x":[0.54,0.54,0.54],"y":[1,1,1]},"o":{"x":[0.46,0.46,0.46],"y":[0,0,0]},"t":128,"s":[0,0,100]},{"t":148.000006028164,"s":[100,100,100]}],"ix":6}},"ao":0,"shapes":[{"ty":"gr","it":[{"ty":"gr","it":[{"ind":0,"ty":"sh","ix":1,"ks":{"a":0,"k":{"i":[[0.352,0],[0,0.352],[0,0],[-0.352,0],[0,-0.352],[0,0]],"o":[[-0.352,0],[0,0],[0,-0.352],[0.352,0],[0,0],[0,0.352]],"v":[[0,2.597],[-0.637,1.96],[-0.637,-1.96],[0,-2.597],[0.637,-1.96],[0.637,1.96]],"c":true},"ix":2},"nm":"Path 1","mn":"ADBE Vector Shape - Group","hd":false},{"ty":"fl","c":{"a":0,"k":[0.2627,0.102,0,1],"ix":4,"x":"var $bm_rt;\ntry {\n    $bm_rt = thisComp.layer('Controller').effect('Color')('ADBE Color Control-0001');\n} catch (e) {\n    $bm_rt = value;\n}"},"o":{"a":0,"k":100,"ix":5},"r":1,"bm":0,"nm":"Fill 1","mn":"ADBE Vector Graphic - Fill","hd":false},{"ty":"tr","p":{"a":0,"k":[7.779,56.751],"ix":2},"a":{"a":0,"k":[0,0],"ix":1},"s":{"a":0,"k":[100,100],"ix":3},"r":{"a":0,"k":0,"ix":6},"o":{"a":0,"k":100,"ix":7},"sk":{"a":0,"k":0,"ix":4},"sa":{"a":0,"k":0,"ix":5},"nm":"Transform"}],"nm":"Group 1","np":2,"cix":2,"bm":0,"ix":1,"mn":"ADBE Vector Group","hd":false},{"ty":"tr","p":{"a":0,"k":[135.921,364.082],"ix":2},"a":{"a":0,"k":[7.779,56.751],"ix":1},"s":{"a":0,"k":[465.576,465.576],"ix":3},"r":{"a":0,"k":0,"ix":6},"o":{"a":0,"k":100,"ix":7},"sk":{"a":0,"k":0,"ix":4},"sa":{"a":0,"k":0,"ix":5},"nm":"Transform"}],"nm":"Layer 18 Outlines - Group 1","np":1,"cix":2,"bm":0,"ix":1,"mn":"ADBE Vector Group","hd":false},{"ty":"gr","it":[{"ty":"gr","it":[{"ind":0,"ty":"sh","ix":1,"ks":{"a":0,"k":{"i":[[0.352,0],[0,0],[0,0.352],[-0.351,0],[0,0],[0,-0.351]],"o":[[0,0],[-0.351,0],[0,-0.351],[0,0],[0.352,0],[0,0.352]],"v":[[1.96,0.636],[-1.96,0.636],[-2.597,-0.001],[-1.96,-0.636],[1.96,-0.636],[2.597,-0.001]],"c":true},"ix":2},"nm":"Path 1","mn":"ADBE Vector Shape - Group","hd":false},{"ty":"fl","c":{"a":0,"k":[0.2627,0.102,0,1],"ix":4,"x":"var $bm_rt;\ntry {\n    $bm_rt = thisComp.layer('Controller')('Effects')('Color')('ADBE Color Control-0001');\n} catch (e) {\n    $bm_rt = value;\n}"},"o":{"a":0,"k":100,"ix":5},"r":1,"bm":0,"nm":"Fill 1","mn":"ADBE Vector Graphic - Fill","hd":false},{"ty":"tr","p":{"a":0,"k":[7.779,56.752],"ix":2},"a":{"a":0,"k":[0,0],"ix":1},"s":{"a":0,"k":[100,100],"ix":3},"r":{"a":0,"k":0,"ix":6},"o":{"a":0,"k":100,"ix":7},"sk":{"a":0,"k":0,"ix":4},"sa":{"a":0,"k":0,"ix":5},"nm":"Transform"}],"nm":"Group 2","np":2,"cix":2,"bm":0,"ix":1,"mn":"ADBE Vector Group","hd":false},{"ty":"tr","p":{"a":0,"k":[135.921,364.084],"ix":2},"a":{"a":0,"k":[7.779,56.752],"ix":1},"s":{"a":0,"k":[465.576,465.576],"ix":3},"r":{"a":0,"k":0,"ix":6},"o":{"a":0,"k":100,"ix":7},"sk":{"a":0,"k":0,"ix":4},"sa":{"a":0,"k":0,"ix":5},"nm":"Transform"}],"nm":"Layer 18 Outlines - Group 2","np":1,"cix":2,"bm":0,"ix":2,"mn":"ADBE Vector Group","hd":false}],"ip":0,"op":150.000006109625,"st":0,"bm":0},{"ddd":0,"ind":2,"ty":4,"nm":"Layer 18 Outlines - Group 3 :M","sr":1,"ks":{"o":{"a":0,"k":100,"ix":11},"r":{"a":0,"k":0,"ix":10},"p":{"a":0,"k":[386.894,345.83,0],"ix":2},"a":{"a":0,"k":[386.894,345.83,0],"ix":1},"s":{"a":1,"k":[{"i":{"x":[0.54,0.54,0.54],"y":[1,1,1]},"o":{"x":[0.46,0.46,0.46],"y":[0,0,0]},"t":3,"s":[100,100,100]},{"i":{"x":[0.54,0.54,0.54],"y":[1,1,1]},"o":{"x":[0.46,0.46,0.46],"y":[0,0,0]},"t":18,"s":[0,0,100]},{"i":{"x":[0.54,0.54,0.54],"y":[1,1,1]},"o":{"x":[0.46,0.46,0.46],"y":[0,0,0]},"t":23,"s":[0,0,100]},{"i":{"x":[0.54,0.54,0.54],"y":[1,1,1]},"o":{"x":[0.46,0.46,0.46],"y":[0,0,0]},"t":43,"s":[100,100,100]},{"i":{"x":[0.54,0.54,0.54],"y":[1,1,1]},"o":{"x":[0.46,0.46,0.46],"y":[0,0,0]},"t":63,"s":[0,0,100]},{"i":{"x":[0.54,0.54,0.54],"y":[1,1,1]},"o":{"x":[0.46,0.46,0.46],"y":[0,0,0]},"t":79,"s":[0,0,100]},{"i":{"x":[0.54,0.54,0.54],"y":[1,1,1]},"o":{"x":[0.46,0.46,0.46],"y":[0,0,0]},"t":99,"s":[100,100,100]},{"i":{"x":[0.54,0.54,0.54],"y":[1,1,1]},"o":{"x":[0.46,0.46,0.46],"y":[0,0,0]},"t":119,"s":[0,0,100]},{"i":{"x":[0.54,0.54,0.54],"y":[1,1,1]},"o":{"x":[0.46,0.46,0.46],"y":[0,0,0]},"t":129,"s":[0,0,100]},{"t":149.000006068894,"s":[100,100,100]}],"ix":6}},"ao":0,"shapes":[{"ty":"gr","it":[{"ty":"gr","it":[{"ind":0,"ty":"sh","ix":1,"ks":{"a":0,"k":{"i":[[0.352,0],[0,0.352],[0,0],[-0.352,0],[0,-0.351],[0,0]],"o":[[-0.352,0],[0,0],[0,-0.351],[0.352,0],[0,0],[0,0.352]],"v":[[0,2.596],[-0.637,1.96],[-0.637,-1.96],[0,-2.596],[0.637,-1.96],[0.637,1.96]],"c":true},"ix":2},"nm":"Path 1","mn":"ADBE Vector Shape - Group","hd":false},{"ty":"fl","c":{"a":0,"k":[0.2627,0.102,0,1],"ix":4,"x":"var $bm_rt;\ntry {\n    $bm_rt = thisComp.layer('Controller')('Effects')('Color')('ADBE Color Control-0001');\n} catch (e) {\n    $bm_rt = value;\n}"},"o":{"a":0,"k":100,"ix":5},"r":1,"bm":0,"nm":"Fill 1","mn":"ADBE Vector Graphic - Fill","hd":false},{"ty":"tr","p":{"a":0,"k":[61.684,52.831],"ix":2},"a":{"a":0,"k":[0,0],"ix":1},"s":{"a":0,"k":[100,100],"ix":3},"r":{"a":0,"k":0,"ix":6},"o":{"a":0,"k":100,"ix":7},"sk":{"a":0,"k":0,"ix":4},"sa":{"a":0,"k":0,"ix":5},"nm":"Transform"}],"nm":"Group 3","np":2,"cix":2,"bm":0,"ix":1,"mn":"ADBE Vector Group","hd":false},{"ty":"tr","p":{"a":0,"k":[386.894,345.83],"ix":2},"a":{"a":0,"k":[61.684,52.831],"ix":1},"s":{"a":0,"k":[465.576,465.576],"ix":3},"r":{"a":0,"k":0,"ix":6},"o":{"a":0,"k":100,"ix":7},"sk":{"a":0,"k":0,"ix":4},"sa":{"a":0,"k":0,"ix":5},"nm":"Transform"}],"nm":"Layer 18 Outlines - Group 3","np":1,"cix":2,"bm":0,"ix":1,"mn":"ADBE Vector Group","hd":false},{"ty":"gr","it":[{"ty":"gr","it":[{"ind":0,"ty":"sh","ix":1,"ks":{"a":0,"k":{"i":[[0.352,0],[0,0],[0,0.352],[-0.351,0],[0,0],[0,-0.352]],"o":[[0,0],[-0.351,0],[0,-0.352],[0,0],[0.352,0],[0,0.352]],"v":[[1.96,0.637],[-1.96,0.637],[-2.597,0],[-1.96,-0.637],[1.96,-0.637],[2.597,0]],"c":true},"ix":2},"nm":"Path 1","mn":"ADBE Vector Shape - Group","hd":false},{"ty":"fl","c":{"a":0,"k":[0.2627,0.102,0,1],"ix":4,"x":"var $bm_rt;\ntry {\n    $bm_rt = thisComp.layer('Controller')('Effects')('Color')('ADBE Color Control-0001');\n} catch (e) {\n    $bm_rt = value;\n}"},"o":{"a":0,"k":100,"ix":5},"r":1,"bm":0,"nm":"Fill 1","mn":"ADBE Vector Graphic - Fill","hd":false},{"ty":"tr","p":{"a":0,"k":[61.684,52.831],"ix":2},"a":{"a":0,"k":[0,0],"ix":1},"s":{"a":0,"k":[100,100],"ix":3},"r":{"a":0,"k":0,"ix":6},"o":{"a":0,"k":100,"ix":7},"sk":{"a":0,"k":0,"ix":4},"sa":{"a":0,"k":0,"ix":5},"nm":"Transform"}],"nm":"Group 4","np":2,"cix":2,"bm":0,"ix":1,"mn":"ADBE Vector Group","hd":false},{"ty":"tr","p":{"a":0,"k":[386.894,345.832],"ix":2},"a":{"a":0,"k":[61.684,52.831],"ix":1},"s":{"a":0,"k":[465.576,465.576],"ix":3},"r":{"a":0,"k":0,"ix":6},"o":{"a":0,"k":100,"ix":7},"sk":{"a":0,"k":0,"ix":4},"sa":{"a":0,"k":0,"ix":5},"nm":"Transform"}],"nm":"Layer 18 Outlines - Group 4","np":1,"cix":2,"bm":0,"ix":2,"mn":"ADBE Vector Group","hd":false}],"ip":0,"op":150.000006109625,"st":0,"bm":0},{"ddd":0,"ind":3,"ty":4,"nm":"Layer 18 Outlines - Group 5 :M","sr":1,"ks":{"o":{"a":0,"k":100,"ix":11},"r":{"a":0,"k":0,"ix":10},"p":{"a":0,"k":[313.882,359.522,0],"ix":2},"a":{"a":0,"k":[313.882,359.522,0],"ix":1},"s":{"a":1,"k":[{"i":{"x":[0.54,0.54,0.54],"y":[1,1,1]},"o":{"x":[0.46,0.46,0.46],"y":[0,0,0]},"t":5,"s":[100,100,100]},{"i":{"x":[0.54,0.54,0.54],"y":[1,1,1]},"o":{"x":[0.46,0.46,0.46],"y":[0,0,0]},"t":20,"s":[0,0,100]},{"i":{"x":[0.54,0.54,0.54],"y":[1,1,1]},"o":{"x":[0.46,0.46,0.46],"y":[0,0,0]},"t":29,"s":[0,0,100]},{"i":{"x":[0.54,0.54,0.54],"y":[1,1,1]},"o":{"x":[0.46,0.46,0.46],"y":[0,0,0]},"t":49,"s":[100,100,100]},{"i":{"x":[0.54,0.54,0.54],"y":[1,1,1]},"o":{"x":[0.46,0.46,0.46],"y":[0,0,0]},"t":69,"s":[0,0,100]},{"i":{"x":[0.54,0.54,0.54],"y":[1,1,1]},"o":{"x":[0.46,0.46,0.46],"y":[0,0,0]},"t":83,"s":[0,0,100]},{"i":{"x":[0.54,0.54,0.54],"y":[1,1,1]},"o":{"x":[0.46,0.46,0.46],"y":[0,0,0]},"t":103,"s":[100,100,100]},{"i":{"x":[0.54,0.54,0.54],"y":[1,1,1]},"o":{"x":[0.46,0.46,0.46],"y":[0,0,0]},"t":123,"s":[0,0,100]},{"i":{"x":[0.54,0.54,0.54],"y":[1,1,1]},"o":{"x":[0.46,0.46,0.46],"y":[0,0,0]},"t":131,"s":[0,0,100]},{"t":150.000006109625,"s":[100,100,100]}],"ix":6}},"ao":0,"shapes":[{"ty":"gr","it":[{"ty":"gr","it":[{"ind":0,"ty":"sh","ix":1,"ks":{"a":0,"k":{"i":[[0.352,0],[0,0.352],[0,0],[-0.352,0],[0,-0.352],[0,0]],"o":[[-0.352,0],[0,0],[0,-0.352],[0.352,0],[0,0],[0,0.352]],"v":[[0,2.597],[-0.637,1.96],[-0.637,-1.96],[0,-2.597],[0.637,-1.96],[0.637,1.96]],"c":true},"ix":2},"nm":"Path 1","mn":"ADBE Vector Shape - Group","hd":false},{"ty":"fl","c":{"a":0,"k":[0.2627,0.102,0,1],"ix":4,"x":"var $bm_rt;\ntry {\n    $bm_rt = thisComp.layer('Controller')('Effects')('Color')('ADBE Color Control-0001');\n} catch (e) {\n    $bm_rt = value;\n}"},"o":{"a":0,"k":100,"ix":5},"r":1,"bm":0,"nm":"Fill 1","mn":"ADBE Vector Graphic - Fill","hd":false},{"ty":"tr","p":{"a":0,"k":[46.003,55.772],"ix":2},"a":{"a":0,"k":[0,0],"ix":1},"s":{"a":0,"k":[100,100],"ix":3},"r":{"a":0,"k":0,"ix":6},"o":{"a":0,"k":100,"ix":7},"sk":{"a":0,"k":0,"ix":4},"sa":{"a":0,"k":0,"ix":5},"nm":"Transform"}],"nm":"Group 5","np":2,"cix":2,"bm":0,"ix":1,"mn":"ADBE Vector Group","hd":false},{"ty":"tr","p":{"a":0,"k":[313.884,359.522],"ix":2},"a":{"a":0,"k":[46.003,55.772],"ix":1},"s":{"a":0,"k":[465.576,465.576],"ix":3},"r":{"a":0,"k":0,"ix":6},"o":{"a":0,"k":100,"ix":7},"sk":{"a":0,"k":0,"ix":4},"sa":{"a":0,"k":0,"ix":5},"nm":"Transform"}],"nm":"Layer 18 Outlines - Group 5","np":1,"cix":2,"bm":0,"ix":1,"mn":"ADBE Vector Group","hd":false},{"ty":"gr","it":[{"ty":"gr","it":[{"ind":0,"ty":"sh","ix":1,"ks":{"a":0,"k":{"i":[[0.352,0],[0,0],[0,0.352],[-0.351,0],[0,0],[0,-0.351]],"o":[[0,0],[-0.351,0],[0,-0.351],[0,0],[0.352,0],[0,0.352]],"v":[[1.96,0.636],[-1.96,0.636],[-2.597,-0.001],[-1.96,-0.636],[1.96,-0.636],[2.597,-0.001]],"c":true},"ix":2},"nm":"Path 1","mn":"ADBE Vector Shape - Group","hd":false},{"ty":"fl","c":{"a":0,"k":[0.2627,0.102,0,1],"ix":4,"x":"var $bm_rt;\ntry {\n    $bm_rt = thisComp.layer('Controller')('Effects')('Color')('ADBE Color Control-0001');\n} catch (e) {\n    $bm_rt = value;\n}"},"o":{"a":0,"k":100,"ix":5},"r":1,"bm":0,"nm":"Fill 1","mn":"ADBE Vector Graphic - Fill","hd":false},{"ty":"tr","p":{"a":0,"k":[46.002,55.771],"ix":2},"a":{"a":0,"k":[0,0],"ix":1},"s":{"a":0,"k":[100,100],"ix":3},"r":{"a":0,"k":0,"ix":6},"o":{"a":0,"k":100,"ix":7},"sk":{"a":0,"k":0,"ix":4},"sa":{"a":0,"k":0,"ix":5},"nm":"Transform"}],"nm":"Group 6","np":2,"cix":2,"bm":0,"ix":1,"mn":"ADBE Vector Group","hd":false},{"ty":"tr","p":{"a":0,"k":[313.882,359.52],"ix":2},"a":{"a":0,"k":[46.002,55.771],"ix":1},"s":{"a":0,"k":[465.576,465.576],"ix":3},"r":{"a":0,"k":0,"ix":6},"o":{"a":0,"k":100,"ix":7},"sk":{"a":0,"k":0,"ix":4},"sa":{"a":0,"k":0,"ix":5},"nm":"Transform"}],"nm":"Layer 18 Outlines - Group 6","np":1,"cix":2,"bm":0,"ix":2,"mn":"ADBE Vector Group","hd":false}],"ip":0,"op":150.000006109625,"st":0,"bm":0},{"ddd":0,"ind":4,"ty":4,"nm":"Layer 18 Outlines - Group 7 :M","sr":1,"ks":{"o":{"a":0,"k":100,"ix":11},"r":{"a":0,"k":0,"ix":10},"p":{"a":0,"k":[350.389,286.514,0],"ix":2},"a":{"a":0,"k":[350.389,286.514,0],"ix":1},"s":{"a":1,"k":[{"i":{"x":[0.54,0.54,0.54],"y":[1,1,1]},"o":{"x":[0.46,0.46,0.46],"y":[0,0,0]},"t":1,"s":[100,100,100]},{"i":{"x":[0.54,0.54,0.54],"y":[1,1,1]},"o":{"x":[0.46,0.46,0.46],"y":[0,0,0]},"t":16,"s":[0,0,100]},{"i":{"x":[0.54,0.54,0.54],"y":[1,1,1]},"o":{"x":[0.46,0.46,0.46],"y":[0,0,0]},"t":24,"s":[0,0,100]},{"i":{"x":[0.54,0.54,0.54],"y":[1,1,1]},"o":{"x":[0.46,0.46,0.46],"y":[0,0,0]},"t":44,"s":[100,100,100]},{"i":{"x":[0.54,0.54,0.54],"y":[1,1,1]},"o":{"x":[0.46,0.46,0.46],"y":[0,0,0]},"t":64,"s":[0,0,100]},{"i":{"x":[0.54,0.54,0.54],"y":[1,1,1]},"o":{"x":[0.46,0.46,0.46],"y":[0,0,0]},"t":77,"s":[0,0,100]},{"i":{"x":[0.54,0.54,0.54],"y":[1,1,1]},"o":{"x":[0.46,0.46,0.46],"y":[0,0,0]},"t":97,"s":[100,100,100]},{"i":{"x":[0.54,0.54,0.54],"y":[1,1,1]},"o":{"x":[0.46,0.46,0.46],"y":[0,0,0]},"t":117,"s":[0,0,100]},{"i":{"x":[0.54,0.54,0.54],"y":[1,1,1]},"o":{"x":[0.46,0.46,0.46],"y":[0,0,0]},"t":127,"s":[0,0,100]},{"t":147.000005987433,"s":[100,100,100]}],"ix":6}},"ao":0,"shapes":[{"ty":"gr","it":[{"ty":"gr","it":[{"ind":0,"ty":"sh","ix":1,"ks":{"a":0,"k":{"i":[[0.352,0],[0,0.352],[0,0],[-0.352,0],[0,-0.351],[0,0]],"o":[[-0.352,0],[0,0],[0,-0.351],[0.352,0],[0,0],[0,0.352]],"v":[[0,2.596],[-0.637,1.96],[-0.637,-1.96],[0,-2.596],[0.637,-1.96],[0.637,1.96]],"c":true},"ix":2},"nm":"Path 1","mn":"ADBE Vector Shape - Group","hd":false},{"ty":"fl","c":{"a":0,"k":[0.2627,0.102,0,1],"ix":4,"x":"var $bm_rt;\ntry {\n    $bm_rt = thisComp.layer('Controller')('Effects')('Color')('ADBE Color Control-0001');\n} catch (e) {\n    $bm_rt = value;\n}"},"o":{"a":0,"k":100,"ix":5},"r":1,"bm":0,"nm":"Fill 1","mn":"ADBE Vector Graphic - Fill","hd":false},{"ty":"tr","p":{"a":0,"k":[53.844,40.091],"ix":2},"a":{"a":0,"k":[0,0],"ix":1},"s":{"a":0,"k":[100,100],"ix":3},"r":{"a":0,"k":0,"ix":6},"o":{"a":0,"k":100,"ix":7},"sk":{"a":0,"k":0,"ix":4},"sa":{"a":0,"k":0,"ix":5},"nm":"Transform"}],"nm":"Group 7","np":2,"cix":2,"bm":0,"ix":1,"mn":"ADBE Vector Group","hd":false},{"ty":"tr","p":{"a":0,"k":[350.389,286.514],"ix":2},"a":{"a":0,"k":[53.844,40.091],"ix":1},"s":{"a":0,"k":[465.576,465.576],"ix":3},"r":{"a":0,"k":0,"ix":6},"o":{"a":0,"k":100,"ix":7},"sk":{"a":0,"k":0,"ix":4},"sa":{"a":0,"k":0,"ix":5},"nm":"Transform"}],"nm":"Layer 18 Outlines - Group 7","np":1,"cix":2,"bm":0,"ix":1,"mn":"ADBE Vector Group","hd":false},{"ty":"gr","it":[{"ty":"gr","it":[{"ind":0,"ty":"sh","ix":1,"ks":{"a":0,"k":{"i":[[0.352,0],[0,0],[0,0.352],[-0.352,0],[0,0],[0,-0.351]],"o":[[0,0],[-0.352,0],[0,-0.351],[0,0],[0.352,0],[0,0.352]],"v":[[1.96,0.637],[-1.96,0.637],[-2.597,-0.001],[-1.96,-0.637],[1.96,-0.637],[2.597,-0.001]],"c":true},"ix":2},"nm":"Path 1","mn":"ADBE Vector Shape - Group","hd":false},{"ty":"fl","c":{"a":0,"k":[0.2627,0.102,0,1],"ix":4,"x":"var $bm_rt;\ntry {\n    $bm_rt = thisComp.layer('Controller')('Effects')('Color')('ADBE Color Control-0001');\n} catch (e) {\n    $bm_rt = value;\n}"},"o":{"a":0,"k":100,"ix":5},"r":1,"bm":0,"nm":"Fill 1","mn":"ADBE Vector Graphic - Fill","hd":false},{"ty":"tr","p":{"a":0,"k":[53.844,40.09],"ix":2},"a":{"a":0,"k":[0,0],"ix":1},"s":{"a":0,"k":[100,100],"ix":3},"r":{"a":0,"k":0,"ix":6},"o":{"a":0,"k":100,"ix":7},"sk":{"a":0,"k":0,"ix":4},"sa":{"a":0,"k":0,"ix":5},"nm":"Transform"}],"nm":"Group 8","np":2,"cix":2,"bm":0,"ix":1,"mn":"ADBE Vector Group","hd":false},{"ty":"tr","p":{"a":0,"k":[350.389,286.512],"ix":2},"a":{"a":0,"k":[53.844,40.09],"ix":1},"s":{"a":0,"k":[465.576,465.576],"ix":3},"r":{"a":0,"k":0,"ix":6},"o":{"a":0,"k":100,"ix":7},"sk":{"a":0,"k":0,"ix":4},"sa":{"a":0,"k":0,"ix":5},"nm":"Transform"}],"nm":"Layer 18 Outlines - Group 8","np":1,"cix":2,"bm":0,"ix":2,"mn":"ADBE Vector Group","hd":false}],"ip":0,"op":150.000006109625,"st":0,"bm":0},{"ddd":0,"ind":5,"ty":4,"nm":"Layer 18 Outlines - Group 9 :M","sr":1,"ks":{"o":{"a":0,"k":100,"ix":11},"r":{"a":0,"k":0,"ix":10},"p":{"a":0,"k":[167.864,323.014,0],"ix":2},"a":{"a":0,"k":[167.864,323.014,0],"ix":1},"s":{"a":1,"k":[{"i":{"x":[0.54,0.54,0.54],"y":[1,1,1]},"o":{"x":[0.46,0.46,0.46],"y":[0,0,0]},"t":2,"s":[100,100,100]},{"i":{"x":[0.54,0.54,0.54],"y":[1,1,1]},"o":{"x":[0.46,0.46,0.46],"y":[0,0,0]},"t":17,"s":[0,0,100]},{"i":{"x":[0.54,0.54,0.54],"y":[1,1,1]},"o":{"x":[0.46,0.46,0.46],"y":[0,0,0]},"t":27,"s":[0,0,100]},{"i":{"x":[0.54,0.54,0.54],"y":[1,1,1]},"o":{"x":[0.46,0.46,0.46],"y":[0,0,0]},"t":47,"s":[100,100,100]},{"i":{"x":[0.54,0.54,0.54],"y":[1,1,1]},"o":{"x":[0.46,0.46,0.46],"y":[0,0,0]},"t":67,"s":[0,0,100]},{"i":{"x":[0.54,0.54,0.54],"y":[1,1,1]},"o":{"x":[0.46,0.46,0.46],"y":[0,0,0]},"t":81,"s":[0,0,100]},{"i":{"x":[0.54,0.54,0.54],"y":[1,1,1]},"o":{"x":[0.46,0.46,0.46],"y":[0,0,0]},"t":101,"s":[100,100,100]},{"i":{"x":[0.54,0.54,0.54],"y":[1,1,1]},"o":{"x":[0.46,0.46,0.46],"y":[0,0,0]},"t":121,"s":[0,0,100]},{"i":{"x":[0.54,0.54,0.54],"y":[1,1,1]},"o":{"x":[0.46,0.46,0.46],"y":[0,0,0]},"t":125,"s":[0,0,100]},{"t":145.000005905971,"s":[100,100,100]}],"ix":6}},"ao":0,"shapes":[{"ty":"gr","it":[{"ty":"gr","it":[{"ind":0,"ty":"sh","ix":1,"ks":{"a":0,"k":{"i":[[0.352,0],[0,0.352],[0,0],[-0.352,0],[0,-0.351],[0,0]],"o":[[-0.352,0],[0,0],[0,-0.351],[0.352,0],[0,0],[0,0.352]],"v":[[0,2.596],[-0.637,1.96],[-0.637,-1.96],[0,-2.596],[0.637,-1.96],[0.637,1.96]],"c":true},"ix":2},"nm":"Path 1","mn":"ADBE Vector Shape - Group","hd":false},{"ty":"fl","c":{"a":0,"k":[0.2627,0.102,0,1],"ix":4,"x":"var $bm_rt;\ntry {\n    $bm_rt = thisComp.layer('Controller')('Effects')('Color')('ADBE Color Control-0001');\n} catch (e) {\n    $bm_rt = value;\n}"},"o":{"a":0,"k":100,"ix":5},"r":1,"bm":0,"nm":"Fill 1","mn":"ADBE Vector Graphic - Fill","hd":false},{"ty":"tr","p":{"a":0,"k":[14.64,47.93],"ix":2},"a":{"a":0,"k":[0,0],"ix":1},"s":{"a":0,"k":[100,100],"ix":3},"r":{"a":0,"k":0,"ix":6},"o":{"a":0,"k":100,"ix":7},"sk":{"a":0,"k":0,"ix":4},"sa":{"a":0,"k":0,"ix":5},"nm":"Transform"}],"nm":"Group 9","np":2,"cix":2,"bm":0,"ix":1,"mn":"ADBE Vector Group","hd":false},{"ty":"tr","p":{"a":0,"k":[167.866,323.014],"ix":2},"a":{"a":0,"k":[14.64,47.93],"ix":1},"s":{"a":0,"k":[465.576,465.576],"ix":3},"r":{"a":0,"k":0,"ix":6},"o":{"a":0,"k":100,"ix":7},"sk":{"a":0,"k":0,"ix":4},"sa":{"a":0,"k":0,"ix":5},"nm":"Transform"}],"nm":"Layer 18 Outlines - Group 9","np":1,"cix":2,"bm":0,"ix":1,"mn":"ADBE Vector Group","hd":false},{"ty":"gr","it":[{"ty":"gr","it":[{"ind":0,"ty":"sh","ix":1,"ks":{"a":0,"k":{"i":[[0.352,0],[0,0],[0,0.353],[-0.351,0],[0,0],[0,-0.351]],"o":[[0,0],[-0.351,0],[0,-0.351],[0,0],[0.352,0],[0,0.353]],"v":[[1.96,0.637],[-1.96,0.637],[-2.597,-0.001],[-1.96,-0.637],[1.96,-0.637],[2.597,-0.001]],"c":true},"ix":2},"nm":"Path 1","mn":"ADBE Vector Shape - Group","hd":false},{"ty":"fl","c":{"a":0,"k":[0.2627,0.102,0,1],"ix":4,"x":"var $bm_rt;\ntry {\n    $bm_rt = thisComp.layer('Controller')('Effects')('Color')('ADBE Color Control-0001');\n} catch (e) {\n    $bm_rt = value;\n}"},"o":{"a":0,"k":100,"ix":5},"r":1,"bm":0,"nm":"Fill 1","mn":"ADBE Vector Graphic - Fill","hd":false},{"ty":"tr","p":{"a":0,"k":[14.639,47.931],"ix":2},"a":{"a":0,"k":[0,0],"ix":1},"s":{"a":0,"k":[100,100],"ix":3},"r":{"a":0,"k":0,"ix":6},"o":{"a":0,"k":100,"ix":7},"sk":{"a":0,"k":0,"ix":4},"sa":{"a":0,"k":0,"ix":5},"nm":"Transform"}],"nm":"Group 10","np":2,"cix":2,"bm":0,"ix":1,"mn":"ADBE Vector Group","hd":false},{"ty":"tr","p":{"a":0,"k":[167.864,323.017],"ix":2},"a":{"a":0,"k":[14.639,47.931],"ix":1},"s":{"a":0,"k":[465.576,465.576],"ix":3},"r":{"a":0,"k":0,"ix":6},"o":{"a":0,"k":100,"ix":7},"sk":{"a":0,"k":0,"ix":4},"sa":{"a":0,"k":0,"ix":5},"nm":"Transform"}],"nm":"Layer 18 Outlines - Group 110","np":1,"cix":2,"bm":0,"ix":2,"mn":"ADBE Vector Group","hd":false}],"ip":0,"op":150.000006109625,"st":0,"bm":0},{"ddd":0,"ind":6,"ty":4,"nm":"Layer 18 Outlines - Group 11 :M","sr":1,"ks":{"o":{"a":0,"k":100,"ix":11},"r":{"a":0,"k":0,"ix":10},"p":{"a":0,"k":[113.106,259.134,0],"ix":2},"a":{"a":0,"k":[113.106,259.134,0],"ix":1},"s":{"a":1,"k":[{"i":{"x":[0.54,0.54,0.54],"y":[1,1,1]},"o":{"x":[0.46,0.46,0.46],"y":[0,0,0]},"t":0,"s":[100,100,100]},{"i":{"x":[0.54,0.54,0.54],"y":[1,1,1]},"o":{"x":[0.46,0.46,0.46],"y":[0,0,0]},"t":15,"s":[0,0,100]},{"i":{"x":[0.54,0.54,0.54],"y":[1,1,1]},"o":{"x":[0.46,0.46,0.46],"y":[0,0,0]},"t":25,"s":[0,0,100]},{"i":{"x":[0.54,0.54,0.54],"y":[1,1,1]},"o":{"x":[0.46,0.46,0.46],"y":[0,0,0]},"t":45,"s":[100,100,100]},{"i":{"x":[0.54,0.54,0.54],"y":[1,1,1]},"o":{"x":[0.46,0.46,0.46],"y":[0,0,0]},"t":65,"s":[0,0,100]},{"i":{"x":[0.54,0.54,0.54],"y":[1,1,1]},"o":{"x":[0.46,0.46,0.46],"y":[0,0,0]},"t":75,"s":[0,0,100]},{"i":{"x":[0.54,0.54,0.54],"y":[1,1,1]},"o":{"x":[0.46,0.46,0.46],"y":[0,0,0]},"t":95,"s":[100,100,100]},{"i":{"x":[0.54,0.54,0.54],"y":[1,1,1]},"o":{"x":[0.46,0.46,0.46],"y":[0,0,0]},"t":115,"s":[0,0,100]},{"i":{"x":[0.54,0.54,0.54],"y":[1,1,1]},"o":{"x":[0.46,0.46,0.46],"y":[0,0,0]},"t":126,"s":[0,0,100]},{"t":146.000005946702,"s":[100,100,100]}],"ix":6}},"ao":0,"shapes":[{"ty":"gr","it":[{"ty":"gr","it":[{"ind":0,"ty":"sh","ix":1,"ks":{"a":0,"k":{"i":[[0.352,0],[0,0.352],[0,0],[-0.352,0],[0,-0.351],[0,0]],"o":[[-0.352,0],[0,0],[0,-0.351],[0.352,0],[0,0],[0,0.352]],"v":[[0,2.596],[-0.637,1.96],[-0.637,-1.96],[0,-2.596],[0.637,-1.96],[0.637,1.96]],"c":true},"ix":2},"nm":"Path 1","mn":"ADBE Vector Shape - Group","hd":false},{"ty":"fl","c":{"a":0,"k":[0.2627,0.102,0,1],"ix":4,"x":"var $bm_rt;\ntry {\n    $bm_rt = thisComp.layer('Controller')('Effects')('Color')('ADBE Color Control-0001');\n} catch (e) {\n    $bm_rt = value;\n}"},"o":{"a":0,"k":100,"ix":5},"r":1,"bm":0,"nm":"Fill 1","mn":"ADBE Vector Graphic - Fill","hd":false},{"ty":"tr","p":{"a":0,"k":[2.878,34.21],"ix":2},"a":{"a":0,"k":[0,0],"ix":1},"s":{"a":0,"k":[100,100],"ix":3},"r":{"a":0,"k":0,"ix":6},"o":{"a":0,"k":100,"ix":7},"sk":{"a":0,"k":0,"ix":4},"sa":{"a":0,"k":0,"ix":5},"nm":"Transform"}],"nm":"Group 11","np":2,"cix":2,"bm":0,"ix":1,"mn":"ADBE Vector Group","hd":false},{"ty":"tr","p":{"a":0,"k":[113.106,259.134],"ix":2},"a":{"a":0,"k":[2.878,34.21],"ix":1},"s":{"a":0,"k":[465.576,465.576],"ix":3},"r":{"a":0,"k":0,"ix":6},"o":{"a":0,"k":100,"ix":7},"sk":{"a":0,"k":0,"ix":4},"sa":{"a":0,"k":0,"ix":5},"nm":"Transform"}],"nm":"Layer 18 Outlines - Group 111","np":1,"cix":2,"bm":0,"ix":1,"mn":"ADBE Vector Group","hd":false},{"ty":"gr","it":[{"ty":"gr","it":[{"ind":0,"ty":"sh","ix":1,"ks":{"a":0,"k":{"i":[[0.352,0],[0,0],[0,0.352],[-0.351,0],[0,0],[0,-0.351]],"o":[[0,0],[-0.351,0],[0,-0.351],[0,0],[0.352,0],[0,0.352]],"v":[[1.96,0.636],[-1.96,0.636],[-2.597,-0.001],[-1.96,-0.636],[1.96,-0.636],[2.597,-0.001]],"c":true},"ix":2},"nm":"Path 1","mn":"ADBE Vector Shape - Group","hd":false},{"ty":"fl","c":{"a":0,"k":[0.2627,0.102,0,1],"ix":4,"x":"var $bm_rt;\ntry {\n    $bm_rt = thisComp.layer('Controller')('Effects')('Color')('ADBE Color Control-0001');\n} catch (e) {\n    $bm_rt = value;\n}"},"o":{"a":0,"k":100,"ix":5},"r":1,"bm":0,"nm":"Fill 1","mn":"ADBE Vector Graphic - Fill","hd":false},{"ty":"tr","p":{"a":0,"k":[2.878,34.21],"ix":2},"a":{"a":0,"k":[0,0],"ix":1},"s":{"a":0,"k":[100,100],"ix":3},"r":{"a":0,"k":0,"ix":6},"o":{"a":0,"k":100,"ix":7},"sk":{"a":0,"k":0,"ix":4},"sa":{"a":0,"k":0,"ix":5},"nm":"Transform"}],"nm":"Group 12","np":2,"cix":2,"bm":0,"ix":1,"mn":"ADBE Vector Group","hd":false},{"ty":"tr","p":{"a":0,"k":[113.106,259.134],"ix":2},"a":{"a":0,"k":[2.878,34.21],"ix":1},"s":{"a":0,"k":[465.576,465.576],"ix":3},"r":{"a":0,"k":0,"ix":6},"o":{"a":0,"k":100,"ix":7},"sk":{"a":0,"k":0,"ix":4},"sa":{"a":0,"k":0,"ix":5},"nm":"Transform"}],"nm":"Layer 18 Outlines - Group 112","np":1,"cix":2,"bm":0,"ix":2,"mn":"ADBE Vector Group","hd":false}],"ip":0,"op":150.000006109625,"st":0,"bm":0},{"ddd":0,"ind":7,"ty":4,"nm":"Layer 18 Outlines - Group 28 :M","parent":8,"sr":1,"ks":{"o":{"a":0,"k":100,"ix":11},"r":{"a":0,"k":0,"ix":10},"p":{"a":1,"k":[{"i":{"x":0.54,"y":1},"o":{"x":0.46,"y":0},"t":3,"s":[249.986,316.848,0],"to":[0,2.166,0],"ti":[0,0,0]},{"i":{"x":0.54,"y":1},"o":{"x":0.46,"y":0},"t":23,"s":[249.986,329.847,0],"to":[0,0,0],"ti":[0,2.166,0]},{"i":{"x":0.54,"y":0.54},"o":{"x":0.46,"y":0.46},"t":43,"s":[249.986,316.848,0],"to":[0,0,0],"ti":[0,0,0]},{"i":{"x":0.54,"y":1},"o":{"x":0.46,"y":0},"t":53,"s":[249.986,316.848,0],"to":[0,2.166,0],"ti":[0,0,0]},{"i":{"x":0.54,"y":1},"o":{"x":0.46,"y":0},"t":73,"s":[249.986,329.847,0],"to":[0,0,0],"ti":[0,2.166,0]},{"i":{"x":0.54,"y":0.54},"o":{"x":0.46,"y":0.46},"t":93,"s":[249.986,316.848,0],"to":[0,0,0],"ti":[0,0,0]},{"i":{"x":0.54,"y":1},"o":{"x":0.46,"y":0},"t":103,"s":[249.986,316.848,0],"to":[0,2.166,0],"ti":[0,0,0]},{"i":{"x":0.54,"y":1},"o":{"x":0.46,"y":0},"t":123,"s":[249.986,329.847,0],"to":[0,0,0],"ti":[0,2.166,0]},{"t":143.000005824509,"s":[249.986,316.848,0]}],"ix":2},"a":{"a":0,"k":[249.986,316.848,0],"ix":1},"s":{"a":0,"k":[100,100,100],"ix":6}},"ao":0,"shapes":[{"ty":"gr","it":[{"ty":"gr","it":[{"ind":0,"ty":"sh","ix":1,"ks":{"a":0,"k":{"i":[[0.241,0],[0,0],[0,0.352],[-0.352,0],[0,0],[0,0],[0,0],[0,0.352],[-0.351,0],[0,0],[-0.116,-0.188],[0.098,-0.198],[0,0]],"o":[[0,0],[-0.352,0],[0,-0.352],[0,0],[0,0],[0,0],[-0.351,0],[0,-0.351],[0,0],[0.221,0],[0.116,0.188],[0,0],[-0.108,0.216]],"v":[[16.155,3.577],[-1.482,3.577],[-2.119,2.94],[-1.482,2.303],[15.76,2.303],[18.064,-2.304],[-19.125,-2.304],[-19.762,-2.941],[-19.125,-3.577],[19.094,-3.577],[19.637,-3.275],[19.665,-2.655],[16.725,3.224]],"c":true},"ix":2},"nm":"Path 1","mn":"ADBE Vector Shape - Group","hd":false},{"ty":"fl","c":{"a":0,"k":[0.2627,0.102,0,1],"ix":4,"x":"var $bm_rt;\ntry {\n    $bm_rt = thisComp.layer('Controller')('Effects')('Color')('ADBE Color Control-0001');\n} catch (e) {\n    $bm_rt = value;\n}"},"o":{"a":0,"k":100,"ix":5},"r":1,"bm":0,"nm":"Fill 1","mn":"ADBE Vector Graphic - Fill","hd":false},{"ty":"tr","p":{"a":0,"k":[44.544,23.428],"ix":2},"a":{"a":0,"k":[0,0],"ix":1},"s":{"a":0,"k":[100,100],"ix":3},"r":{"a":0,"k":0,"ix":6},"o":{"a":0,"k":100,"ix":7},"sk":{"a":0,"k":0,"ix":4},"sa":{"a":0,"k":0,"ix":5},"nm":"Transform"}],"nm":"Group 28","np":2,"cix":2,"bm":0,"ix":1,"mn":"ADBE Vector Group","hd":false},{"ty":"tr","p":{"a":0,"k":[307.018,208.939],"ix":2},"a":{"a":0,"k":[44.528,23.428],"ix":1},"s":{"a":0,"k":[465.576,465.576],"ix":3},"r":{"a":0,"k":0,"ix":6},"o":{"a":0,"k":100,"ix":7},"sk":{"a":0,"k":0,"ix":4},"sa":{"a":0,"k":0,"ix":5},"nm":"Transform"}],"nm":"Layer 18 Outlines - Group 228","np":1,"cix":2,"bm":0,"ix":1,"mn":"ADBE Vector Group","hd":false},{"ty":"gr","it":[{"ty":"gr","it":[{"ind":0,"ty":"sh","ix":1,"ks":{"a":0,"k":{"i":[[0.352,0],[0,0],[0.108,0.216],[0,0],[-0.116,0.188],[-0.22,0],[0,0],[0,-0.351],[0.352,0],[0,0],[0,0],[0,0],[0,-0.352]],"o":[[0,0],[-0.241,0],[0,0],[-0.099,-0.198],[0.116,-0.188],[0,0],[0.352,0],[0,0.352],[0,0],[0,0],[0,0],[0.352,0],[0,0.352]],"v":[[19.127,3.577],[-16.155,3.577],[-16.725,3.224],[-19.665,-2.655],[-19.637,-3.275],[-19.096,-3.577],[1.484,-3.577],[2.121,-2.941],[1.484,-2.304],[-18.065,-2.304],[-15.761,2.303],[19.127,2.303],[19.764,2.94]],"c":true},"ix":2},"nm":"Path 1","mn":"ADBE Vector Shape - Group","hd":false},{"ty":"fl","c":{"a":0,"k":[0.2627,0.102,0,1],"ix":4,"x":"var $bm_rt;\ntry {\n    $bm_rt = thisComp.layer('Controller')('Effects')('Color')('ADBE Color Control-0001');\n} catch (e) {\n    $bm_rt = value;\n}"},"o":{"a":0,"k":100,"ix":5},"r":1,"bm":0,"nm":"Fill 1","mn":"ADBE Vector Graphic - Fill","hd":false},{"ty":"tr","p":{"a":0,"k":[20.014,23.428],"ix":2},"a":{"a":0,"k":[0,0],"ix":1},"s":{"a":0,"k":[100,100],"ix":3},"r":{"a":0,"k":0,"ix":6},"o":{"a":0,"k":100,"ix":7},"sk":{"a":0,"k":0,"ix":4},"sa":{"a":0,"k":0,"ix":5},"nm":"Transform"}],"nm":"Group 29","np":2,"cix":2,"bm":0,"ix":1,"mn":"ADBE Vector Group","hd":false},{"ty":"tr","p":{"a":0,"k":[192.96,208.939],"ix":2},"a":{"a":0,"k":[20.03,23.428],"ix":1},"s":{"a":0,"k":[465.576,465.576],"ix":3},"r":{"a":0,"k":0,"ix":6},"o":{"a":0,"k":100,"ix":7},"sk":{"a":0,"k":0,"ix":4},"sa":{"a":0,"k":0,"ix":5},"nm":"Transform"}],"nm":"Layer 18 Outlines - Group 229","np":1,"cix":2,"bm":0,"ix":2,"mn":"ADBE Vector Group","hd":false},{"ty":"gr","it":[{"ty":"gr","it":[{"ind":0,"ty":"sh","ix":1,"ks":{"a":0,"k":{"i":[[0,0],[0,0],[0,0],[0,0]],"o":[[0,0],[0,0],[0,0],[0,0]],"v":[[22.54,2.94],[-21.56,2.94],[-24.5,-2.94],[24.5,-2.94]],"c":true},"ix":2},"nm":"Path 1","mn":"ADBE Vector Shape - Group","hd":false},{"ty":"fl","c":{"a":0,"k":[0.9448,0.6614,0.5752,1],"ix":4,"x":"var $bm_rt;\ntry {\n    $bm_rt = thisComp.layer('Controller').effect('Color 2')('ADBE Color Control-0001');\n} catch (e) {\n    $bm_rt = value;\n}"},"o":{"a":0,"k":100,"ix":5},"r":1,"bm":0,"nm":"Fill 1","mn":"ADBE Vector Graphic - Fill","hd":false},{"ty":"tr","p":{"a":0,"k":[30.318,23.428],"ix":2},"a":{"a":0,"k":[0,0],"ix":1},"s":{"a":0,"k":[100,100],"ix":3},"r":{"a":0,"k":0,"ix":6},"o":{"a":0,"k":100,"ix":7},"sk":{"a":0,"k":0,"ix":4},"sa":{"a":0,"k":0,"ix":5},"nm":"Transform"}],"nm":"Group 32","np":2,"cix":2,"bm":0,"ix":1,"mn":"ADBE Vector Group","hd":false},{"ty":"tr","p":{"a":0,"k":[240.861,208.936],"ix":2},"a":{"a":0,"k":[30.318,23.428],"ix":1},"s":{"a":0,"k":[465.576,465.576],"ix":3},"r":{"a":0,"k":0,"ix":6},"o":{"a":0,"k":100,"ix":7},"sk":{"a":0,"k":0,"ix":4},"sa":{"a":0,"k":0,"ix":5},"nm":"Transform"}],"nm":"Layer 18 Outlines - Group 332","np":1,"cix":2,"bm":0,"ix":3,"mn":"ADBE Vector Group","hd":false},{"ty":"gr","it":[{"ty":"gr","it":[{"ind":0,"ty":"sh","ix":1,"ks":{"a":0,"k":{"i":[[0,0],[0,0],[0,0],[0,0]],"o":[[0,0],[0,0],[0,0],[0,0]],"v":[[24.99,2.94],[-24.01,2.94],[-26.95,-2.94],[26.95,-2.94]],"c":true},"ix":2},"nm":"Path 1","mn":"ADBE Vector Shape - Group","hd":false},{"ty":"fl","c":{"a":0,"k":[1,1,1,1],"ix":4,"x":"var $bm_rt;\ntry {\n    $bm_rt = thisComp.layer('Controller').effect('Color 3')('ADBE Color Control-0001');\n} catch (e) {\n    $bm_rt = value;\n}"},"o":{"a":0,"k":100,"ix":5},"r":1,"bm":0,"nm":"Fill 1","mn":"ADBE Vector Graphic - Fill","hd":false},{"ty":"tr","p":{"a":0,"k":[27.868,23.428],"ix":2},"a":{"a":0,"k":[0,0],"ix":1},"s":{"a":0,"k":[100,100],"ix":3},"r":{"a":0,"k":0,"ix":6},"o":{"a":0,"k":100,"ix":7},"sk":{"a":0,"k":0,"ix":4},"sa":{"a":0,"k":0,"ix":5},"nm":"Transform"}],"nm":"Group 33","np":2,"cix":2,"bm":0,"ix":1,"mn":"ADBE Vector Group","hd":false},{"ty":"tr","p":{"a":0,"k":[229.454,208.936],"ix":2},"a":{"a":0,"k":[27.868,23.428],"ix":1},"s":{"a":0,"k":[465.576,465.576],"ix":3},"r":{"a":0,"k":0,"ix":6},"o":{"a":0,"k":100,"ix":7},"sk":{"a":0,"k":0,"ix":4},"sa":{"a":0,"k":0,"ix":5},"nm":"Transform"}],"nm":"Layer 18 Outlines - Group 333","np":1,"cix":2,"bm":0,"ix":4,"mn":"ADBE Vector Group","hd":false},{"ty":"gr","it":[{"ty":"gr","it":[{"ind":0,"ty":"sh","ix":1,"ks":{"a":0,"k":{"i":[[0,0],[0,0],[0,0],[0,0]],"o":[[0,0],[0,0],[0,0],[0,0]],"v":[[28.42,2.94],[-28.419,2.94],[-31.36,-2.94],[31.36,-2.94]],"c":true},"ix":2},"nm":"Path 1","mn":"ADBE Vector Shape - Group","hd":false},{"ty":"fl","c":{"a":0,"k":[0.7452,0.3935,0.1748,1],"ix":4,"x":"var $bm_rt;\ntry {\n    $bm_rt = thisComp.layer('Controller').effect('Color 4')('ADBE Color Control-0001');\n} catch (e) {\n    $bm_rt = value;\n}"},"o":{"a":0,"k":100,"ix":5},"r":1,"bm":0,"nm":"Fill 1","mn":"ADBE Vector Graphic - Fill","hd":false},{"ty":"tr","p":{"a":0,"k":[32.278,23.428],"ix":2},"a":{"a":0,"k":[0,0],"ix":1},"s":{"a":0,"k":[100,100],"ix":3},"r":{"a":0,"k":0,"ix":6},"o":{"a":0,"k":100,"ix":7},"sk":{"a":0,"k":0,"ix":4},"sa":{"a":0,"k":0,"ix":5},"nm":"Transform"}],"nm":"Group 35","np":2,"cix":2,"bm":0,"ix":1,"mn":"ADBE Vector Group","hd":false},{"ty":"tr","p":{"a":0,"k":[249.985,208.936],"ix":2},"a":{"a":0,"k":[32.278,23.428],"ix":1},"s":{"a":0,"k":[465.576,465.576],"ix":3},"r":{"a":0,"k":0,"ix":6},"o":{"a":0,"k":100,"ix":7},"sk":{"a":0,"k":0,"ix":4},"sa":{"a":0,"k":0,"ix":5},"nm":"Transform"}],"nm":"Layer 18 Outlines - Group 335","np":1,"cix":2,"bm":0,"ix":5,"mn":"ADBE Vector Group","hd":false},{"ty":"gr","it":[{"ty":"gr","it":[{"ind":0,"ty":"sh","ix":1,"ks":{"a":0,"k":{"i":[[0.152,0],[0.125,0.141],[0,0],[-0.261,0.235],[-0.235,-0.261],[0,0],[0.261,-0.234]],"o":[[-0.174,0],[0,0],[-0.235,-0.262],[0.262,-0.235],[0,0],[0.235,0.261],[-0.122,0.11]],"v":[[2.647,3.612],[2.174,3.401],[-3.12,-2.478],[-3.073,-3.378],[-2.174,-3.331],[3.12,2.551],[3.073,3.449]],"c":true},"ix":2},"nm":"Path 1","mn":"ADBE Vector Shape - Group","hd":false},{"ty":"fl","c":{"a":0,"k":[0.2627,0.102,0,1],"ix":4,"x":"var $bm_rt;\ntry {\n    $bm_rt = thisComp.layer('Controller')('Effects')('Color')('ADBE Color Control-0001');\n} catch (e) {\n    $bm_rt = value;\n}"},"o":{"a":0,"k":100,"ix":5},"r":1,"bm":0,"nm":"Fill 1","mn":"ADBE Vector Graphic - Fill","hd":false},{"ty":"tr","p":{"a":0,"k":[9.445,29.274],"ix":2},"a":{"a":0,"k":[0,0],"ix":1},"s":{"a":0,"k":[100,100],"ix":3},"r":{"a":0,"k":0,"ix":6},"o":{"a":0,"k":100,"ix":7},"sk":{"a":0,"k":0,"ix":4},"sa":{"a":0,"k":0,"ix":5},"nm":"Transform"}],"nm":"Group 36","np":2,"cix":2,"bm":0,"ix":1,"mn":"ADBE Vector Group","hd":false},{"ty":"tr","p":{"a":0,"k":[143.678,236.32],"ix":2},"a":{"a":0,"k":[9.445,29.31],"ix":1},"s":{"a":0,"k":[465.576,465.576],"ix":3},"r":{"a":0,"k":0,"ix":6},"o":{"a":0,"k":100,"ix":7},"sk":{"a":0,"k":0,"ix":4},"sa":{"a":0,"k":0,"ix":5},"nm":"Transform"}],"nm":"Layer 18 Outlines - Group 336","np":1,"cix":2,"bm":0,"ix":6,"mn":"ADBE Vector Group","hd":false},{"ty":"gr","it":[{"ty":"gr","it":[{"ind":0,"ty":"sh","ix":1,"ks":{"a":0,"k":{"i":[[0.181,0],[0,0],[0.12,0.133],[0,0],[-0.261,0.235],[-0.235,-0.262],[0,0],[0,0],[0,0],[-0.262,-0.235],[0.235,-0.261],[0,0]],"o":[[0,0],[-0.181,0],[0,0],[-0.235,-0.262],[0.263,-0.235],[0,0],[0,0],[0,0],[0.235,-0.262],[0.261,0.235],[0,0],[-0.121,0.133]],"v":[[4.139,10.472],[-11.537,10.472],[-12.01,10.262],[-22.254,-1.118],[-22.207,-2.018],[-21.307,-1.971],[-11.254,9.199],[3.855,9.199],[21.307,-10.191],[22.207,-10.238],[22.254,-9.338],[4.613,10.262]],"c":true},"ix":2},"nm":"Path 1","mn":"ADBE Vector Shape - Group","hd":false},{"ty":"fl","c":{"a":0,"k":[0.2627,0.102,0,1],"ix":4,"x":"var $bm_rt;\ntry {\n    $bm_rt = thisComp.layer('Controller')('Effects')('Color')('ADBE Color Control-0001');\n} catch (e) {\n    $bm_rt = value;\n}"},"o":{"a":0,"k":100,"ix":5},"r":1,"bm":0,"nm":"Fill 1","mn":"ADBE Vector Graphic - Fill","hd":false},{"ty":"tr","p":{"a":0,"k":[35.978,36.134],"ix":2},"a":{"a":0,"k":[0,0],"ix":1},"s":{"a":0,"k":[100,100],"ix":3},"r":{"a":0,"k":0,"ix":6},"o":{"a":0,"k":100,"ix":7},"sk":{"a":0,"k":0,"ix":4},"sa":{"a":0,"k":0,"ix":5},"nm":"Transform"}],"nm":"Group 37","np":2,"cix":2,"bm":0,"ix":1,"mn":"ADBE Vector Group","hd":false},{"ty":"tr","p":{"a":0,"k":[267.209,268.257],"ix":2},"a":{"a":0,"k":[35.978,36.169],"ix":1},"s":{"a":0,"k":[465.576,465.576],"ix":3},"r":{"a":0,"k":0,"ix":6},"o":{"a":0,"k":100,"ix":7},"sk":{"a":0,"k":0,"ix":4},"sa":{"a":0,"k":0,"ix":5},"nm":"Transform"}],"nm":"Layer 18 Outlines - Group 337","np":1,"cix":2,"bm":0,"ix":7,"mn":"ADBE Vector Group","hd":false},{"ty":"gr","it":[{"ty":"gr","it":[{"ind":0,"ty":"sh","ix":1,"ks":{"a":0,"k":{"i":[[0,0],[0,0],[0,0],[0,0]],"o":[[0,0],[0,0],[0,0],[0,0]],"v":[[5.388,9.8],[-3.428,9.8],[-19.11,-9.8],[19.11,-9.8]],"c":true},"ix":2},"nm":"Path 1","mn":"ADBE Vector Shape - Group","hd":false},{"ty":"fl","c":{"a":0,"k":[1,0.2353,0,1],"ix":4,"x":"var $bm_rt;\ntry {\n    $bm_rt = thisComp.layer('Controller').effect('Color 5')('ADBE Color Control-0001');\n} catch (e) {\n    $bm_rt = value;\n}"},"o":{"a":0,"k":100,"ix":5},"r":1,"bm":0,"nm":"Fill 1","mn":"ADBE Vector Graphic - Fill","hd":false},{"ty":"tr","p":{"a":0,"k":[30.809,36.169],"ix":2},"a":{"a":0,"k":[0,0],"ix":1},"s":{"a":0,"k":[100,100],"ix":3},"r":{"a":0,"k":0,"ix":6},"o":{"a":0,"k":100,"ix":7},"sk":{"a":0,"k":0,"ix":4},"sa":{"a":0,"k":0,"ix":5},"nm":"Transform"}],"nm":"Group 38","np":2,"cix":2,"bm":0,"ix":1,"mn":"ADBE Vector Group","hd":false},{"ty":"tr","p":{"a":0,"k":[243.144,268.255],"ix":2},"a":{"a":0,"k":[30.809,36.169],"ix":1},"s":{"a":0,"k":[465.576,465.576],"ix":3},"r":{"a":0,"k":0,"ix":6},"o":{"a":0,"k":100,"ix":7},"sk":{"a":0,"k":0,"ix":4},"sa":{"a":0,"k":0,"ix":5},"nm":"Transform"}],"nm":"Layer 18 Outlines - Group 338","np":1,"cix":2,"bm":0,"ix":8,"mn":"ADBE Vector Group","hd":false},{"ty":"gr","it":[{"ty":"gr","it":[{"ind":0,"ty":"sh","ix":1,"ks":{"a":0,"k":{"i":[[0,0],[0,0],[0,0],[0,0]],"o":[[0,0],[0,0],[0,0],[0,0]],"v":[[8.328,9.8],[-3.428,9.8],[-21.07,-9.8],[21.07,-9.8]],"c":true},"ix":2},"nm":"Path 1","mn":"ADBE Vector Shape - Group","hd":false},{"ty":"fl","c":{"a":0,"k":[1,1,1,1],"ix":4,"x":"var $bm_rt;\ntry {\n    $bm_rt = thisComp.layer('Controller')('Effects')('Color 3')('ADBE Color Control-0001');\n} catch (e) {\n    $bm_rt = value;\n}"},"o":{"a":0,"k":100,"ix":5},"r":1,"bm":0,"nm":"Fill 1","mn":"ADBE Vector Graphic - Fill","hd":false},{"ty":"tr","p":{"a":0,"k":[27.869,36.169],"ix":2},"a":{"a":0,"k":[0,0],"ix":1},"s":{"a":0,"k":[100,100],"ix":3},"r":{"a":0,"k":0,"ix":6},"o":{"a":0,"k":100,"ix":7},"sk":{"a":0,"k":0,"ix":4},"sa":{"a":0,"k":0,"ix":5},"nm":"Transform"}],"nm":"Group 39","np":2,"cix":2,"bm":0,"ix":1,"mn":"ADBE Vector Group","hd":false},{"ty":"tr","p":{"a":0,"k":[229.456,268.255],"ix":2},"a":{"a":0,"k":[27.869,36.169],"ix":1},"s":{"a":0,"k":[465.576,465.576],"ix":3},"r":{"a":0,"k":0,"ix":6},"o":{"a":0,"k":100,"ix":7},"sk":{"a":0,"k":0,"ix":4},"sa":{"a":0,"k":0,"ix":5},"nm":"Transform"}],"nm":"Layer 18 Outlines - Group 339","np":1,"cix":2,"bm":0,"ix":9,"mn":"ADBE Vector Group","hd":false},{"ty":"gr","it":[{"ty":"gr","it":[{"ind":0,"ty":"sh","ix":1,"ks":{"a":0,"k":{"i":[[0,0],[0,0],[0,0],[0,0]],"o":[[0,0],[0,0],[0,0],[0,0]],"v":[[7.348,9.8],[-8.328,9.8],[-24.99,-9.8],[24.99,-9.8]],"c":true},"ix":2},"nm":"Path 1","mn":"ADBE Vector Shape - Group","hd":false},{"ty":"fl","c":{"a":0,"k":[1,0.2353,0,1],"ix":4,"x":"var $bm_rt;\ntry {\n    $bm_rt = thisComp.layer('Controller').effect('Color 6')('ADBE Color Control-0001');\n} catch (e) {\n    $bm_rt = value;\n}"},"o":{"a":0,"k":100,"ix":5},"r":1,"bm":0,"nm":"Fill 1","mn":"ADBE Vector Graphic - Fill","hd":false},{"ty":"tr","p":{"a":0,"k":[32.769,36.169],"ix":2},"a":{"a":0,"k":[0,0],"ix":1},"s":{"a":0,"k":[100,100],"ix":3},"r":{"a":0,"k":0,"ix":6},"o":{"a":0,"k":100,"ix":7},"sk":{"a":0,"k":0,"ix":4},"sa":{"a":0,"k":0,"ix":5},"nm":"Transform"}],"nm":"Group 40","np":2,"cix":2,"bm":0,"ix":1,"mn":"ADBE Vector Group","hd":false},{"ty":"tr","p":{"a":0,"k":[252.268,268.255],"ix":2},"a":{"a":0,"k":[32.769,36.169],"ix":1},"s":{"a":0,"k":[465.576,465.576],"ix":3},"r":{"a":0,"k":0,"ix":6},"o":{"a":0,"k":100,"ix":7},"sk":{"a":0,"k":0,"ix":4},"sa":{"a":0,"k":0,"ix":5},"nm":"Transform"}],"nm":"Layer 18 Outlines - Group 440","np":1,"cix":2,"bm":0,"ix":10,"mn":"ADBE Vector Group","hd":false}],"ip":0,"op":150.000006109625,"st":0,"bm":0},{"ddd":0,"ind":8,"ty":4,"nm":"Layer 18 Outlines - Group 27 :M","sr":1,"ks":{"o":{"a":0,"k":100,"ix":11},"r":{"a":1,"k":[{"i":{"x":[0.54],"y":[1]},"o":{"x":[0.46],"y":[0]},"t":25,"s":[0]},{"i":{"x":[0.54],"y":[1]},"o":{"x":[0.46],"y":[0]},"t":45,"s":[3]},{"i":{"x":[0.54],"y":[1]},"o":{"x":[0.46],"y":[0]},"t":55,"s":[3]},{"i":{"x":[0.833],"y":[1]},"o":{"x":[0.46],"y":[0]},"t":75,"s":[0]},{"i":{"x":[0.833],"y":[1]},"o":{"x":[0.167],"y":[0]},"t":95,"s":[-3]},{"i":{"x":[0.54],"y":[1]},"o":{"x":[0.167],"y":[0]},"t":105,"s":[-3]},{"t":125.000005091354,"s":[0]}],"ix":10},"p":{"a":1,"k":[{"i":{"x":0.54,"y":1},"o":{"x":0.46,"y":0},"t":5,"s":[249.988,354.949,0],"to":[0,4.91,0],"ti":[0,0,0]},{"i":{"x":0.54,"y":1},"o":{"x":0.46,"y":0},"t":25,"s":[249.988,384.412,0],"to":[0,0,0],"ti":[0,4.91,0]},{"i":{"x":0.54,"y":0.54},"o":{"x":0.46,"y":0.46},"t":45,"s":[249.988,354.949,0],"to":[0,0,0],"ti":[0,0,0]},{"i":{"x":0.54,"y":1},"o":{"x":0.46,"y":0},"t":55,"s":[249.988,354.949,0],"to":[0,4.91,0],"ti":[0,0,0]},{"i":{"x":0.54,"y":1},"o":{"x":0.46,"y":0},"t":75,"s":[249.988,384.412,0],"to":[0,0,0],"ti":[0,4.91,0]},{"i":{"x":0.54,"y":0.54},"o":{"x":0.46,"y":0.46},"t":95,"s":[249.988,354.949,0],"to":[0,0,0],"ti":[0,0,0]},{"i":{"x":0.54,"y":1},"o":{"x":0.46,"y":0},"t":105,"s":[249.988,354.949,0],"to":[0,4.91,0],"ti":[0,0,0]},{"i":{"x":0.54,"y":1},"o":{"x":0.46,"y":0},"t":125,"s":[249.988,384.412,0],"to":[0,0,0],"ti":[0,4.91,0]},{"t":145.000005905971,"s":[249.988,354.949,0]}],"ix":2},"a":{"a":0,"k":[249.988,354.949,0],"ix":1},"s":{"a":0,"k":[100,100,100],"ix":6}},"ao":0,"shapes":[{"ty":"gr","it":[{"ty":"gr","it":[{"ind":0,"ty":"sh","ix":1,"ks":{"a":0,"k":{"i":[[0.312,0],[0,0],[0.052,0.306],[0,0],[-0.121,0.142],[-0.187,0],[0,0],[0,-0.352],[0.352,0],[0,0],[0,0],[0,0],[0,0],[-0.345,-0.06],[0.057,-0.348],[0,0]],"o":[[0,0],[-0.312,0],[0,0],[-0.031,-0.184],[0.121,-0.143],[0,0],[0.352,0],[0,0.351],[0,0],[0,0],[0,0],[0,0],[0.057,-0.348],[0.347,0.057],[0,0],[-0.051,0.306]],"v":[[4.911,9.456],[-4.889,9.456],[-5.518,8.925],[-8.458,-8.715],[-8.316,-9.231],[-7.829,-9.456],[7.85,-9.456],[8.488,-8.819],[7.85,-8.183],[-7.077,-8.183],[-4.35,8.183],[4.37,8.183],[6.57,-5.004],[7.303,-5.527],[7.826,-4.794],[5.538,8.925]],"c":true},"ix":2},"nm":"Path 1","mn":"ADBE Vector Shape - Group","hd":false},{"ty":"fl","c":{"a":0,"k":[0.2627,0.102,0,1],"ix":4,"x":"var $bm_rt;\ntry {\n    $bm_rt = thisComp.layer('Controller')('Effects')('Color')('ADBE Color Control-0001');\n} catch (e) {\n    $bm_rt = value;\n}"},"o":{"a":0,"k":100,"ix":5},"r":1,"bm":0,"nm":"Fill 1","mn":"ADBE Vector Graphic - Fill","hd":false},{"ty":"tr","p":{"a":0,"k":[32.268,54.79],"ix":2},"a":{"a":0,"k":[0,0],"ix":1},"s":{"a":0,"k":[100,100],"ix":3},"r":{"a":0,"k":0,"ix":6},"o":{"a":0,"k":100,"ix":7},"sk":{"a":0,"k":0,"ix":4},"sa":{"a":0,"k":0,"ix":5},"nm":"Transform"}],"nm":"Group 27","np":2,"cix":2,"bm":0,"ix":1,"mn":"ADBE Vector Group","hd":false},{"ty":"tr","p":{"a":0,"k":[249.988,354.949],"ix":2},"a":{"a":0,"k":[32.279,54.79],"ix":1},"s":{"a":0,"k":[465.576,465.576],"ix":3},"r":{"a":0,"k":0,"ix":6},"o":{"a":0,"k":100,"ix":7},"sk":{"a":0,"k":0,"ix":4},"sa":{"a":0,"k":0,"ix":5},"nm":"Transform"}],"nm":"Layer 18 Outlines - Group 227","np":1,"cix":2,"bm":0,"ix":1,"mn":"ADBE Vector Group","hd":false},{"ty":"gr","it":[{"ty":"gr","it":[{"ind":0,"ty":"sh","ix":1,"ks":{"a":0,"k":{"i":[[0,0],[0,0],[0,0],[0,0]],"o":[[0,0],[0,0],[0,0],[0,0]],"v":[[2.45,8.819],[-2.449,8.819],[-4.41,-8.819],[4.41,-8.819]],"c":true},"ix":2},"nm":"Path 1","mn":"ADBE Vector Shape - Group","hd":false},{"ty":"fl","c":{"a":0,"k":[0.9448,0.6614,0.5752,1],"ix":4,"x":"var $bm_rt;\ntry {\n    $bm_rt = thisComp.layer('Controller')('Effects')('Color 2')('ADBE Color Control-0001');\n} catch (e) {\n    $bm_rt = value;\n}"},"o":{"a":0,"k":100,"ix":5},"r":1,"bm":0,"nm":"Fill 1","mn":"ADBE Vector Graphic - Fill","hd":false},{"ty":"tr","p":{"a":0,"k":[31.788,54.789],"ix":2},"a":{"a":0,"k":[0,0],"ix":1},"s":{"a":0,"k":[100,100],"ix":3},"r":{"a":0,"k":0,"ix":6},"o":{"a":0,"k":100,"ix":7},"sk":{"a":0,"k":0,"ix":4},"sa":{"a":0,"k":0,"ix":5},"nm":"Transform"}],"nm":"Group 30","np":2,"cix":2,"bm":0,"ix":1,"mn":"ADBE Vector Group","hd":false},{"ty":"tr","p":{"a":0,"k":[247.704,354.948],"ix":2},"a":{"a":0,"k":[31.788,54.789],"ix":1},"s":{"a":0,"k":[465.576,465.576],"ix":3},"r":{"a":0,"k":0,"ix":6},"o":{"a":0,"k":100,"ix":7},"sk":{"a":0,"k":0,"ix":4},"sa":{"a":0,"k":0,"ix":5},"nm":"Transform"}],"nm":"Layer 18 Outlines - Group 330","np":1,"cix":2,"bm":0,"ix":2,"mn":"ADBE Vector Group","hd":false},{"ty":"gr","it":[{"ty":"gr","it":[{"ind":0,"ty":"sh","ix":1,"ks":{"a":0,"k":{"i":[[0,0],[0,0],[0,0],[0,0]],"o":[[0,0],[0,0],[0,0],[0,0]],"v":[[4.41,8.819],[-2.449,8.819],[-5.39,-8.819],[5.39,-8.819]],"c":true},"ix":2},"nm":"Path 1","mn":"ADBE Vector Shape - Group","hd":false},{"ty":"fl","c":{"a":0,"k":[1,1,1,1],"ix":4,"x":"var $bm_rt;\ntry {\n    $bm_rt = thisComp.layer('Controller')('Effects')('Color 3')('ADBE Color Control-0001');\n} catch (e) {\n    $bm_rt = value;\n}"},"o":{"a":0,"k":100,"ix":5},"r":1,"bm":0,"nm":"Fill 1","mn":"ADBE Vector Graphic - Fill","hd":false},{"ty":"tr","p":{"a":0,"k":[29.828,54.789],"ix":2},"a":{"a":0,"k":[0,0],"ix":1},"s":{"a":0,"k":[100,100],"ix":3},"r":{"a":0,"k":0,"ix":6},"o":{"a":0,"k":100,"ix":7},"sk":{"a":0,"k":0,"ix":4},"sa":{"a":0,"k":0,"ix":5},"nm":"Transform"}],"nm":"Group 31","np":2,"cix":2,"bm":0,"ix":1,"mn":"ADBE Vector Group","hd":false},{"ty":"tr","p":{"a":0,"k":[238.579,354.948],"ix":2},"a":{"a":0,"k":[29.828,54.789],"ix":1},"s":{"a":0,"k":[465.576,465.576],"ix":3},"r":{"a":0,"k":0,"ix":6},"o":{"a":0,"k":100,"ix":7},"sk":{"a":0,"k":0,"ix":4},"sa":{"a":0,"k":0,"ix":5},"nm":"Transform"}],"nm":"Layer 18 Outlines - Group 331","np":1,"cix":2,"bm":0,"ix":3,"mn":"ADBE Vector Group","hd":false},{"ty":"gr","it":[{"ty":"gr","it":[{"ind":0,"ty":"sh","ix":1,"ks":{"a":0,"k":{"i":[[0,0],[0,0],[0,0],[0,0]],"o":[[0,0],[0,0],[0,0],[0,0]],"v":[[4.9,8.819],[-4.899,8.819],[-7.84,-8.819],[7.84,-8.819]],"c":true},"ix":2},"nm":"Path 1","mn":"ADBE Vector Shape - Group","hd":false},{"ty":"fl","c":{"a":0,"k":[0.7452,0.3935,0.1748,1],"ix":4,"x":"var $bm_rt;\ntry {\n    $bm_rt = thisComp.layer('Controller')('Effects')('Color 4')('ADBE Color Control-0001');\n} catch (e) {\n    $bm_rt = value;\n}"},"o":{"a":0,"k":100,"ix":5},"r":1,"bm":0,"nm":"Fill 1","mn":"ADBE Vector Graphic - Fill","hd":false},{"ty":"tr","p":{"a":0,"k":[32.278,54.789],"ix":2},"a":{"a":0,"k":[0,0],"ix":1},"s":{"a":0,"k":[100,100],"ix":3},"r":{"a":0,"k":0,"ix":6},"o":{"a":0,"k":100,"ix":7},"sk":{"a":0,"k":0,"ix":4},"sa":{"a":0,"k":0,"ix":5},"nm":"Transform"}],"nm":"Group 34","np":2,"cix":2,"bm":0,"ix":1,"mn":"ADBE Vector Group","hd":false},{"ty":"tr","p":{"a":0,"k":[249.985,354.948],"ix":2},"a":{"a":0,"k":[32.278,54.789],"ix":1},"s":{"a":0,"k":[465.576,465.576],"ix":3},"r":{"a":0,"k":0,"ix":6},"o":{"a":0,"k":100,"ix":7},"sk":{"a":0,"k":0,"ix":4},"sa":{"a":0,"k":0,"ix":5},"nm":"Transform"}],"nm":"Layer 18 Outlines - Group 334","np":1,"cix":2,"bm":0,"ix":4,"mn":"ADBE Vector Group","hd":false}],"ip":0,"op":150.000006109625,"st":0,"bm":0},{"ddd":0,"ind":9,"ty":4,"nm":"Layer 18 Outlines - Group 13 :M","sr":1,"ks":{"o":{"a":0,"k":100,"ix":11},"r":{"a":0,"k":0,"ix":10},"p":{"a":1,"k":[{"i":{"x":0.54,"y":1},"o":{"x":0.46,"y":0},"t":3,"s":[268.252,167.872,0],"to":[40.583,77.99,0],"ti":[-52.715,-64.991,0]},{"i":{"x":0.833,"y":1},"o":{"x":0.167,"y":0},"t":43,"s":[256.987,334.25,0],"to":[17.508,21.585,0],"ti":[-12.83,-24.655,0]},{"i":{"x":0.54,"y":1},"o":{"x":0.46,"y":0},"t":54,"s":[268.252,167.872,0],"to":[40.583,77.99,0],"ti":[-52.715,-64.991,0]},{"t":94.0000038286985,"s":[256.987,334.25,0]}],"ix":2},"a":{"a":0,"k":[268.252,167.872,0],"ix":1},"s":{"a":1,"k":[{"i":{"x":[0.54,0.54,0.54],"y":[1,1,1]},"o":{"x":[0.46,0.46,0.46],"y":[0,0,0]},"t":3,"s":[0,0,100]},{"i":{"x":[0.54,0.54,0.54],"y":[1,1,1]},"o":{"x":[0.46,0.46,0.46],"y":[0,0,0]},"t":18,"s":[100,100,100]},{"i":{"x":[0.54,0.54,0.54],"y":[1,1,1]},"o":{"x":[0.46,0.46,0.46],"y":[0,0,0]},"t":27,"s":[100,100,100]},{"i":{"x":[0.833,0.833,0.833],"y":[1,1,1]},"o":{"x":[0.167,0.167,0.167],"y":[0,0,0]},"t":43,"s":[0,0,100]},{"i":{"x":[0.54,0.54,0.54],"y":[1,1,1]},"o":{"x":[0.46,0.46,0.46],"y":[0,0,0]},"t":54,"s":[0,0,100]},{"i":{"x":[0.54,0.54,0.54],"y":[1,1,1]},"o":{"x":[0.46,0.46,0.46],"y":[0,0,0]},"t":69,"s":[100,100,100]},{"i":{"x":[0.54,0.54,0.54],"y":[1,1,1]},"o":{"x":[0.46,0.46,0.46],"y":[0,0,0]},"t":78,"s":[100,100,100]},{"t":94.0000038286985,"s":[0,0,100]}],"ix":6}},"ao":0,"shapes":[{"ty":"gr","it":[{"ty":"gr","it":[{"ind":0,"ty":"sh","ix":1,"ks":{"a":0,"k":{"i":[[0.73,0],[0,-0.729],[-0.729,0],[0,0.731]],"o":[[-0.729,0],[0,0.731],[0.73,0],[0,-0.729]],"v":[[0,-1.323],[-1.323,-0.001],[0,1.323],[1.323,-0.001]],"c":true},"ix":2},"nm":"Path 1","mn":"ADBE Vector Shape - Group","hd":false},{"ind":1,"ty":"sh","ix":2,"ks":{"a":0,"k":{"i":[[1.432,0],[0,1.433],[-1.432,0],[0,-1.431]],"o":[[-1.432,0],[0,-1.431],[1.432,0],[0,1.433]],"v":[[0,2.597],[-2.597,-0.001],[0,-2.597],[2.597,-0.001]],"c":true},"ix":2},"nm":"Path 2","mn":"ADBE Vector Shape - Group","hd":false},{"ty":"mm","mm":1,"nm":"Merge Paths 1","mn":"ADBE Vector Filter - Merge","hd":false},{"ty":"fl","c":{"a":0,"k":[0.2627,0.102,0,1],"ix":4,"x":"var $bm_rt;\ntry {\n    $bm_rt = thisComp.layer('Controller')('Effects')('Color')('ADBE Color Control-0001');\n} catch (e) {\n    $bm_rt = value;\n}"},"o":{"a":0,"k":100,"ix":5},"r":1,"bm":0,"nm":"Fill 1","mn":"ADBE Vector Graphic - Fill","hd":false},{"ty":"tr","p":{"a":0,"k":[36.202,14.608],"ix":2},"a":{"a":0,"k":[0,0],"ix":1},"s":{"a":0,"k":[100,100],"ix":3},"r":{"a":0,"k":0,"ix":6},"o":{"a":0,"k":100,"ix":7},"sk":{"a":0,"k":0,"ix":4},"sa":{"a":0,"k":0,"ix":5},"nm":"Transform"}],"nm":"Group 13","np":4,"cix":2,"bm":0,"ix":1,"mn":"ADBE Vector Group","hd":false},{"ty":"tr","p":{"a":0,"k":[268.252,167.872],"ix":2},"a":{"a":0,"k":[36.202,14.608],"ix":1},"s":{"a":0,"k":[465.576,465.576],"ix":3},"r":{"a":0,"k":0,"ix":6},"o":{"a":0,"k":100,"ix":7},"sk":{"a":0,"k":0,"ix":4},"sa":{"a":0,"k":0,"ix":5},"nm":"Transform"}],"nm":"Layer 18 Outlines - Group 113","np":1,"cix":2,"bm":0,"ix":1,"mn":"ADBE Vector Group","hd":false},{"ty":"gr","it":[{"ty":"gr","it":[{"ind":0,"ty":"sh","ix":1,"ks":{"a":0,"k":{"i":[[0,-1.082],[1.082,0],[0,1.082],[-1.082,0]],"o":[[0,1.082],[-1.082,0],[0,-1.082],[1.082,0]],"v":[[1.96,0],[0,1.96],[-1.96,0],[0,-1.96]],"c":true},"ix":2},"nm":"Path 1","mn":"ADBE Vector Shape - Group","hd":false},{"ty":"fl","c":{"a":0,"k":[1,0.2353,0,1],"ix":4,"x":"var $bm_rt;\ntry {\n    $bm_rt = thisComp.layer('Controller').effect('Color 7')('ADBE Color Control-0001');\n} catch (e) {\n    $bm_rt = value;\n}"},"o":{"a":0,"k":100,"ix":5},"r":1,"bm":0,"nm":"Fill 1","mn":"ADBE Vector Graphic - Fill","hd":false},{"ty":"tr","p":{"a":0,"k":[36.202,14.607],"ix":2},"a":{"a":0,"k":[0,0],"ix":1},"s":{"a":0,"k":[100,100],"ix":3},"r":{"a":0,"k":0,"ix":6},"o":{"a":0,"k":100,"ix":7},"sk":{"a":0,"k":0,"ix":4},"sa":{"a":0,"k":0,"ix":5},"nm":"Transform"}],"nm":"Group 14","np":2,"cix":2,"bm":0,"ix":1,"mn":"ADBE Vector Group","hd":false},{"ty":"tr","p":{"a":0,"k":[268.254,167.869],"ix":2},"a":{"a":0,"k":[36.202,14.607],"ix":1},"s":{"a":0,"k":[465.576,465.576],"ix":3},"r":{"a":0,"k":0,"ix":6},"o":{"a":0,"k":100,"ix":7},"sk":{"a":0,"k":0,"ix":4},"sa":{"a":0,"k":0,"ix":5},"nm":"Transform"}],"nm":"Layer 18 Outlines - Group 114","np":1,"cix":2,"bm":0,"ix":2,"mn":"ADBE Vector Group","hd":false}],"ip":0,"op":150.000006109625,"st":0,"bm":0},{"ddd":0,"ind":10,"ty":4,"nm":"Layer 18 Outlines - Group 15 :M","sr":1,"ks":{"o":{"a":0,"k":100,"ix":11},"r":{"a":0,"k":0,"ix":10},"p":{"a":1,"k":[{"i":{"x":0.54,"y":1},"o":{"x":0.46,"y":0},"t":7,"s":[109.52,130.445,0],"to":[16.031,111.785,0],"ti":[-28.163,-110.919,0]},{"i":{"x":0.833,"y":1},"o":{"x":0.167,"y":0},"t":47,"s":[226.505,322.82,0],"to":[9.235,36.371,0],"ti":[-5.327,-37.145,0]},{"i":{"x":0.54,"y":1},"o":{"x":0.46,"y":0},"t":102,"s":[109.52,130.445,0],"to":[16.031,111.785,0],"ti":[-28.163,-110.919,0]},{"t":142.000005783779,"s":[226.505,322.82,0]}],"ix":2},"a":{"a":0,"k":[145.049,113.114,0],"ix":1},"s":{"a":1,"k":[{"i":{"x":[0.54,0.54,0.54],"y":[1,1,1]},"o":{"x":[0.46,0.46,0.46],"y":[0,0,0]},"t":7,"s":[0,0,100]},{"i":{"x":[0.54,0.54,0.54],"y":[1,1,1]},"o":{"x":[0.46,0.46,0.46],"y":[0,0,0]},"t":22,"s":[100,100,100]},{"i":{"x":[0.54,0.54,0.54],"y":[1,1,1]},"o":{"x":[0.46,0.46,0.46],"y":[0,0,0]},"t":31,"s":[100,100,100]},{"i":{"x":[0.833,0.833,0.833],"y":[1,1,1]},"o":{"x":[0.167,0.167,0.167],"y":[0,0,0]},"t":47,"s":[0,0,100]},{"i":{"x":[0.54,0.54,0.54],"y":[1,1,1]},"o":{"x":[0.46,0.46,0.46],"y":[0,0,0]},"t":102,"s":[0,0,100]},{"i":{"x":[0.54,0.54,0.54],"y":[1,1,1]},"o":{"x":[0.46,0.46,0.46],"y":[0,0,0]},"t":117,"s":[100,100,100]},{"i":{"x":[0.54,0.54,0.54],"y":[1,1,1]},"o":{"x":[0.46,0.46,0.46],"y":[0,0,0]},"t":126,"s":[100,100,100]},{"t":142.000005783779,"s":[0,0,100]}],"ix":6}},"ao":0,"shapes":[{"ty":"gr","it":[{"ty":"gr","it":[{"ind":0,"ty":"sh","ix":1,"ks":{"a":0,"k":{"i":[[0.73,0],[0,-0.729],[-0.729,0],[0,0.73]],"o":[[-0.729,0],[0,0.73],[0.73,0],[0,-0.729]],"v":[[0,-1.324],[-1.323,0],[0,1.323],[1.323,0]],"c":true},"ix":2},"nm":"Path 1","mn":"ADBE Vector Shape - Group","hd":false},{"ind":1,"ty":"sh","ix":2,"ks":{"a":0,"k":{"i":[[1.432,0],[0,1.433],[-1.432,0],[0,-1.432]],"o":[[-1.432,0],[0,-1.432],[1.432,0],[0,1.433]],"v":[[0,2.596],[-2.597,0],[0,-2.596],[2.597,0]],"c":true},"ix":2},"nm":"Path 2","mn":"ADBE Vector Shape - Group","hd":false},{"ty":"mm","mm":1,"nm":"Merge Paths 1","mn":"ADBE Vector Filter - Merge","hd":false},{"ty":"fl","c":{"a":0,"k":[0.2627,0.102,0,1],"ix":4,"x":"var $bm_rt;\ntry {\n    $bm_rt = thisComp.layer('Controller')('Effects')('Color')('ADBE Color Control-0001');\n} catch (e) {\n    $bm_rt = value;\n}"},"o":{"a":0,"k":100,"ix":5},"r":1,"bm":0,"nm":"Fill 1","mn":"ADBE Vector Graphic - Fill","hd":false},{"ty":"tr","p":{"a":0,"k":[9.739,2.847],"ix":2},"a":{"a":0,"k":[0,0],"ix":1},"s":{"a":0,"k":[100,100],"ix":3},"r":{"a":0,"k":0,"ix":6},"o":{"a":0,"k":100,"ix":7},"sk":{"a":0,"k":0,"ix":4},"sa":{"a":0,"k":0,"ix":5},"nm":"Transform"}],"nm":"Group 15","np":4,"cix":2,"bm":0,"ix":1,"mn":"ADBE Vector Group","hd":false},{"ty":"tr","p":{"a":0,"k":[145.049,113.114],"ix":2},"a":{"a":0,"k":[9.739,2.847],"ix":1},"s":{"a":0,"k":[465.576,465.576],"ix":3},"r":{"a":0,"k":0,"ix":6},"o":{"a":0,"k":100,"ix":7},"sk":{"a":0,"k":0,"ix":4},"sa":{"a":0,"k":0,"ix":5},"nm":"Transform"}],"nm":"Layer 18 Outlines - Group 115","np":1,"cix":2,"bm":0,"ix":1,"mn":"ADBE Vector Group","hd":false},{"ty":"gr","it":[{"ty":"gr","it":[{"ind":0,"ty":"sh","ix":1,"ks":{"a":0,"k":{"i":[[0,-1.083],[1.083,0],[0,1.083],[-1.082,0]],"o":[[0,1.083],[-1.082,0],[0,-1.083],[1.083,0]],"v":[[1.96,0],[0,1.96],[-1.96,0],[0,-1.96]],"c":true},"ix":2},"nm":"Path 1","mn":"ADBE Vector Shape - Group","hd":false},{"ty":"fl","c":{"a":0,"k":[1,0.2353,0,1],"ix":4,"x":"var $bm_rt;\ntry {\n    $bm_rt = thisComp.layer('Controller')('Effects')('Color 7')('ADBE Color Control-0001');\n} catch (e) {\n    $bm_rt = value;\n}"},"o":{"a":0,"k":100,"ix":5},"r":1,"bm":0,"nm":"Fill 1","mn":"ADBE Vector Graphic - Fill","hd":false},{"ty":"tr","p":{"a":0,"k":[9.739,2.846],"ix":2},"a":{"a":0,"k":[0,0],"ix":1},"s":{"a":0,"k":[100,100],"ix":3},"r":{"a":0,"k":0,"ix":6},"o":{"a":0,"k":100,"ix":7},"sk":{"a":0,"k":0,"ix":4},"sa":{"a":0,"k":0,"ix":5},"nm":"Transform"}],"nm":"Group 16","np":2,"cix":2,"bm":0,"ix":1,"mn":"ADBE Vector Group","hd":false},{"ty":"tr","p":{"a":0,"k":[145.049,113.113],"ix":2},"a":{"a":0,"k":[9.739,2.846],"ix":1},"s":{"a":0,"k":[465.576,465.576],"ix":3},"r":{"a":0,"k":0,"ix":6},"o":{"a":0,"k":100,"ix":7},"sk":{"a":0,"k":0,"ix":4},"sa":{"a":0,"k":0,"ix":5},"nm":"Transform"}],"nm":"Layer 18 Outlines - Group 116","np":1,"cix":2,"bm":0,"ix":2,"mn":"ADBE Vector Group","hd":false}],"ip":0,"op":150.000006109625,"st":0,"bm":0},{"ddd":0,"ind":11,"ty":4,"nm":"Layer 18 Outlines - Group 17 :M","sr":1,"ks":{"o":{"a":0,"k":100,"ix":11},"r":{"a":0,"k":0,"ix":10},"p":{"a":1,"k":[{"i":{"x":0.54,"y":1},"o":{"x":0.46,"y":0},"t":6,"s":[176.989,167.872,0],"to":[-6.788,92.721,0],"ti":[-5.344,-59.792,0]},{"i":{"x":0.833,"y":1},"o":{"x":0.167,"y":0},"t":46,"s":[229.849,308.253,0],"to":[2.225,24.901,0],"ti":[1.825,-24.934,0]},{"i":{"x":0.54,"y":1},"o":{"x":0.46,"y":0},"t":58,"s":[176.989,167.872,0],"to":[-6.788,92.721,0],"ti":[-5.344,-59.792,0]},{"i":{"x":0.833,"y":1},"o":{"x":0.167,"y":0},"t":98,"s":[229.849,308.253,0],"to":[2.225,24.901,0],"ti":[1.825,-24.934,0]},{"i":{"x":0.54,"y":1},"o":{"x":0.46,"y":0},"t":106,"s":[176.989,167.872,0],"to":[-6.788,92.721,0],"ti":[-5.344,-59.792,0]},{"t":146.000005946702,"s":[229.849,308.253,0]}],"ix":2},"a":{"a":0,"k":[176.989,167.872,0],"ix":1},"s":{"a":1,"k":[{"i":{"x":[0.54,0.54,0.54],"y":[1,1,1]},"o":{"x":[0.46,0.46,0.46],"y":[0,0,0]},"t":6,"s":[0,0,100]},{"i":{"x":[0.54,0.54,0.54],"y":[1,1,1]},"o":{"x":[0.46,0.46,0.46],"y":[0,0,0]},"t":21,"s":[100,100,100]},{"i":{"x":[0.54,0.54,0.54],"y":[1,1,1]},"o":{"x":[0.46,0.46,0.46],"y":[0,0,0]},"t":30,"s":[100,100,100]},{"i":{"x":[0.833,0.833,0.833],"y":[1,1,1]},"o":{"x":[0.167,0.167,0.167],"y":[0,0,0]},"t":46,"s":[0,0,100]},{"i":{"x":[0.54,0.54,0.54],"y":[1,1,1]},"o":{"x":[0.46,0.46,0.46],"y":[0,0,0]},"t":58,"s":[0,0,100]},{"i":{"x":[0.54,0.54,0.54],"y":[1,1,1]},"o":{"x":[0.46,0.46,0.46],"y":[0,0,0]},"t":73,"s":[100,100,100]},{"i":{"x":[0.54,0.54,0.54],"y":[1,1,1]},"o":{"x":[0.46,0.46,0.46],"y":[0,0,0]},"t":82,"s":[100,100,100]},{"i":{"x":[0.833,0.833,0.833],"y":[1,1,1]},"o":{"x":[0.167,0.167,0.167],"y":[0,0,0]},"t":98,"s":[0,0,100]},{"i":{"x":[0.54,0.54,0.54],"y":[1,1,1]},"o":{"x":[0.46,0.46,0.46],"y":[0,0,0]},"t":106,"s":[0,0,100]},{"i":{"x":[0.54,0.54,0.54],"y":[1,1,1]},"o":{"x":[0.46,0.46,0.46],"y":[0,0,0]},"t":121,"s":[100,100,100]},{"i":{"x":[0.54,0.54,0.54],"y":[1,1,1]},"o":{"x":[0.46,0.46,0.46],"y":[0,0,0]},"t":130,"s":[100,100,100]},{"t":146.000005946702,"s":[0,0,100]}],"ix":6}},"ao":0,"shapes":[{"ty":"gr","it":[{"ty":"gr","it":[{"ind":0,"ty":"sh","ix":1,"ks":{"a":0,"k":{"i":[[0.73,0],[0,-0.729],[-0.729,0],[0,0.731]],"o":[[-0.729,0],[0,0.731],[0.73,0],[0,-0.729]],"v":[[0,-1.323],[-1.323,-0.001],[0,1.323],[1.323,-0.001]],"c":true},"ix":2},"nm":"Path 1","mn":"ADBE Vector Shape - Group","hd":false},{"ind":1,"ty":"sh","ix":2,"ks":{"a":0,"k":{"i":[[1.433,0],[0,1.433],[-1.432,0],[0,-1.431]],"o":[[-1.432,0],[0,-1.431],[1.433,0],[0,1.433]],"v":[[0,2.597],[-2.597,-0.001],[0,-2.597],[2.597,-0.001]],"c":true},"ix":2},"nm":"Path 2","mn":"ADBE Vector Shape - Group","hd":false},{"ty":"mm","mm":1,"nm":"Merge Paths 1","mn":"ADBE Vector Filter - Merge","hd":false},{"ty":"fl","c":{"a":0,"k":[0.2627,0.102,0,1],"ix":4,"x":"var $bm_rt;\ntry {\n    $bm_rt = thisComp.layer('Controller')('Effects')('Color')('ADBE Color Control-0001');\n} catch (e) {\n    $bm_rt = value;\n}"},"o":{"a":0,"k":100,"ix":5},"r":1,"bm":0,"nm":"Fill 1","mn":"ADBE Vector Graphic - Fill","hd":false},{"ty":"tr","p":{"a":0,"k":[16.599,14.608],"ix":2},"a":{"a":0,"k":[0,0],"ix":1},"s":{"a":0,"k":[100,100],"ix":3},"r":{"a":0,"k":0,"ix":6},"o":{"a":0,"k":100,"ix":7},"sk":{"a":0,"k":0,"ix":4},"sa":{"a":0,"k":0,"ix":5},"nm":"Transform"}],"nm":"Group 17","np":4,"cix":2,"bm":0,"ix":1,"mn":"ADBE Vector Group","hd":false},{"ty":"tr","p":{"a":0,"k":[176.989,167.872],"ix":2},"a":{"a":0,"k":[16.599,14.608],"ix":1},"s":{"a":0,"k":[465.576,465.576],"ix":3},"r":{"a":0,"k":0,"ix":6},"o":{"a":0,"k":100,"ix":7},"sk":{"a":0,"k":0,"ix":4},"sa":{"a":0,"k":0,"ix":5},"nm":"Transform"}],"nm":"Layer 18 Outlines - Group 117","np":1,"cix":2,"bm":0,"ix":1,"mn":"ADBE Vector Group","hd":false},{"ty":"gr","it":[{"ty":"gr","it":[{"ind":0,"ty":"sh","ix":1,"ks":{"a":0,"k":{"i":[[0,-1.082],[1.083,0],[0,1.082],[-1.082,0]],"o":[[0,1.082],[-1.082,0],[0,-1.082],[1.083,0]],"v":[[1.96,0],[0,1.96],[-1.96,0],[0,-1.96]],"c":true},"ix":2},"nm":"Path 1","mn":"ADBE Vector Shape - Group","hd":false},{"ty":"fl","c":{"a":0,"k":[1,0.2353,0,1],"ix":4,"x":"var $bm_rt;\ntry {\n    $bm_rt = thisComp.layer('Controller')('Effects')('Color 7')('ADBE Color Control-0001');\n} catch (e) {\n    $bm_rt = value;\n}"},"o":{"a":0,"k":100,"ix":5},"r":1,"bm":0,"nm":"Fill 1","mn":"ADBE Vector Graphic - Fill","hd":false},{"ty":"tr","p":{"a":0,"k":[16.6,14.607],"ix":2},"a":{"a":0,"k":[0,0],"ix":1},"s":{"a":0,"k":[100,100],"ix":3},"r":{"a":0,"k":0,"ix":6},"o":{"a":0,"k":100,"ix":7},"sk":{"a":0,"k":0,"ix":4},"sa":{"a":0,"k":0,"ix":5},"nm":"Transform"}],"nm":"Group 18","np":2,"cix":2,"bm":0,"ix":1,"mn":"ADBE Vector Group","hd":false},{"ty":"tr","p":{"a":0,"k":[176.991,167.869],"ix":2},"a":{"a":0,"k":[16.6,14.607],"ix":1},"s":{"a":0,"k":[465.576,465.576],"ix":3},"r":{"a":0,"k":0,"ix":6},"o":{"a":0,"k":100,"ix":7},"sk":{"a":0,"k":0,"ix":4},"sa":{"a":0,"k":0,"ix":5},"nm":"Transform"}],"nm":"Layer 18 Outlines - Group 118","np":1,"cix":2,"bm":0,"ix":2,"mn":"ADBE Vector Group","hd":false}],"ip":0,"op":150.000006109625,"st":0,"bm":0},{"ddd":0,"ind":12,"ty":4,"nm":"Layer 18 Outlines - Group 19 :M","sr":1,"ks":{"o":{"a":0,"k":100,"ix":11},"r":{"a":0,"k":0,"ix":10},"p":{"a":1,"k":[{"i":{"x":0.54,"y":1},"o":{"x":0.46,"y":0},"t":4,"s":[231.749,135.93,0],"to":[32.496,77.701,0],"ti":[-72.357,-119.295,0]},{"i":{"x":0.833,"y":1},"o":{"x":0.167,"y":0},"t":44,"s":[249.946,326.571,0],"to":[16.553,27.29,0],"ti":[-12.315,-29.447,0]},{"i":{"x":0.54,"y":1},"o":{"x":0.46,"y":0},"t":56,"s":[231.749,135.93,0],"to":[32.496,77.701,0],"ti":[-72.357,-119.295,0]},{"i":{"x":0.833,"y":1},"o":{"x":0.167,"y":0},"t":96,"s":[249.946,326.571,0],"to":[16.553,27.29,0],"ti":[-12.315,-29.447,0]},{"i":{"x":0.54,"y":1},"o":{"x":0.46,"y":0},"t":105,"s":[231.749,135.93,0],"to":[32.496,77.701,0],"ti":[-72.357,-119.295,0]},{"t":145.000005905971,"s":[249.946,326.571,0]}],"ix":2},"a":{"a":0,"k":[231.749,135.93,0],"ix":1},"s":{"a":1,"k":[{"i":{"x":[0.54,0.54,0.54],"y":[1,1,1]},"o":{"x":[0.46,0.46,0.46],"y":[0,0,0]},"t":4,"s":[0,0,100]},{"i":{"x":[0.54,0.54,0.54],"y":[1,1,1]},"o":{"x":[0.46,0.46,0.46],"y":[0,0,0]},"t":19,"s":[100,100,100]},{"i":{"x":[0.54,0.54,0.54],"y":[1,1,1]},"o":{"x":[0.46,0.46,0.46],"y":[0,0,0]},"t":28,"s":[100,100,100]},{"i":{"x":[0.833,0.833,0.833],"y":[1,1,1]},"o":{"x":[0.167,0.167,0.167],"y":[0,0,0]},"t":44,"s":[0,0,100]},{"i":{"x":[0.54,0.54,0.54],"y":[1,1,1]},"o":{"x":[0.46,0.46,0.46],"y":[0,0,0]},"t":56,"s":[0,0,100]},{"i":{"x":[0.54,0.54,0.54],"y":[1,1,1]},"o":{"x":[0.46,0.46,0.46],"y":[0,0,0]},"t":71,"s":[100,100,100]},{"i":{"x":[0.54,0.54,0.54],"y":[1,1,1]},"o":{"x":[0.46,0.46,0.46],"y":[0,0,0]},"t":80,"s":[100,100,100]},{"i":{"x":[0.833,0.833,0.833],"y":[1,1,1]},"o":{"x":[0.167,0.167,0.167],"y":[0,0,0]},"t":96,"s":[0,0,100]},{"i":{"x":[0.54,0.54,0.54],"y":[1,1,1]},"o":{"x":[0.46,0.46,0.46],"y":[0,0,0]},"t":105,"s":[0,0,100]},{"i":{"x":[0.54,0.54,0.54],"y":[1,1,1]},"o":{"x":[0.46,0.46,0.46],"y":[0,0,0]},"t":120,"s":[100,100,100]},{"i":{"x":[0.54,0.54,0.54],"y":[1,1,1]},"o":{"x":[0.46,0.46,0.46],"y":[0,0,0]},"t":129,"s":[100,100,100]},{"t":145.000005905971,"s":[0,0,100]}],"ix":6}},"ao":0,"shapes":[{"ty":"gr","it":[{"ty":"gr","it":[{"ind":0,"ty":"sh","ix":1,"ks":{"a":0,"k":{"i":[[0.729,0],[0,-0.729],[-0.73,0],[0,0.73]],"o":[[-0.73,0],[0,0.73],[0.729,0],[0,-0.729]],"v":[[0,-1.324],[-1.323,0],[0,1.323],[1.323,0]],"c":true},"ix":2},"nm":"Path 1","mn":"ADBE Vector Shape - Group","hd":false},{"ind":1,"ty":"sh","ix":2,"ks":{"a":0,"k":{"i":[[1.432,0],[0,1.433],[-1.432,0],[0,-1.432]],"o":[[-1.432,0],[0,-1.432],[1.432,0],[0,1.433]],"v":[[0,2.596],[-2.597,0],[0,-2.596],[2.597,0]],"c":true},"ix":2},"nm":"Path 2","mn":"ADBE Vector Shape - Group","hd":false},{"ty":"mm","mm":1,"nm":"Merge Paths 1","mn":"ADBE Vector Filter - Merge","hd":false},{"ty":"fl","c":{"a":0,"k":[0.2627,0.102,0,1],"ix":4,"x":"var $bm_rt;\ntry {\n    $bm_rt = thisComp.layer('Controller')('Effects')('Color')('ADBE Color Control-0001');\n} catch (e) {\n    $bm_rt = value;\n}"},"o":{"a":0,"k":100,"ix":5},"r":1,"bm":0,"nm":"Fill 1","mn":"ADBE Vector Graphic - Fill","hd":false},{"ty":"tr","p":{"a":0,"k":[28.361,7.747],"ix":2},"a":{"a":0,"k":[0,0],"ix":1},"s":{"a":0,"k":[100,100],"ix":3},"r":{"a":0,"k":0,"ix":6},"o":{"a":0,"k":100,"ix":7},"sk":{"a":0,"k":0,"ix":4},"sa":{"a":0,"k":0,"ix":5},"nm":"Transform"}],"nm":"Group 19","np":4,"cix":2,"bm":0,"ix":1,"mn":"ADBE Vector Group","hd":false},{"ty":"tr","p":{"a":0,"k":[231.749,135.93],"ix":2},"a":{"a":0,"k":[28.361,7.747],"ix":1},"s":{"a":0,"k":[465.576,465.576],"ix":3},"r":{"a":0,"k":0,"ix":6},"o":{"a":0,"k":100,"ix":7},"sk":{"a":0,"k":0,"ix":4},"sa":{"a":0,"k":0,"ix":5},"nm":"Transform"}],"nm":"Layer 18 Outlines - Group 119","np":1,"cix":2,"bm":0,"ix":1,"mn":"ADBE Vector Group","hd":false},{"ty":"gr","it":[{"ty":"gr","it":[{"ind":0,"ty":"sh","ix":1,"ks":{"a":0,"k":{"i":[[0,-1.083],[1.082,0],[0,1.083],[-1.082,0]],"o":[[0,1.083],[-1.082,0],[0,-1.083],[1.082,0]],"v":[[1.96,0],[0,1.96],[-1.96,0],[0,-1.96]],"c":true},"ix":2},"nm":"Path 1","mn":"ADBE Vector Shape - Group","hd":false},{"ty":"fl","c":{"a":0,"k":[1,0.2353,0,1],"ix":4,"x":"var $bm_rt;\ntry {\n    $bm_rt = thisComp.layer('Controller')('Effects')('Color 7')('ADBE Color Control-0001');\n} catch (e) {\n    $bm_rt = value;\n}"},"o":{"a":0,"k":100,"ix":5},"r":1,"bm":0,"nm":"Fill 1","mn":"ADBE Vector Graphic - Fill","hd":false},{"ty":"tr","p":{"a":0,"k":[28.361,7.747],"ix":2},"a":{"a":0,"k":[0,0],"ix":1},"s":{"a":0,"k":[100,100],"ix":3},"r":{"a":0,"k":0,"ix":6},"o":{"a":0,"k":100,"ix":7},"sk":{"a":0,"k":0,"ix":4},"sa":{"a":0,"k":0,"ix":5},"nm":"Transform"}],"nm":"Group 20","np":2,"cix":2,"bm":0,"ix":1,"mn":"ADBE Vector Group","hd":false},{"ty":"tr","p":{"a":0,"k":[231.749,135.928],"ix":2},"a":{"a":0,"k":[28.361,7.747],"ix":1},"s":{"a":0,"k":[465.576,465.576],"ix":3},"r":{"a":0,"k":0,"ix":6},"o":{"a":0,"k":100,"ix":7},"sk":{"a":0,"k":0,"ix":4},"sa":{"a":0,"k":0,"ix":5},"nm":"Transform"}],"nm":"Layer 18 Outlines - Group 220","np":1,"cix":2,"bm":0,"ix":2,"mn":"ADBE Vector Group","hd":false}],"ip":0,"op":150.000006109625,"st":0,"bm":0},{"ddd":0,"ind":13,"ty":4,"nm":"Layer 18 Outlines - Group 21 :M","sr":1,"ks":{"o":{"a":0,"k":100,"ix":11},"r":{"a":0,"k":0,"ix":10},"p":{"a":1,"k":[{"i":{"x":0.518,"y":1},"o":{"x":0.414,"y":0},"t":7,"s":[362.114,111.381,0],"to":[-64.092,102.342,0],"ti":[75.234,-74.877,0]},{"i":{"x":0.833,"y":1},"o":{"x":0.167,"y":0},"t":47,"s":[256.394,300.289,0],"to":[-25.245,25.125,0],"ti":[18.904,-30.186,0]},{"i":{"x":0.518,"y":1},"o":{"x":0.414,"y":0},"t":104,"s":[362.114,111.381,0],"to":[-64.092,102.342,0],"ti":[75.234,-74.877,0]},{"t":144.00000586524,"s":[256.394,300.289,0]}],"ix":2},"a":{"a":0,"k":[359.514,113.114,0],"ix":1},"s":{"a":1,"k":[{"i":{"x":[0.54,0.54,0.54],"y":[1,1,1]},"o":{"x":[0.46,0.46,0.46],"y":[0,0,0]},"t":7,"s":[0,0,100]},{"i":{"x":[0.54,0.54,0.54],"y":[1,1,1]},"o":{"x":[0.46,0.46,0.46],"y":[0,0,0]},"t":22,"s":[100,100,100]},{"i":{"x":[0.54,0.54,0.54],"y":[1,1,1]},"o":{"x":[0.46,0.46,0.46],"y":[0,0,0]},"t":31,"s":[100,100,100]},{"i":{"x":[0.833,0.833,0.833],"y":[1,1,1]},"o":{"x":[0.167,0.167,0.167],"y":[0,0,0]},"t":47,"s":[0,0,100]},{"i":{"x":[0.54,0.54,0.54],"y":[1,1,1]},"o":{"x":[0.46,0.46,0.46],"y":[0,0,0]},"t":104,"s":[0,0,100]},{"i":{"x":[0.54,0.54,0.54],"y":[1,1,1]},"o":{"x":[0.46,0.46,0.46],"y":[0,0,0]},"t":119,"s":[100,100,100]},{"i":{"x":[0.54,0.54,0.54],"y":[1,1,1]},"o":{"x":[0.46,0.46,0.46],"y":[0,0,0]},"t":128,"s":[100,100,100]},{"t":144.00000586524,"s":[0,0,100]}],"ix":6}},"ao":0,"shapes":[{"ty":"gr","it":[{"ty":"gr","it":[{"ind":0,"ty":"sh","ix":1,"ks":{"a":0,"k":{"i":[[0.729,0],[0,-0.729],[-0.73,0],[0,0.73]],"o":[[-0.73,0],[0,0.73],[0.729,0],[0,-0.729]],"v":[[0,-1.324],[-1.323,0],[0,1.323],[1.323,0]],"c":true},"ix":2},"nm":"Path 1","mn":"ADBE Vector Shape - Group","hd":false},{"ind":1,"ty":"sh","ix":2,"ks":{"a":0,"k":{"i":[[1.432,0],[0,1.433],[-1.432,0],[0,-1.432]],"o":[[-1.432,0],[0,-1.432],[1.432,0],[0,1.433]],"v":[[0,2.596],[-2.597,0],[0,-2.596],[2.597,0]],"c":true},"ix":2},"nm":"Path 2","mn":"ADBE Vector Shape - Group","hd":false},{"ty":"mm","mm":1,"nm":"Merge Paths 1","mn":"ADBE Vector Filter - Merge","hd":false},{"ty":"fl","c":{"a":0,"k":[0.2627,0.102,0,1],"ix":4,"x":"var $bm_rt;\ntry {\n    $bm_rt = thisComp.layer('Controller')('Effects')('Color')('ADBE Color Control-0001');\n} catch (e) {\n    $bm_rt = value;\n}"},"o":{"a":0,"k":100,"ix":5},"r":1,"bm":0,"nm":"Fill 1","mn":"ADBE Vector Graphic - Fill","hd":false},{"ty":"tr","p":{"a":0,"k":[55.804,2.847],"ix":2},"a":{"a":0,"k":[0,0],"ix":1},"s":{"a":0,"k":[100,100],"ix":3},"r":{"a":0,"k":0,"ix":6},"o":{"a":0,"k":100,"ix":7},"sk":{"a":0,"k":0,"ix":4},"sa":{"a":0,"k":0,"ix":5},"nm":"Transform"}],"nm":"Group 21","np":4,"cix":2,"bm":0,"ix":1,"mn":"ADBE Vector Group","hd":false},{"ty":"tr","p":{"a":0,"k":[359.514,113.114],"ix":2},"a":{"a":0,"k":[55.804,2.847],"ix":1},"s":{"a":0,"k":[465.576,465.576],"ix":3},"r":{"a":0,"k":0,"ix":6},"o":{"a":0,"k":100,"ix":7},"sk":{"a":0,"k":0,"ix":4},"sa":{"a":0,"k":0,"ix":5},"nm":"Transform"}],"nm":"Layer 18 Outlines - Group 221","np":1,"cix":2,"bm":0,"ix":1,"mn":"ADBE Vector Group","hd":false},{"ty":"gr","it":[{"ty":"gr","it":[{"ind":0,"ty":"sh","ix":1,"ks":{"a":0,"k":{"i":[[0,-1.083],[1.083,0],[0,1.083],[-1.082,0]],"o":[[0,1.083],[-1.082,0],[0,-1.083],[1.083,0]],"v":[[1.96,0],[0,1.96],[-1.96,0],[0,-1.96]],"c":true},"ix":2},"nm":"Path 1","mn":"ADBE Vector Shape - Group","hd":false},{"ty":"fl","c":{"a":0,"k":[1,0.2353,0,1],"ix":4,"x":"var $bm_rt;\ntry {\n    $bm_rt = thisComp.layer('Controller')('Effects')('Color 7')('ADBE Color Control-0001');\n} catch (e) {\n    $bm_rt = value;\n}"},"o":{"a":0,"k":100,"ix":5},"r":1,"bm":0,"nm":"Fill 1","mn":"ADBE Vector Graphic - Fill","hd":false},{"ty":"tr","p":{"a":0,"k":[55.804,2.846],"ix":2},"a":{"a":0,"k":[0,0],"ix":1},"s":{"a":0,"k":[100,100],"ix":3},"r":{"a":0,"k":0,"ix":6},"o":{"a":0,"k":100,"ix":7},"sk":{"a":0,"k":0,"ix":4},"sa":{"a":0,"k":0,"ix":5},"nm":"Transform"}],"nm":"Group 22","np":2,"cix":2,"bm":0,"ix":1,"mn":"ADBE Vector Group","hd":false},{"ty":"tr","p":{"a":0,"k":[359.514,113.113],"ix":2},"a":{"a":0,"k":[55.804,2.846],"ix":1},"s":{"a":0,"k":[465.576,465.576],"ix":3},"r":{"a":0,"k":0,"ix":6},"o":{"a":0,"k":100,"ix":7},"sk":{"a":0,"k":0,"ix":4},"sa":{"a":0,"k":0,"ix":5},"nm":"Transform"}],"nm":"Layer 18 Outlines - Group 222","np":1,"cix":2,"bm":0,"ix":2,"mn":"ADBE Vector Group","hd":false}],"ip":0,"op":150.000006109625,"st":0,"bm":0},{"ddd":0,"ind":14,"ty":4,"nm":"Layer 18 Outlines - Group 23 :M","sr":1,"ks":{"o":{"a":0,"k":100,"ix":11},"r":{"a":0,"k":0,"ix":10},"p":{"a":1,"k":[{"i":{"x":0.54,"y":1},"o":{"x":0.46,"y":0},"t":5,"s":[384.994,174.747,0],"to":[-34.518,79.001,0],"ti":[25.852,-58.203,0]},{"i":{"x":0.54,"y":1},"o":{"x":0.46,"y":0},"t":45,"s":[281.007,301.264,0],"to":[-10.827,24.376,0],"ti":[10.679,-24.441,0]},{"i":{"x":0.54,"y":1},"o":{"x":0.46,"y":0},"t":53,"s":[384.994,174.747,0],"to":[-34.518,79.001,0],"ti":[25.852,-58.203,0]},{"i":{"x":0.54,"y":1},"o":{"x":0.46,"y":0},"t":93,"s":[281.007,301.264,0],"to":[-10.827,24.376,0],"ti":[10.679,-24.441,0]},{"i":{"x":0.54,"y":1},"o":{"x":0.46,"y":0},"t":101,"s":[384.994,174.747,0],"to":[-34.518,79.001,0],"ti":[25.852,-58.203,0]},{"t":141.000005743048,"s":[281.007,301.264,0]}],"ix":2},"a":{"a":0,"k":[332.134,149.617,0],"ix":1},"s":{"a":1,"k":[{"i":{"x":[0.54,0.54,0.54],"y":[1,1,1]},"o":{"x":[0.46,0.46,0.46],"y":[0,0,0]},"t":5,"s":[0,0,100]},{"i":{"x":[0.54,0.54,0.54],"y":[1,1,1]},"o":{"x":[0.46,0.46,0.46],"y":[0,0,0]},"t":20,"s":[100,100,100]},{"i":{"x":[0.54,0.54,0.54],"y":[1,1,1]},"o":{"x":[0.46,0.46,0.46],"y":[0,0,0]},"t":29,"s":[100,100,100]},{"i":{"x":[0.833,0.833,0.833],"y":[1,1,1]},"o":{"x":[0.46,0.46,0.46],"y":[0,0,0]},"t":45,"s":[0,0,100]},{"i":{"x":[0.54,0.54,0.54],"y":[1,1,1]},"o":{"x":[0.46,0.46,0.46],"y":[0,0,0]},"t":53,"s":[0,0,100]},{"i":{"x":[0.54,0.54,0.54],"y":[1,1,1]},"o":{"x":[0.46,0.46,0.46],"y":[0,0,0]},"t":68,"s":[100,100,100]},{"i":{"x":[0.54,0.54,0.54],"y":[1,1,1]},"o":{"x":[0.46,0.46,0.46],"y":[0,0,0]},"t":77,"s":[100,100,100]},{"i":{"x":[0.833,0.833,0.833],"y":[1,1,1]},"o":{"x":[0.167,0.167,0.167],"y":[0,0,0]},"t":93,"s":[0,0,100]},{"i":{"x":[0.54,0.54,0.54],"y":[1,1,1]},"o":{"x":[0.46,0.46,0.46],"y":[0,0,0]},"t":101,"s":[0,0,100]},{"i":{"x":[0.54,0.54,0.54],"y":[1,1,1]},"o":{"x":[0.46,0.46,0.46],"y":[0,0,0]},"t":116,"s":[100,100,100]},{"i":{"x":[0.54,0.54,0.54],"y":[1,1,1]},"o":{"x":[0.46,0.46,0.46],"y":[0,0,0]},"t":125,"s":[100,100,100]},{"t":141.000005743048,"s":[0,0,100]}],"ix":6}},"ao":0,"shapes":[{"ty":"gr","it":[{"ty":"gr","it":[{"ind":0,"ty":"sh","ix":1,"ks":{"a":0,"k":{"i":[[0.73,0],[0,-0.73],[-0.729,0],[0,0.73]],"o":[[-0.729,0],[0,0.73],[0.73,0],[0,-0.73]],"v":[[0,-1.324],[-1.323,0],[0,1.322],[1.323,0]],"c":true},"ix":2},"nm":"Path 1","mn":"ADBE Vector Shape - Group","hd":false},{"ind":1,"ty":"sh","ix":2,"ks":{"a":0,"k":{"i":[[1.433,0],[0,1.432],[-1.432,0],[0,-1.432]],"o":[[-1.432,0],[0,-1.432],[1.433,0],[0,1.432]],"v":[[0,2.597],[-2.597,0],[0,-2.597],[2.597,0]],"c":true},"ix":2},"nm":"Path 2","mn":"ADBE Vector Shape - Group","hd":false},{"ty":"mm","mm":1,"nm":"Merge Paths 1","mn":"ADBE Vector Filter - Merge","hd":false},{"ty":"fl","c":{"a":0,"k":[0.2627,0.102,0,1],"ix":4,"x":"var $bm_rt;\ntry {\n    $bm_rt = thisComp.layer('Controller')('Effects')('Color')('ADBE Color Control-0001');\n} catch (e) {\n    $bm_rt = value;\n}"},"o":{"a":0,"k":100,"ix":5},"r":1,"bm":0,"nm":"Fill 1","mn":"ADBE Vector Graphic - Fill","hd":false},{"ty":"tr","p":{"a":0,"k":[49.923,10.687],"ix":2},"a":{"a":0,"k":[0,0],"ix":1},"s":{"a":0,"k":[100,100],"ix":3},"r":{"a":0,"k":0,"ix":6},"o":{"a":0,"k":100,"ix":7},"sk":{"a":0,"k":0,"ix":4},"sa":{"a":0,"k":0,"ix":5},"nm":"Transform"}],"nm":"Group 23","np":4,"cix":2,"bm":0,"ix":1,"mn":"ADBE Vector Group","hd":false},{"ty":"tr","p":{"a":0,"k":[332.134,149.617],"ix":2},"a":{"a":0,"k":[49.923,10.687],"ix":1},"s":{"a":0,"k":[465.576,465.576],"ix":3},"r":{"a":0,"k":0,"ix":6},"o":{"a":0,"k":100,"ix":7},"sk":{"a":0,"k":0,"ix":4},"sa":{"a":0,"k":0,"ix":5},"nm":"Transform"}],"nm":"Layer 18 Outlines - Group 223","np":1,"cix":2,"bm":0,"ix":1,"mn":"ADBE Vector Group","hd":false},{"ty":"gr","it":[{"ty":"gr","it":[{"ind":0,"ty":"sh","ix":1,"ks":{"a":0,"k":{"i":[[0,-1.082],[1.083,0],[0,1.082],[-1.082,0]],"o":[[0,1.082],[-1.082,0],[0,-1.082],[1.083,0]],"v":[[1.96,0],[0,1.96],[-1.96,0],[0,-1.96]],"c":true},"ix":2},"nm":"Path 1","mn":"ADBE Vector Shape - Group","hd":false},{"ty":"fl","c":{"a":0,"k":[1,0.2353,0,1],"ix":4,"x":"var $bm_rt;\ntry {\n    $bm_rt = thisComp.layer('Controller')('Effects')('Color 7')('ADBE Color Control-0001');\n} catch (e) {\n    $bm_rt = value;\n}"},"o":{"a":0,"k":100,"ix":5},"r":1,"bm":0,"nm":"Fill 1","mn":"ADBE Vector Graphic - Fill","hd":false},{"ty":"tr","p":{"a":0,"k":[49.923,10.687],"ix":2},"a":{"a":0,"k":[0,0],"ix":1},"s":{"a":0,"k":[100,100],"ix":3},"r":{"a":0,"k":0,"ix":6},"o":{"a":0,"k":100,"ix":7},"sk":{"a":0,"k":0,"ix":4},"sa":{"a":0,"k":0,"ix":5},"nm":"Transform"}],"nm":"Group 24","np":2,"cix":2,"bm":0,"ix":1,"mn":"ADBE Vector Group","hd":false},{"ty":"tr","p":{"a":0,"k":[332.136,149.619],"ix":2},"a":{"a":0,"k":[49.923,10.687],"ix":1},"s":{"a":0,"k":[465.576,465.576],"ix":3},"r":{"a":0,"k":0,"ix":6},"o":{"a":0,"k":100,"ix":7},"sk":{"a":0,"k":0,"ix":4},"sa":{"a":0,"k":0,"ix":5},"nm":"Transform"}],"nm":"Layer 18 Outlines - Group 224","np":1,"cix":2,"bm":0,"ix":2,"mn":"ADBE Vector Group","hd":false}],"ip":0,"op":150.000006109625,"st":0,"bm":0},{"ddd":0,"ind":15,"ty":4,"nm":"Layer 18 Outlines - Group 25 :M","sr":1,"ks":{"o":{"a":0,"k":100,"ix":11},"r":{"a":0,"k":0,"ix":10},"p":{"a":1,"k":[{"i":{"x":0.54,"y":1},"o":{"x":0.46,"y":0},"t":8,"s":[258.545,113.114,0],"to":[45.205,106.441,0],"ti":[14.587,-96.043,0]},{"i":{"x":0.833,"y":1},"o":{"x":0.167,"y":0},"t":48,"s":[256.812,325.419,0],"to":[-5.35,35.227,0],"ti":[-13.928,-32.796,0]},{"i":{"x":0.54,"y":1},"o":{"x":0.46,"y":0},"t":55,"s":[258.545,113.114,0],"to":[45.205,106.441,0],"ti":[14.587,-96.043,0]},{"i":{"x":0.833,"y":1},"o":{"x":0.167,"y":0},"t":95,"s":[256.812,325.419,0],"to":[-5.35,35.227,0],"ti":[-13.928,-32.796,0]},{"i":{"x":0.54,"y":1},"o":{"x":0.46,"y":0},"t":108,"s":[258.545,113.114,0],"to":[45.205,106.441,0],"ti":[14.587,-96.043,0]},{"t":148.000006028164,"s":[256.812,325.419,0]}],"ix":2},"a":{"a":0,"k":[281.942,113.114,0],"ix":1},"s":{"a":1,"k":[{"i":{"x":[0.54,0.54,0.54],"y":[1,1,1]},"o":{"x":[0.46,0.46,0.46],"y":[0,0,0]},"t":8,"s":[0,0,100]},{"i":{"x":[0.54,0.54,0.54],"y":[1,1,1]},"o":{"x":[0.46,0.46,0.46],"y":[0,0,0]},"t":23,"s":[100,100,100]},{"i":{"x":[0.54,0.54,0.54],"y":[1,1,1]},"o":{"x":[0.46,0.46,0.46],"y":[0,0,0]},"t":32,"s":[100,100,100]},{"i":{"x":[0.833,0.833,0.833],"y":[1,1,1]},"o":{"x":[0.167,0.167,0.167],"y":[0,0,0]},"t":48,"s":[0,0,100]},{"i":{"x":[0.54,0.54,0.54],"y":[1,1,1]},"o":{"x":[0.46,0.46,0.46],"y":[0,0,0]},"t":55,"s":[0,0,100]},{"i":{"x":[0.54,0.54,0.54],"y":[1,1,1]},"o":{"x":[0.46,0.46,0.46],"y":[0,0,0]},"t":70,"s":[100,100,100]},{"i":{"x":[0.54,0.54,0.54],"y":[1,1,1]},"o":{"x":[0.46,0.46,0.46],"y":[0,0,0]},"t":79,"s":[100,100,100]},{"i":{"x":[0.833,0.833,0.833],"y":[1,1,1]},"o":{"x":[0.167,0.167,0.167],"y":[0,0,0]},"t":95,"s":[0,0,100]},{"i":{"x":[0.54,0.54,0.54],"y":[1,1,1]},"o":{"x":[0.46,0.46,0.46],"y":[0,0,0]},"t":108,"s":[0,0,100]},{"i":{"x":[0.54,0.54,0.54],"y":[1,1,1]},"o":{"x":[0.46,0.46,0.46],"y":[0,0,0]},"t":123,"s":[100,100,100]},{"i":{"x":[0.54,0.54,0.54],"y":[1,1,1]},"o":{"x":[0.46,0.46,0.46],"y":[0,0,0]},"t":132,"s":[100,100,100]},{"t":148.000006028164,"s":[0,0,100]}],"ix":6}},"ao":0,"shapes":[{"ty":"gr","it":[{"ty":"gr","it":[{"ind":0,"ty":"sh","ix":1,"ks":{"a":0,"k":{"i":[[0.73,0],[0,-0.729],[-0.729,0],[0,0.73]],"o":[[-0.729,0],[0,0.73],[0.73,0],[0,-0.729]],"v":[[0,-1.324],[-1.323,0],[0,1.323],[1.323,0]],"c":true},"ix":2},"nm":"Path 1","mn":"ADBE Vector Shape - Group","hd":false},{"ind":1,"ty":"sh","ix":2,"ks":{"a":0,"k":{"i":[[1.432,0],[0,1.433],[-1.432,0],[0,-1.432]],"o":[[-1.432,0],[0,-1.432],[1.432,0],[0,1.433]],"v":[[0,2.596],[-2.597,0],[0,-2.596],[2.597,0]],"c":true},"ix":2},"nm":"Path 2","mn":"ADBE Vector Shape - Group","hd":false},{"ty":"mm","mm":1,"nm":"Merge Paths 1","mn":"ADBE Vector Filter - Merge","hd":false},{"ty":"fl","c":{"a":0,"k":[0.2627,0.102,0,1],"ix":4,"x":"var $bm_rt;\ntry {\n    $bm_rt = thisComp.layer('Controller')('Effects')('Color')('ADBE Color Control-0001');\n} catch (e) {\n    $bm_rt = value;\n}"},"o":{"a":0,"k":100,"ix":5},"r":1,"bm":0,"nm":"Fill 1","mn":"ADBE Vector Graphic - Fill","hd":false},{"ty":"tr","p":{"a":0,"k":[39.142,2.847],"ix":2},"a":{"a":0,"k":[0,0],"ix":1},"s":{"a":0,"k":[100,100],"ix":3},"r":{"a":0,"k":0,"ix":6},"o":{"a":0,"k":100,"ix":7},"sk":{"a":0,"k":0,"ix":4},"sa":{"a":0,"k":0,"ix":5},"nm":"Transform"}],"nm":"Group 25","np":4,"cix":2,"bm":0,"ix":1,"mn":"ADBE Vector Group","hd":false},{"ty":"tr","p":{"a":0,"k":[281.942,113.114],"ix":2},"a":{"a":0,"k":[39.142,2.847],"ix":1},"s":{"a":0,"k":[465.576,465.576],"ix":3},"r":{"a":0,"k":0,"ix":6},"o":{"a":0,"k":100,"ix":7},"sk":{"a":0,"k":0,"ix":4},"sa":{"a":0,"k":0,"ix":5},"nm":"Transform"}],"nm":"Layer 18 Outlines - Group 225","np":1,"cix":2,"bm":0,"ix":1,"mn":"ADBE Vector Group","hd":false},{"ty":"gr","it":[{"ty":"gr","it":[{"ind":0,"ty":"sh","ix":1,"ks":{"a":0,"k":{"i":[[0,-1.083],[1.083,0],[0,1.083],[-1.082,0]],"o":[[0,1.083],[-1.082,0],[0,-1.083],[1.083,0]],"v":[[1.96,0],[0,1.96],[-1.96,0],[0,-1.96]],"c":true},"ix":2},"nm":"Path 1","mn":"ADBE Vector Shape - Group","hd":false},{"ty":"fl","c":{"a":0,"k":[1,0.2353,0,1],"ix":4,"x":"var $bm_rt;\ntry {\n    $bm_rt = thisComp.layer('Controller')('Effects')('Color 7')('ADBE Color Control-0001');\n} catch (e) {\n    $bm_rt = value;\n}"},"o":{"a":0,"k":100,"ix":5},"r":1,"bm":0,"nm":"Fill 1","mn":"ADBE Vector Graphic - Fill","hd":false},{"ty":"tr","p":{"a":0,"k":[39.142,2.846],"ix":2},"a":{"a":0,"k":[0,0],"ix":1},"s":{"a":0,"k":[100,100],"ix":3},"r":{"a":0,"k":0,"ix":6},"o":{"a":0,"k":100,"ix":7},"sk":{"a":0,"k":0,"ix":4},"sa":{"a":0,"k":0,"ix":5},"nm":"Transform"}],"nm":"Group 26","np":2,"cix":2,"bm":0,"ix":1,"mn":"ADBE Vector Group","hd":false},{"ty":"tr","p":{"a":0,"k":[281.941,113.113],"ix":2},"a":{"a":0,"k":[39.142,2.846],"ix":1},"s":{"a":0,"k":[465.576,465.576],"ix":3},"r":{"a":0,"k":0,"ix":6},"o":{"a":0,"k":100,"ix":7},"sk":{"a":0,"k":0,"ix":4},"sa":{"a":0,"k":0,"ix":5},"nm":"Transform"}],"nm":"Layer 18 Outlines - Group 226","np":1,"cix":2,"bm":0,"ix":2,"mn":"ADBE Vector Group","hd":false}],"ip":0,"op":150.000006109625,"st":0,"bm":0}],"markers":[]}