{"nm":"scene1","ddd":0,"h":500,"w":500,"meta":{"g":"@lottiefiles/creator 0.47.0"},"layers":[{"ty":0,"nm":" No internet","sr":1,"st":0,"op":180.00000733155,"ip":0,"hd":false,"ddd":0,"bm":0,"hasMask":false,"ao":0,"ks":{"a":{"a":0,"k":[177.4672961730957,182.63227305221557]},"s":{"a":0,"k":[100,100]},"sk":{"a":0,"k":0},"p":{"a":0,"k":[250,250]},"r":{"a":0,"k":0},"sa":{"a":0,"k":0},"o":{"a":0,"k":100}},"ef":[],"w":360,"h":360,"refId":"Scene 2","ind":1},{"ty":0,"nm":" Comp 1","sr":1,"st":0,"op":180,"ip":0,"hd":false,"ddd":0,"bm":0,"hasMask":false,"ao":0,"ks":{"a":{"a":0,"k":[219.25,211.5]},"s":{"a":0,"k":[37.71318151127856,37.71318151127856]},"sk":{"a":0,"k":0},"p":{"a":0,"k":[345.51656920077977,114.13415872825563]},"r":{"a":0,"k":0},"sa":{"a":0,"k":0},"o":{"a":0,"k":100}},"ef":[],"w":437,"h":437,"refId":"Scene 1","ind":2}],"v":"5.7.0","fr":30,"op":180.00000733155,"ip":0,"assets":[{"nm":"Comp 1","id":"Scene 1","fr":100,"layers":[{"ty":4,"nm":"Shape Layer","sr":1,"st":0,"op":181,"ip":0,"hd":false,"ddd":0,"bm":0,"hasMask":false,"ao":0,"ks":{"a":{"a":0,"k":[0,0],"ix":2},"s":{"a":0,"k":[100,100],"ix":2},"sk":{"a":0,"k":0},"p":{"a":0,"k":[0,0],"ix":2},"r":{"a":0,"k":0,"ix":2},"sa":{"a":0,"k":0},"o":{"a":0,"k":100,"ix":2}},"ef":[],"shapes":[{"ty":"gr","bm":0,"hd":false,"nm":"Group 1","it":[{"ty":"sh","bm":0,"hd":false,"nm":"Path 1","d":1,"ks":{"a":0,"k":{"c":false,"i":[[-22.9,0],[0,-22.9],[22.9,0],[0,22.9],[-22.9,0]],"o":[[22.9,0],[0,22.9],[-22.9,0],[0,-22.9],[22.9,0]],"v":[[41.5,0],[83,41.5],[41.5,83],[0,41.5],[41.5,0]]}}},{"ty":"fl","bm":0,"hd":false,"mn":"ADBE Vector Graphic - Fill","nm":"Fill 1","c":{"a":0,"k":[0.85,0.85,0.85,1],"ix":2},"r":1,"o":{"a":0,"k":100,"ix":2}},{"ty":"tm","bm":0,"hd":false,"nm":"Trim","e":{"a":0,"k":100,"ix":2},"o":{"a":0,"k":0,"ix":2},"s":{"a":0,"k":0,"ix":2},"m":1},{"ty":"tr","a":{"a":0,"k":[41.5,41.5],"ix":2},"s":{"a":0,"k":[100,100],"ix":2},"sk":{"a":0,"k":0,"ix":2},"p":{"a":1,"k":[{"o":{"x":0.167,"y":0.167},"i":{"x":0.833,"y":0.833},"s":[218.5,326.5],"t":0},{"o":{"x":0.167,"y":0.167},"i":{"x":0.833,"y":0.833},"s":[218.5,320.6747572815534],"t":30},{"o":{"x":0.167,"y":0.167},"i":{"x":0.833,"y":0.833},"s":[218.5,313.8786407766991],"t":63},{"o":{"x":0.167,"y":0.167},"i":{"x":0.833,"y":0.833},"s":[218.5,306.5],"t":101},{"o":{"x":0.167,"y":0.167},"i":{"x":0.833,"y":0.833},"s":[218.5,312.7],"t":144},{"s":[218.5,319.7],"t":180}],"ix":2},"r":{"a":0,"k":0,"ix":2},"sa":{"a":0,"k":0,"ix":2},"o":{"a":0,"k":100,"ix":2}}]}],"ind":1},{"ty":4,"nm":"Shape Layer","sr":1,"st":0,"op":181,"ip":0,"hd":false,"ddd":0,"bm":0,"hasMask":false,"ao":0,"ks":{"a":{"a":0,"k":[0,0],"ix":2},"s":{"a":0,"k":[100,100],"ix":2},"sk":{"a":0,"k":0},"p":{"a":0,"k":[0,0],"ix":2},"r":{"a":0,"k":0,"ix":2},"sa":{"a":0,"k":0},"o":{"a":0,"k":100,"ix":2}},"ef":[],"shapes":[{"ty":"gr","bm":0,"hd":false,"nm":"Group 2","it":[{"ty":"sh","bm":0,"hd":false,"nm":"Path 2","d":1,"ks":{"a":0,"k":{"c":false,"i":[[-3.86,0],[0,-3.86],[3.86,0],[0,3.86],[-3.86,0]],"o":[[3.86,0],[0,3.86],[-3.86,0],[0,-3.86],[3.86,0]],"v":[[7,0],[14,7],[7,14],[0,7],[7,0]]}}},{"ty":"fl","bm":0,"hd":false,"mn":"ADBE Vector Graphic - Fill","nm":"Fill 1","c":{"a":0,"k":[1,1,1,1],"ix":2},"r":1,"o":{"a":0,"k":100,"ix":2}},{"ty":"tm","bm":0,"hd":false,"nm":"Trim","e":{"a":0,"k":100,"ix":2},"o":{"a":0,"k":0,"ix":2},"s":{"a":0,"k":0,"ix":2},"m":1},{"ty":"tr","a":{"a":0,"k":[7,7],"ix":2},"s":{"a":0,"k":[100,100],"ix":2},"sk":{"a":0,"k":0,"ix":2},"p":{"a":1,"k":[{"o":{"x":0.167,"y":0.167},"i":{"x":0.833,"y":0.833},"s":[361,129],"t":0},{"o":{"x":0.167,"y":0.167},"i":{"x":0.833,"y":0.833},"s":[359.0077669902913,128.7],"t":30},{"o":{"x":0.167,"y":0.167},"i":{"x":0.833,"y":0.833},"s":[356.6834951456311,128.35],"t":63},{"o":{"x":0.167,"y":0.167},"i":{"x":0.833,"y":0.833},"s":[354.16,127.97],"t":101},{"o":{"x":0.167,"y":0.167},"i":{"x":0.833,"y":0.833},"s":[356.2804,128.2893],"t":144},{"s":[358.6744,128.6498],"t":180}],"ix":2},"r":{"a":1,"k":[{"o":{"x":0.167,"y":0.167},"i":{"x":0.833,"y":0.833},"s":[0],"t":0},{"o":{"x":0.167,"y":0.167},"i":{"x":0.833,"y":0.833},"s":[4.368932038834951],"t":30},{"o":{"x":0.167,"y":0.167},"i":{"x":0.833,"y":0.833},"s":[9.466019417475728],"t":63},{"o":{"x":0.167,"y":0.167},"i":{"x":0.833,"y":0.833},"s":[15],"t":101},{"o":{"x":0.167,"y":0.167},"i":{"x":0.833,"y":0.833},"s":[10.35],"t":144},{"s":[5.1],"t":180}],"ix":2},"sa":{"a":0,"k":0,"ix":2},"o":{"a":0,"k":100,"ix":2}}]}],"ind":2},{"ty":4,"nm":"Shape Layer","sr":1,"st":0,"op":181,"ip":0,"hd":false,"ddd":0,"bm":0,"hasMask":false,"ao":0,"ks":{"a":{"a":0,"k":[0,0],"ix":2},"s":{"a":0,"k":[100,100],"ix":2},"sk":{"a":0,"k":0},"p":{"a":0,"k":[0,0],"ix":2},"r":{"a":0,"k":0,"ix":2},"sa":{"a":0,"k":0},"o":{"a":0,"k":100,"ix":2}},"ef":[],"shapes":[{"ty":"gr","bm":0,"hd":false,"nm":"Group 3","it":[{"ty":"sh","bm":0,"hd":false,"nm":"Path 3","d":1,"ks":{"a":0,"k":{"c":false,"i":[[0,0],[0,0],[0,0],[0,0],[0,0],[0,0]],"o":[[0,0],[0,0],[0,0],[0,0],[0,0],[0,0]],"v":[[0,0],[16,0],[12,47],[3.5,47],[0,0],[0,0]]}}},{"ty":"fl","bm":0,"hd":false,"mn":"ADBE Vector Graphic - Fill","nm":"Fill 1","c":{"a":0,"k":[1,1,1,1],"ix":2},"r":1,"o":{"a":0,"k":100,"ix":2}},{"ty":"tm","bm":0,"hd":false,"nm":"Trim","e":{"a":0,"k":100,"ix":2},"o":{"a":0,"k":0,"ix":2},"s":{"a":0,"k":0,"ix":2},"m":1},{"ty":"tr","a":{"a":0,"k":[8,23.5],"ix":2},"s":{"a":0,"k":[100,100],"ix":2},"sk":{"a":0,"k":0,"ix":2},"p":{"a":1,"k":[{"o":{"x":0.167,"y":0.167},"i":{"x":0.833,"y":0.833},"s":[361,92.5],"t":0},{"o":{"x":0.167,"y":0.167},"i":{"x":0.833,"y":0.833},"s":[361.7601941747573,92.56116504854369],"t":30},{"o":{"x":0.167,"y":0.167},"i":{"x":0.833,"y":0.833},"s":[362.6470873786408,92.63252427184466],"t":63},{"o":{"x":0.167,"y":0.167},"i":{"x":0.833,"y":0.833},"s":[363.61,92.71],"t":101},{"o":{"x":0.167,"y":0.167},"i":{"x":0.833,"y":0.833},"s":[362.8009,92.64489999999999],"t":144},{"s":[361.8874,92.5714],"t":180}],"ix":2},"r":{"a":1,"k":[{"o":{"x":0.167,"y":0.167},"i":{"x":0.833,"y":0.833},"s":[0],"t":0},{"o":{"x":0.167,"y":0.167},"i":{"x":0.833,"y":0.833},"s":[4.368932038834951],"t":30},{"o":{"x":0.167,"y":0.167},"i":{"x":0.833,"y":0.833},"s":[9.466019417475728],"t":63},{"o":{"x":0.167,"y":0.167},"i":{"x":0.833,"y":0.833},"s":[15],"t":101},{"o":{"x":0.167,"y":0.167},"i":{"x":0.833,"y":0.833},"s":[10.35],"t":144},{"s":[5.1],"t":180}],"ix":2},"sa":{"a":0,"k":0,"ix":2},"o":{"a":0,"k":100,"ix":2}}]}],"ind":3},{"ty":4,"nm":"Shape Layer","sr":1,"st":0,"op":181,"ip":0,"hd":false,"ddd":0,"bm":0,"hasMask":false,"ao":0,"ks":{"a":{"a":0,"k":[0,0],"ix":2},"s":{"a":0,"k":[100,100],"ix":2},"sk":{"a":0,"k":0},"p":{"a":0,"k":[0,0],"ix":2},"r":{"a":0,"k":0,"ix":2},"sa":{"a":0,"k":0},"o":{"a":0,"k":100,"ix":2}},"ef":[],"shapes":[{"ty":"gr","bm":0,"hd":false,"nm":"Group 4","it":[{"ty":"sh","bm":0,"hd":false,"nm":"Path 4","d":1,"ks":{"a":0,"k":{"c":false,"i":[[-26.22,0],[0,-26.22],[26.22,0],[0,26.22],[-26.22,0]],"o":[[26.22,0],[0,26.22],[-26.22,0],[0,-26.22],[26.22,0]],"v":[[47.5,0],[95,47.5],[47.5,95],[0,47.5],[47.5,0]]}}},{"ty":"fl","bm":0,"hd":false,"mn":"ADBE Vector Graphic - Fill","nm":"Fill 1","c":{"a":0,"k":[0.26,0.634,0.94,1],"ix":2},"r":1,"o":{"a":0,"k":100,"ix":2}},{"ty":"tm","bm":0,"hd":false,"nm":"Trim","e":{"a":0,"k":100,"ix":2},"o":{"a":0,"k":0,"ix":2},"s":{"a":0,"k":0,"ix":2},"m":1},{"ty":"tr","a":{"a":0,"k":[47.5,47.5],"ix":2},"s":{"a":0,"k":[100,100],"ix":2},"sk":{"a":0,"k":0,"ix":2},"p":{"a":0,"k":[361.5,102.5],"ix":2},"r":{"a":1,"k":[{"o":{"x":0.167,"y":0.167},"i":{"x":0.833,"y":0.833},"s":[0],"t":0},{"o":{"x":0.167,"y":0.167},"i":{"x":0.833,"y":0.833},"s":[4.368932038834951],"t":30},{"o":{"x":0.167,"y":0.167},"i":{"x":0.833,"y":0.833},"s":[9.466019417475728],"t":63},{"o":{"x":0.167,"y":0.167},"i":{"x":0.833,"y":0.833},"s":[15],"t":101},{"o":{"x":0.167,"y":0.167},"i":{"x":0.833,"y":0.833},"s":[10.35],"t":144},{"s":[5.1],"t":180}],"ix":2},"sa":{"a":0,"k":0,"ix":2},"o":{"a":0,"k":100,"ix":2}}]}],"ind":4},{"ty":4,"nm":"Shape Layer","sr":1,"st":0,"op":181,"ip":0,"hd":false,"ddd":0,"bm":0,"hasMask":false,"ao":0,"ks":{"a":{"a":0,"k":[0,0],"ix":2},"s":{"a":0,"k":[100,100],"ix":2},"sk":{"a":0,"k":0},"p":{"a":0,"k":[0,0],"ix":2},"r":{"a":0,"k":0,"ix":2},"sa":{"a":0,"k":0},"o":{"a":0,"k":100,"ix":2}},"ef":[],"shapes":[{"ty":"gr","bm":0,"hd":false,"nm":"Group 5","it":[{"ty":"sh","bm":0,"hd":false,"nm":"Path 5","d":1,"ks":{"a":0,"k":{"c":false,"i":[[0,0],[0,0],[-54,-54],[0,0],[107.6,-107.6],[0,0]],"o":[[0,0],[33,-22.5],[0,0],[-37.5,-44.83],[0,0],[0,0]],"v":[[0,59.41],[41.5,104.91],[208,104.91],[247,59.41],[0,59.41],[0,59.41]]}}},{"ty":"fl","bm":0,"hd":false,"mn":"ADBE Vector Graphic - Fill","nm":"Fill 1","c":{"a":0,"k":[0.85,0.85,0.85,1],"ix":2},"r":1,"o":{"a":0,"k":100,"ix":2}},{"ty":"tm","bm":0,"hd":false,"nm":"Trim","e":{"a":0,"k":100,"ix":2},"o":{"a":0,"k":0,"ix":2},"s":{"a":0,"k":0,"ix":2},"m":1},{"ty":"tr","a":{"a":0,"k":[123.5,52.46],"ix":2},"s":{"a":0,"k":[100,100],"ix":2},"sk":{"a":0,"k":0,"ix":2},"p":{"a":1,"k":[{"o":{"x":0.167,"y":0.167},"i":{"x":0.833,"y":0.833},"s":[217,233.54],"t":0},{"o":{"x":0.167,"y":0.167},"i":{"x":0.833,"y":0.833},"s":[217,227.7147572815534],"t":30},{"o":{"x":0.167,"y":0.167},"i":{"x":0.833,"y":0.833},"s":[217,220.918640776699],"t":63},{"o":{"x":0.167,"y":0.167},"i":{"x":0.833,"y":0.833},"s":[217,213.54],"t":101},{"o":{"x":0.167,"y":0.167},"i":{"x":0.833,"y":0.833},"s":[217,219.74],"t":144},{"s":[217,226.74],"t":180}],"ix":2},"r":{"a":0,"k":0,"ix":2},"sa":{"a":0,"k":0,"ix":2},"o":{"a":0,"k":100,"ix":2}}]}],"ind":5},{"ty":4,"nm":"Shape Layer","sr":1,"st":0,"op":181,"ip":0,"hd":false,"ddd":0,"bm":0,"hasMask":false,"ao":0,"ks":{"a":{"a":0,"k":[0,0],"ix":2},"s":{"a":0,"k":[100,100],"ix":2},"sk":{"a":0,"k":0},"p":{"a":0,"k":[0,0],"ix":2},"r":{"a":0,"k":0,"ix":2},"sa":{"a":0,"k":0},"o":{"a":0,"k":100,"ix":2}},"ef":[],"shapes":[{"ty":"gr","bm":0,"hd":false,"nm":"Group 6","it":[{"ty":"sh","bm":0,"hd":false,"nm":"Path 6","d":1,"ks":{"a":0,"k":{"c":false,"i":[[0,0],[0,0],[-136.4,-105.2],[0,0],[171.6,-155.6],[0,0]],"o":[[0,0],[49.33,-43.83],[0,0],[-70.33,-63.67],[0,0],[0,0]],"v":[[0,86.85],[50,136.85],[368.5,136.85],[425.5,83.35],[0,86.85],[0,86.85]]}}},{"ty":"fl","bm":0,"hd":false,"mn":"ADBE Vector Graphic - Fill","nm":"Fill 1","c":{"a":0,"k":[0.85,0.85,0.85,1],"ix":2},"r":1,"o":{"a":0,"k":100,"ix":2}},{"ty":"tm","bm":0,"hd":false,"nm":"Trim","e":{"a":0,"k":100,"ix":2},"o":{"a":0,"k":0,"ix":2},"s":{"a":0,"k":0,"ix":2},"m":1},{"ty":"tr","a":{"a":0,"k":[212.75,68.43],"ix":2},"s":{"a":0,"k":[100,100],"ix":2},"sk":{"a":0,"k":0,"ix":2},"p":{"a":1,"k":[{"o":{"x":0.167,"y":0.167},"i":{"x":0.833,"y":0.833},"s":[219.25,137.07],"t":0},{"o":{"x":0.167,"y":0.167},"i":{"x":0.833,"y":0.833},"s":[219.25,131.2447572815534],"t":30},{"o":{"x":0.167,"y":0.167},"i":{"x":0.833,"y":0.833},"s":[219.25,124.448640776699],"t":63},{"o":{"x":0.167,"y":0.167},"i":{"x":0.833,"y":0.833},"s":[219.25,117.07],"t":101},{"o":{"x":0.167,"y":0.167},"i":{"x":0.833,"y":0.833},"s":[219.25,123.27],"t":144},{"s":[219.25,130.27],"t":180}],"ix":2},"r":{"a":0,"k":0,"ix":2},"sa":{"a":0,"k":0,"ix":2},"o":{"a":0,"k":100,"ix":2}}]}],"ind":6}]},{"nm":"No internet","id":"Scene 2","fr":59.9400024414062,"layers":[{"ty":4,"nm":"star/No internet Outlines 2","sr":1,"st":20.0000008146167,"op":200.000008146167,"ip":20.0000008146167,"hd":false,"ddd":0,"bm":0,"hasMask":false,"ao":0,"ks":{"a":{"a":0,"k":[2,2,0],"ix":1},"s":{"a":1,"k":[{"o":{"x":0.167,"y":0.167},"i":{"x":0.833,"y":0.833},"s":[0,0,100],"t":32},{"o":{"x":0.167,"y":0.167},"i":{"x":0.833,"y":0.833},"s":[100,100,100],"t":35},{"o":{"x":0.167,"y":0.167},"i":{"x":0.833,"y":0.833},"s":[0,0,100],"t":40},{"o":{"x":0.167,"y":0.167},"i":{"x":0.833,"y":0.833},"s":[0,0,100],"t":65},{"o":{"x":0.167,"y":0.167},"i":{"x":0.833,"y":0.833},"s":[150,150,100],"t":68},{"o":{"x":0.167,"y":0.167},"i":{"x":0.833,"y":0.833},"s":[0,0,100],"t":73},{"o":{"x":0.167,"y":0.167},"i":{"x":0.833,"y":0.833},"s":[0,0,100],"t":96},{"o":{"x":0.167,"y":0.167},"i":{"x":0.833,"y":0.833},"s":[100,100,100],"t":99},{"o":{"x":0.167,"y":0.167},"i":{"x":0.833,"y":0.833},"s":[0,0,100],"t":104},{"o":{"x":0.167,"y":0.167},"i":{"x":0.833,"y":0.833},"s":[0,0,100],"t":125},{"o":{"x":0.167,"y":0.167},"i":{"x":0.833,"y":0.833},"s":[180,180,100],"t":128},{"o":{"x":0.167,"y":0.167},"i":{"x":0.833,"y":0.833},"s":[0,0,100],"t":133},{"o":{"x":0.167,"y":0.167},"i":{"x":0.833,"y":0.833},"s":[0,0,100],"t":155},{"o":{"x":0.167,"y":0.167},"i":{"x":0.833,"y":0.833},"s":[100,100,100],"t":158},{"o":{"x":0.167,"y":0.167},"i":{"x":0.833,"y":0.833},"s":[0,0,100],"t":163},{"o":{"x":0.167,"y":0.167},"i":{"x":0.833,"y":0.833},"s":[0,0,100],"t":185},{"o":{"x":0.167,"y":0.167},"i":{"x":0.833,"y":0.833},"s":[100,100,100],"t":188},{"s":[0,0,100],"t":193.000007861051}],"ix":6},"sk":{"a":0,"k":0},"p":{"a":0,"k":[170.062,292.188,0],"ix":2},"r":{"a":0,"k":0,"ix":10},"sa":{"a":0,"k":0},"o":{"a":1,"k":[{"o":{"x":0.167,"y":0.167},"i":{"x":0.833,"y":0.833},"s":[0],"t":20},{"s":[100],"t":32.0000013033867}],"ix":11}},"ef":[],"shapes":[{"ty":"gr","bm":0,"hd":false,"mn":"ADBE Vector Group","nm":"Group 1","ix":1,"cix":2,"np":2,"it":[{"ty":"sh","bm":0,"hd":false,"mn":"ADBE Vector Shape - Group","nm":"Path 1","ix":1,"d":1,"ks":{"a":0,"k":{"c":true,"i":[[0,0],[0,0],[0,0],[0,0],[0,0],[0,0],[0,0],[0,0],[0,0],[0,0]],"o":[[0,0],[0,0],[0,0],[0,0],[0,0],[0,0],[0,0],[0,0],[0,0],[0,0]],"v":[[0,-1.402],[0.456,-0.479],[1.474,-0.331],[0.737,0.387],[0.911,1.402],[0,0.923],[-0.911,1.402],[-0.737,0.387],[-1.474,-0.331],[-0.456,-0.479]]},"ix":2}},{"ty":"fl","bm":0,"hd":false,"mn":"ADBE Vector Graphic - Fill","nm":"Fill 1","c":{"a":0,"k":[0,0.55,1,1],"ix":4},"r":1,"o":{"a":0,"k":100,"ix":5}},{"ty":"tr","a":{"a":0,"k":[0,0],"ix":1},"s":{"a":0,"k":[100,100],"ix":3},"sk":{"a":0,"k":0,"ix":4},"p":{"a":0,"k":[1.724,1.652],"ix":2},"r":{"a":0,"k":0,"ix":6},"sa":{"a":0,"k":0,"ix":5},"o":{"a":0,"k":100,"ix":7}}]}],"ind":1},{"ty":4,"nm":"star/No internet Outlines 3","sr":1,"st":9.00000036657752,"op":189.000007698128,"ip":9.00000036657752,"hd":false,"ddd":0,"bm":0,"hasMask":false,"ao":0,"ks":{"a":{"a":0,"k":[2,2,0],"ix":1},"s":{"a":1,"k":[{"o":{"x":0.167,"y":0.167},"i":{"x":0.833,"y":0.833},"s":[0,0,100],"t":21},{"o":{"x":0.167,"y":0.167},"i":{"x":0.833,"y":0.833},"s":[140,140,100],"t":24},{"o":{"x":0.167,"y":0.167},"i":{"x":0.833,"y":0.833},"s":[0,0,100],"t":29},{"o":{"x":0.167,"y":0.167},"i":{"x":0.833,"y":0.833},"s":[0,0,100],"t":54},{"o":{"x":0.167,"y":0.167},"i":{"x":0.833,"y":0.833},"s":[150,150,100],"t":57},{"o":{"x":0.167,"y":0.167},"i":{"x":0.833,"y":0.833},"s":[0,0,100],"t":62},{"o":{"x":0.167,"y":0.167},"i":{"x":0.833,"y":0.833},"s":[0,0,100],"t":85},{"o":{"x":0.167,"y":0.167},"i":{"x":0.833,"y":0.833},"s":[100,100,100],"t":88},{"o":{"x":0.167,"y":0.167},"i":{"x":0.833,"y":0.833},"s":[0,0,100],"t":93},{"o":{"x":0.167,"y":0.167},"i":{"x":0.833,"y":0.833},"s":[0,0,100],"t":114},{"o":{"x":0.167,"y":0.167},"i":{"x":0.833,"y":0.833},"s":[180,180,100],"t":117},{"o":{"x":0.167,"y":0.167},"i":{"x":0.833,"y":0.833},"s":[0,0,100],"t":122},{"o":{"x":0.167,"y":0.167},"i":{"x":0.833,"y":0.833},"s":[0,0,100],"t":144},{"o":{"x":0.167,"y":0.167},"i":{"x":0.833,"y":0.833},"s":[100,100,100],"t":147},{"o":{"x":0.167,"y":0.167},"i":{"x":0.833,"y":0.833},"s":[0,0,100],"t":152},{"o":{"x":0.167,"y":0.167},"i":{"x":0.833,"y":0.833},"s":[0,0,100],"t":174},{"o":{"x":0.167,"y":0.167},"i":{"x":0.833,"y":0.833},"s":[100,100,100],"t":177},{"s":[0,0,100],"t":182.000007413012}],"ix":6},"sk":{"a":0,"k":0},"p":{"a":0,"k":[192.438,170.312,0],"ix":2},"r":{"a":0,"k":0,"ix":10},"sa":{"a":0,"k":0},"o":{"a":1,"k":[{"o":{"x":0.167,"y":0.167},"i":{"x":0.833,"y":0.833},"s":[0],"t":9},{"s":[100],"t":21.0000008553475}],"ix":11}},"ef":[],"shapes":[{"ty":"gr","bm":0,"hd":false,"mn":"ADBE Vector Group","nm":"Group 1","ix":1,"cix":2,"np":2,"it":[{"ty":"sh","bm":0,"hd":false,"mn":"ADBE Vector Shape - Group","nm":"Path 1","ix":1,"d":1,"ks":{"a":0,"k":{"c":true,"i":[[0,0],[0,0],[0,0],[0,0],[0,0],[0,0],[0,0],[0,0],[0,0],[0,0]],"o":[[0,0],[0,0],[0,0],[0,0],[0,0],[0,0],[0,0],[0,0],[0,0],[0,0]],"v":[[0,-1.402],[0.456,-0.479],[1.474,-0.331],[0.737,0.387],[0.911,1.402],[0,0.923],[-0.911,1.402],[-0.737,0.387],[-1.474,-0.331],[-0.456,-0.479]]},"ix":2}},{"ty":"fl","bm":0,"hd":false,"mn":"ADBE Vector Graphic - Fill","nm":"Fill 1","c":{"a":0,"k":[0,0.55,1,1],"ix":4},"r":1,"o":{"a":0,"k":100,"ix":5}},{"ty":"tr","a":{"a":0,"k":[0,0],"ix":1},"s":{"a":0,"k":[100,100],"ix":3},"sk":{"a":0,"k":0,"ix":4},"p":{"a":0,"k":[1.724,1.652],"ix":2},"r":{"a":0,"k":0,"ix":6},"sa":{"a":0,"k":0,"ix":5},"o":{"a":0,"k":100,"ix":7}}]}],"ind":2},{"ty":4,"nm":"star/No internet Outlines","sr":1,"st":0,"op":180.00000733155,"ip":0,"hd":false,"ddd":0,"bm":0,"hasMask":false,"ao":0,"ks":{"a":{"a":0,"k":[2,2,0],"ix":1},"s":{"a":1,"k":[{"o":{"x":0.167,"y":0.167},"i":{"x":0.833,"y":0.833},"s":[0,0,100],"t":12},{"o":{"x":0.167,"y":0.167},"i":{"x":0.833,"y":0.833},"s":[140,140,100],"t":15},{"o":{"x":0.167,"y":0.167},"i":{"x":0.833,"y":0.833},"s":[0,0,100],"t":20},{"o":{"x":0.167,"y":0.167},"i":{"x":0.833,"y":0.833},"s":[0,0,100],"t":45},{"o":{"x":0.167,"y":0.167},"i":{"x":0.833,"y":0.833},"s":[150,150,100],"t":48},{"o":{"x":0.167,"y":0.167},"i":{"x":0.833,"y":0.833},"s":[0,0,100],"t":53},{"o":{"x":0.167,"y":0.167},"i":{"x":0.833,"y":0.833},"s":[0,0,100],"t":76},{"o":{"x":0.167,"y":0.167},"i":{"x":0.833,"y":0.833},"s":[100,100,100],"t":79},{"o":{"x":0.167,"y":0.167},"i":{"x":0.833,"y":0.833},"s":[0,0,100],"t":84},{"o":{"x":0.167,"y":0.167},"i":{"x":0.833,"y":0.833},"s":[0,0,100],"t":105},{"o":{"x":0.167,"y":0.167},"i":{"x":0.833,"y":0.833},"s":[180,180,100],"t":108},{"o":{"x":0.167,"y":0.167},"i":{"x":0.833,"y":0.833},"s":[0,0,100],"t":113},{"o":{"x":0.167,"y":0.167},"i":{"x":0.833,"y":0.833},"s":[0,0,100],"t":135},{"o":{"x":0.167,"y":0.167},"i":{"x":0.833,"y":0.833},"s":[100,100,100],"t":138},{"o":{"x":0.167,"y":0.167},"i":{"x":0.833,"y":0.833},"s":[0,0,100],"t":143},{"o":{"x":0.167,"y":0.167},"i":{"x":0.833,"y":0.833},"s":[0,0,100],"t":165},{"o":{"x":0.167,"y":0.167},"i":{"x":0.833,"y":0.833},"s":[100,100,100],"t":168},{"s":[0,0,100],"t":173.000007046434}],"ix":6},"sk":{"a":0,"k":0},"p":{"a":0,"k":[170.062,289.062,0],"ix":2},"r":{"a":0,"k":0,"ix":10},"sa":{"a":0,"k":0},"o":{"a":1,"k":[{"o":{"x":0.167,"y":0.167},"i":{"x":0.833,"y":0.833},"s":[0],"t":0},{"s":[100],"t":12.00000048877}],"ix":11}},"ef":[],"shapes":[{"ty":"gr","bm":0,"hd":false,"mn":"ADBE Vector Group","nm":"Group 1","ix":1,"cix":2,"np":2,"it":[{"ty":"sh","bm":0,"hd":false,"mn":"ADBE Vector Shape - Group","nm":"Path 1","ix":1,"d":1,"ks":{"a":0,"k":{"c":true,"i":[[0,0],[0,0],[0,0],[0,0],[0,0],[0,0],[0,0],[0,0],[0,0],[0,0]],"o":[[0,0],[0,0],[0,0],[0,0],[0,0],[0,0],[0,0],[0,0],[0,0],[0,0]],"v":[[0,-1.402],[0.456,-0.479],[1.474,-0.331],[0.737,0.387],[0.911,1.402],[0,0.923],[-0.911,1.402],[-0.737,0.387],[-1.474,-0.331],[-0.456,-0.479]]},"ix":2}},{"ty":"fl","bm":0,"hd":false,"mn":"ADBE Vector Graphic - Fill","nm":"Fill 1","c":{"a":0,"k":[0,0.55,1,1],"ix":4},"r":1,"o":{"a":0,"k":100,"ix":5}},{"ty":"tr","a":{"a":0,"k":[0,0],"ix":1},"s":{"a":0,"k":[100,100],"ix":3},"sk":{"a":0,"k":0,"ix":4},"p":{"a":0,"k":[1.724,1.652],"ix":2},"r":{"a":0,"k":0,"ix":6},"sa":{"a":0,"k":0,"ix":5},"o":{"a":0,"k":100,"ix":7}}]}],"ind":3},{"ty":4,"nm":"lt_eye Outlines","sr":1,"st":0,"op":180.00000733155,"ip":0,"hd":false,"ddd":0,"bm":0,"hasMask":false,"ao":0,"ks":{"a":{"a":0,"k":[180,180,0],"ix":1},"s":{"a":0,"k":[100,100,100],"ix":6},"sk":{"a":0,"k":0},"p":{"a":1,"k":[{"o":{"x":0.167,"y":0.167},"i":{"x":0.833,"y":0.833},"s":[178,180,0],"t":10},{"o":{"x":0.167,"y":0.167},"i":{"x":0.833,"y":0.833},"s":[170,180,0],"t":16},{"o":{"x":0.167,"y":0.167},"i":{"x":0.833,"y":0.833},"s":[170,180,0],"t":120},{"s":[178,180,0],"t":126.000005132085}],"ix":2},"r":{"a":0,"k":0,"ix":10},"sa":{"a":0,"k":0},"o":{"a":0,"k":100,"ix":11}},"ef":[],"shapes":[{"ty":"gr","bm":0,"hd":false,"mn":"ADBE Vector Group","nm":"Group 1","ix":1,"cix":2,"np":2,"it":[{"ty":"sh","bm":0,"hd":false,"mn":"ADBE Vector Shape - Group","nm":"Path 1","ix":1,"d":1,"ks":{"a":0,"k":{"c":true,"i":[[0,-0.504],[0.504,0],[0,0.504],[-0.504,0]],"o":[[0,0.504],[-0.504,0],[0,-0.504],[0.504,0]],"v":[[0.913,0],[-0.001,0.913],[-0.913,0],[-0.001,-0.913]]},"ix":2}},{"ty":"fl","bm":0,"hd":false,"mn":"ADBE Vector Graphic - Fill","nm":"Fill 1","c":{"a":0,"k":[1,1,1,1],"ix":4},"r":1,"o":{"a":0,"k":100,"ix":5}},{"ty":"tr","a":{"a":0,"k":[0,0],"ix":1},"s":{"a":0,"k":[100,100],"ix":3},"sk":{"a":0,"k":0,"ix":4},"p":{"a":0,"k":[147.427,103.44],"ix":2},"r":{"a":0,"k":0,"ix":6},"sa":{"a":0,"k":0,"ix":5},"o":{"a":0,"k":100,"ix":7}}]},{"ty":"gr","bm":0,"hd":false,"mn":"ADBE Vector Group","nm":"Group 2","ix":2,"cix":2,"np":2,"it":[{"ty":"sh","bm":0,"hd":false,"mn":"ADBE Vector Shape - Group","nm":"Path 1","ix":1,"d":1,"ks":{"a":0,"k":{"c":true,"i":[[0,-2.256],[2.256,0],[0,2.256],[-2.257,0]],"o":[[0,2.256],[-2.257,0],[0,-2.256],[2.256,0]],"v":[[4.085,0.001],[0,4.086],[-4.086,0.001],[0,-4.086]]},"ix":2}},{"ty":"fl","bm":0,"hd":false,"mn":"ADBE Vector Graphic - Fill","nm":"Fill 1","c":{"a":0,"k":[0.024,0.1626,0.276,1],"ix":4},"r":1,"o":{"a":0,"k":100,"ix":5}},{"ty":"tr","a":{"a":0,"k":[0,0],"ix":1},"s":{"a":0,"k":[100,100],"ix":3},"sk":{"a":0,"k":0,"ix":4},"p":{"a":0,"k":[148.905,104.765],"ix":2},"r":{"a":0,"k":0,"ix":6},"sa":{"a":0,"k":0,"ix":5},"o":{"a":0,"k":100,"ix":7}}]}],"ind":4},{"ty":4,"nm":"rt_eye Outlines","sr":1,"st":0,"op":180.00000733155,"ip":0,"hd":false,"ddd":0,"bm":0,"hasMask":false,"ao":0,"ks":{"a":{"a":0,"k":[180,180,0],"ix":1},"s":{"a":0,"k":[100,100,100],"ix":6},"sk":{"a":0,"k":0},"p":{"a":1,"k":[{"o":{"x":0.167,"y":0.167},"i":{"x":0.833,"y":0.833},"s":[178,180,0],"t":10},{"o":{"x":0.167,"y":0.167},"i":{"x":0.833,"y":0.833},"s":[170,180,0],"t":16},{"o":{"x":0.167,"y":0.167},"i":{"x":0.833,"y":0.833},"s":[170,180,0],"t":120},{"s":[178,180,0],"t":126.000005132085}],"ix":2},"r":{"a":0,"k":0,"ix":10},"sa":{"a":0,"k":0},"o":{"a":0,"k":100,"ix":11}},"ef":[],"shapes":[{"ty":"gr","bm":0,"hd":false,"mn":"ADBE Vector Group","nm":"Group 1","ix":1,"cix":2,"np":2,"it":[{"ty":"sh","bm":0,"hd":false,"mn":"ADBE Vector Shape - Group","nm":"Path 1","ix":1,"d":1,"ks":{"a":0,"k":{"c":true,"i":[[0,-0.558],[0.469,0],[0,0.558],[-0.468,0]],"o":[[0,0.558],[-0.468,0],[0,-0.558],[0.469,0]],"v":[[0.848,-0.001],[-0.001,1.01],[-0.848,-0.001],[-0.001,-1.01]]},"ix":2}},{"ty":"fl","bm":0,"hd":false,"mn":"ADBE Vector Graphic - Fill","nm":"Fill 1","c":{"a":0,"k":[1,1,1,1],"ix":4},"r":1,"o":{"a":0,"k":100,"ix":5}},{"ty":"tr","a":{"a":0,"k":[0,0],"ix":1},"s":{"a":0,"k":[100,100],"ix":3},"sk":{"a":0,"k":0,"ix":4},"p":{"a":0,"k":[177.939,107.319],"ix":2},"r":{"a":0,"k":0,"ix":6},"sa":{"a":0,"k":0,"ix":5},"o":{"a":0,"k":100,"ix":7}}]},{"ty":"gr","bm":0,"hd":false,"mn":"ADBE Vector Group","nm":"Group 2","ix":2,"cix":2,"np":2,"it":[{"ty":"sh","bm":0,"hd":false,"mn":"ADBE Vector Shape - Group","nm":"Path 1","ix":1,"d":1,"ks":{"a":0,"k":{"c":true,"i":[[0,-2.256],[2.257,0],[0,2.256],[-2.256,0]],"o":[[0,2.256],[-2.256,0],[0,-2.256],[2.257,0]],"v":[[4.086,0],[-0.001,4.085],[-4.085,0],[-0.001,-4.085]]},"ix":2}},{"ty":"fl","bm":0,"hd":false,"mn":"ADBE Vector Graphic - Fill","nm":"Fill 1","c":{"a":0,"k":[0.024,0.1626,0.276,1],"ix":4},"r":1,"o":{"a":0,"k":100,"ix":5}},{"ty":"tr","a":{"a":0,"k":[0,0],"ix":1},"s":{"a":0,"k":[100,100],"ix":3},"sk":{"a":0,"k":0,"ix":4},"p":{"a":0,"k":[179.069,109.285],"ix":2},"r":{"a":0,"k":0,"ix":6},"sa":{"a":0,"k":0,"ix":5},"o":{"a":0,"k":100,"ix":7}}]}],"ind":5},{"ty":4,"nm":"Layer 1 Outlines","sr":1,"st":0,"op":180.00000733155,"ip":0,"hd":false,"ddd":0,"bm":0,"hasMask":false,"ao":0,"ks":{"a":{"a":0,"k":[180,180,0],"ix":1},"s":{"a":0,"k":[100,100,100],"ix":6},"sk":{"a":0,"k":0},"p":{"a":0,"k":[180,180,0],"ix":2},"r":{"a":0,"k":0,"ix":10},"sa":{"a":0,"k":0},"o":{"a":0,"k":100,"ix":11}},"ef":[],"shapes":[{"ty":"gr","bm":0,"hd":false,"mn":"ADBE Vector Group","nm":"Group 1","ix":1,"cix":2,"np":2,"it":[{"ty":"sh","bm":0,"hd":false,"mn":"ADBE Vector Shape - Group","nm":"Path 1","ix":1,"d":1,"ks":{"a":0,"k":{"c":true,"i":[[0,-6.601],[6.601,0],[0,6.601],[-6.601,0]],"o":[[0,6.601],[-6.601,0],[0,-6.601],[6.601,0]],"v":[[11.953,0],[0.001,11.952],[-11.952,0],[0.001,-11.952]]},"ix":2}},{"ty":"fl","bm":0,"hd":false,"mn":"ADBE Vector Graphic - Fill","nm":"Fill 1","c":{"a":0,"k":[1,1,1,1],"ix":4},"r":1,"o":{"a":0,"k":100,"ix":5}},{"ty":"tr","a":{"a":0,"k":[0,0],"ix":1},"s":{"a":0,"k":[100,100],"ix":3},"sk":{"a":0,"k":0,"ix":4},"p":{"a":0,"k":[142.95,104.547],"ix":2},"r":{"a":0,"k":0,"ix":6},"sa":{"a":0,"k":0,"ix":5},"o":{"a":0,"k":100,"ix":7}}]},{"ty":"gr","bm":0,"hd":false,"mn":"ADBE Vector Group","nm":"Group 2","ix":2,"cix":2,"np":2,"it":[{"ty":"sh","bm":0,"hd":false,"mn":"ADBE Vector Shape - Group","nm":"Path 1","ix":1,"d":1,"ks":{"a":0,"k":{"c":true,"i":[[0,-6.601],[6.601,0],[0,6.601],[-6.601,0]],"o":[[0,6.601],[-6.601,0],[0,-6.601],[6.601,0]],"v":[[11.952,-0.001],[0,11.952],[-11.953,-0.001],[0,-11.952]]},"ix":2}},{"ty":"fl","bm":0,"hd":false,"mn":"ADBE Vector Graphic - Fill","nm":"Fill 1","c":{"a":0,"k":[0.174,0.3016,0.406,1],"ix":4},"r":1,"o":{"a":0,"k":100,"ix":5}},{"ty":"tr","a":{"a":0,"k":[0,0],"ix":1},"s":{"a":0,"k":[100,100],"ix":3},"sk":{"a":0,"k":0,"ix":4},"p":{"a":0,"k":[143.037,103.244],"ix":2},"r":{"a":0,"k":0,"ix":6},"sa":{"a":0,"k":0,"ix":5},"o":{"a":0,"k":100,"ix":7}}]},{"ty":"gr","bm":0,"hd":false,"mn":"ADBE Vector Group","nm":"Group 3","ix":3,"cix":2,"np":2,"it":[{"ty":"sh","bm":0,"hd":false,"mn":"ADBE Vector Shape - Group","nm":"Path 1","ix":1,"d":1,"ks":{"a":0,"k":{"c":true,"i":[[0,-6.601],[6.602,0],[0,6.601],[-6.601,0]],"o":[[0,6.601],[-6.601,0],[0,-6.601],[6.602,0]],"v":[[11.953,-0.001],[0,11.952],[-11.952,-0.001],[0,-11.952]]},"ix":2}},{"ty":"fl","bm":0,"hd":false,"mn":"ADBE Vector Graphic - Fill","nm":"Fill 1","c":{"a":0,"k":[1,1,1,1],"ix":4},"r":1,"o":{"a":0,"k":100,"ix":5}},{"ty":"tr","a":{"a":0,"k":[0,0],"ix":1},"s":{"a":0,"k":[100,100],"ix":3},"sk":{"a":0,"k":0,"ix":4},"p":{"a":0,"k":[172.419,110.198],"ix":2},"r":{"a":0,"k":0,"ix":6},"sa":{"a":0,"k":0,"ix":5},"o":{"a":0,"k":100,"ix":7}}]},{"ty":"gr","bm":0,"hd":false,"mn":"ADBE Vector Group","nm":"Group 4","ix":4,"cix":2,"np":2,"it":[{"ty":"sh","bm":0,"hd":false,"mn":"ADBE Vector Shape - Group","nm":"Path 1","ix":1,"d":1,"ks":{"a":0,"k":{"c":true,"i":[[0,-6.601],[6.602,0],[0,6.601],[-6.601,0]],"o":[[0,6.601],[-6.601,0],[0,-6.601],[6.602,0]],"v":[[11.953,0],[0,11.952],[-11.952,0],[0,-11.952]]},"ix":2}},{"ty":"fl","bm":0,"hd":false,"mn":"ADBE Vector Graphic - Fill","nm":"Fill 1","c":{"a":0,"k":[0.174,0.3016,0.406,1],"ix":4},"r":1,"o":{"a":0,"k":100,"ix":5}},{"ty":"tr","a":{"a":0,"k":[0,0],"ix":1},"s":{"a":0,"k":[100,100],"ix":3},"sk":{"a":0,"k":0,"ix":4},"p":{"a":0,"k":[172.679,108.981],"ix":2},"r":{"a":0,"k":0,"ix":6},"sa":{"a":0,"k":0,"ix":5},"o":{"a":0,"k":100,"ix":7}}]},{"ty":"gr","bm":0,"hd":false,"mn":"ADBE Vector Group","nm":"Group 5","ix":5,"cix":2,"np":2,"it":[{"ty":"sh","bm":0,"hd":false,"mn":"ADBE Vector Shape - Group","nm":"Path 1","ix":1,"d":1,"ks":{"a":0,"k":{"c":true,"i":[[9.669,2.984],[-0.679,0.076],[-0.188,0.151],[0,0]],"o":[[0,0],[0.681,-0.075],[0.189,-0.152],[0,0]],"v":[[-7.629,0.434],[-6.686,-2.21],[6.761,-3.266],[7.63,-1.417]]},"ix":2}},{"ty":"fl","bm":0,"hd":false,"mn":"ADBE Vector Graphic - Fill","nm":"Fill 1","c":{"a":0,"k":[1,1,1,1],"ix":4},"r":1,"o":{"a":0,"k":100,"ix":5}},{"ty":"tr","a":{"a":0,"k":[0,0],"ix":1},"s":{"a":0,"k":[100,100],"ix":3},"sk":{"a":0,"k":0,"ix":4},"p":{"a":0,"k":[155.873,136.393],"ix":2},"r":{"a":0,"k":0,"ix":6},"sa":{"a":0,"k":0,"ix":5},"o":{"a":0,"k":100,"ix":7}}]},{"ty":"gr","bm":0,"hd":false,"mn":"ADBE Vector Group","nm":"Group 6","ix":6,"cix":2,"np":2,"it":[{"ty":"sh","bm":0,"hd":false,"mn":"ADBE Vector Shape - Group","nm":"Path 1","ix":1,"d":1,"ks":{"a":0,"k":{"c":true,"i":[[0.394,0.295],[5.194,-2.818],[1.773,-1.09],[0,0],[-0.518,0.087],[-0.534,-0.318],[-0.542,0.126],[-0.757,-0.42],[-0.712,0.265],[-0.569,-0.503],[-0.763,0.102],[-0.43,-0.639],[-0.504,-0.325],[-0.248,-0.539],[0,0]],"o":[[-1.789,-1.34],[-2.829,1.535],[0,0],[0.266,-0.445],[0.612,-0.102],[0.158,-0.533],[0.843,-0.195],[0.1,-0.753],[0.711,-0.266],[0.249,-0.729],[0.764,-0.101],[0.255,-0.543],[0.497,0.32],[0,0],[-0.017,-0.326]],"v":[[7.913,-0.68],[-1.703,-0.111],[-8.598,2.096],[-8.269,2.929],[-7.008,2.083],[-5.224,2.474],[-3.964,1.504],[-1.45,1.858],[-0.098,0.161],[2.035,0.556],[3.73,-0.836],[5.731,0.064],[7.292,-0.221],[8.311,1.201],[8.598,0.165]]},"ix":2}},{"ty":"fl","bm":0,"hd":false,"mn":"ADBE Vector Graphic - Fill","nm":"Fill 1","c":{"a":0,"k":[0.7225,0.8627,0.9775,1],"ix":4},"r":1,"o":{"a":0,"k":100,"ix":5}},{"ty":"tr","a":{"a":0,"k":[0,0],"ix":1},"s":{"a":0,"k":[100,100],"ix":3},"sk":{"a":0,"k":0,"ix":4},"p":{"a":0,"k":[155.65,126.59],"ix":2},"r":{"a":0,"k":0,"ix":6},"sa":{"a":0,"k":0,"ix":5},"o":{"a":0,"k":100,"ix":7}}]},{"ty":"gr","bm":0,"hd":false,"mn":"ADBE Vector Group","nm":"Group 7","ix":7,"cix":2,"np":2,"it":[{"ty":"sh","bm":0,"hd":false,"mn":"ADBE Vector Shape - Group","nm":"Path 1","ix":1,"d":1,"ks":{"a":0,"k":{"c":true,"i":[[0.498,0.32],[0.255,-0.543],[0.764,-0.101],[0.249,-0.729],[0.711,-0.266],[0.1,-0.753],[0.843,-0.195],[0.158,-0.533],[0.612,-0.102],[0.267,-0.445],[0,0],[-0.352,0.201],[0,0],[0,0],[-0.057,-0.024],[0,0],[0,0]],"o":[[-0.503,-0.325],[-0.43,-0.639],[-0.763,0.102],[-0.569,-0.503],[-0.712,0.265],[-0.757,-0.42],[-0.542,0.126],[-0.534,-0.318],[-0.518,0.087],[0,0],[0.147,0.378],[0,0],[0,0],[0.062,-0.006],[0,0],[0,0],[-0.248,-0.539]],"v":[[7.271,-3.063],[5.71,-2.778],[3.709,-3.678],[2.014,-2.286],[-0.119,-2.681],[-1.471,-0.984],[-3.985,-1.338],[-5.245,-0.368],[-7.029,-0.759],[-8.29,0.087],[-7.046,3.242],[-6.098,3.577],[-5.18,3.053],[6.135,2.115],[6.317,2.143],[7.256,2.53],[8.29,-1.641]]},"ix":2}},{"ty":"fl","bm":0,"hd":false,"mn":"ADBE Vector Graphic - Fill","nm":"Fill 1","c":{"a":0,"k":[1,1,1,1],"ix":4},"r":1,"o":{"a":0,"k":100,"ix":5}},{"ty":"tr","a":{"a":0,"k":[0,0],"ix":1},"s":{"a":0,"k":[100,100],"ix":3},"sk":{"a":0,"k":0,"ix":4},"p":{"a":0,"k":[155.671,129.431],"ix":2},"r":{"a":0,"k":0,"ix":6},"sa":{"a":0,"k":0,"ix":5},"o":{"a":0,"k":100,"ix":7}}]},{"ty":"gr","bm":0,"hd":false,"mn":"ADBE Vector Group","nm":"Group 8","ix":8,"cix":2,"np":2,"it":[{"ty":"sh","bm":0,"hd":false,"mn":"ADBE Vector Shape - Group","nm":"Path 1","ix":1,"d":1,"ks":{"a":0,"k":{"c":true,"i":[[-10.991,0.803],[-16.43,1.607],[-6.006,-4.017],[7.251,-4.285],[23.228,33.612]],"o":[[0,0],[16.429,-1.607],[6.005,4.018],[-4.179,2.469],[0,0]],"v":[[-23.511,-26.18],[6.629,-5.423],[28.497,-10.244],[22.908,11.003],[-28.044,-7.432]]},"ix":2}},{"ty":"fl","bm":0,"hd":false,"mn":"ADBE Vector Graphic - Fill","nm":"Fill 1","c":{"a":0,"k":[0.5512,0.7809,0.9688,1],"ix":4},"r":1,"o":{"a":0,"k":100,"ix":5}},{"ty":"tr","a":{"a":0,"k":[0,0],"ix":1},"s":{"a":0,"k":[100,100],"ix":3},"sk":{"a":0,"k":0,"ix":4},"p":{"a":0,"k":[235.736,177.7],"ix":2},"r":{"a":0,"k":0,"ix":6},"sa":{"a":0,"k":0,"ix":5},"o":{"a":0,"k":100,"ix":7}}]},{"ty":"gr","bm":0,"hd":false,"mn":"ADBE Vector Group","nm":"Group 9","ix":9,"cix":2,"np":2,"it":[{"ty":"sh","bm":0,"hd":false,"mn":"ADBE Vector Shape - Group","nm":"Path 1","ix":1,"d":1,"ks":{"a":0,"k":{"c":true,"i":[[0,-30.539],[16.604,0],[0,30.538],[-16.604,0]],"o":[[0,30.538],[-16.604,0],[0,-30.539],[16.604,0]],"v":[[30.064,0],[0,55.294],[-30.065,0],[0,-55.294]]},"ix":2}},{"ty":"fl","bm":0,"hd":false,"mn":"ADBE Vector Graphic - Fill","nm":"Fill 1","c":{"a":0,"k":[0.72,0.874,1,1],"ix":4},"r":1,"o":{"a":0,"k":100,"ix":5}},{"ty":"tr","a":{"a":0,"k":[0,0],"ix":1},"s":{"a":0,"k":[100,100],"ix":3},"sk":{"a":0,"k":0,"ix":4},"p":{"a":0,"k":[145.939,209.723],"ix":2},"r":{"a":0,"k":0,"ix":6},"sa":{"a":0,"k":0,"ix":5},"o":{"a":0,"k":100,"ix":7}}]},{"ty":"gr","bm":0,"hd":false,"mn":"ADBE Vector Group","nm":"Group 10","ix":10,"cix":2,"np":2,"it":[{"ty":"sh","bm":0,"hd":false,"mn":"ADBE Vector Shape - Group","nm":"Path 1","ix":1,"d":1,"ks":{"a":0,"k":{"c":true,"i":[[-1.457,4.545],[3.003,2.936],[2.208,-0.087],[0.76,-0.172],[0.039,-5.83],[-3.738,-2.26],[-2.5,0.523],[-0.374,0.208]],"o":[[1.282,-4],[-1.581,-1.545],[-0.734,0.029],[-5.763,2.119],[-0.026,4.022],[2.16,1.307],[0.402,-0.162],[4.172,-2.317]],"v":[[9.71,0.851],[8.353,-11.02],[2.273,-13.163],[0.024,-12.843],[-11.33,0.716],[-7.019,11.665],[0.348,12.727],[1.516,12.174]]},"ix":2}},{"ty":"fl","bm":0,"hd":false,"mn":"ADBE Vector Graphic - Fill","nm":"Fill 1","c":{"a":0,"k":[0.5512,0.7809,0.9688,1],"ix":4},"r":1,"o":{"a":0,"k":100,"ix":5}},{"ty":"tr","a":{"a":0,"k":[0,0],"ix":1},"s":{"a":0,"k":[100,100],"ix":3},"sk":{"a":0,"k":0,"ix":4},"p":{"a":0,"k":[84.822,174.79],"ix":2},"r":{"a":0,"k":0,"ix":6},"sa":{"a":0,"k":0,"ix":5},"o":{"a":0,"k":100,"ix":7}}]},{"ty":"gr","bm":0,"hd":false,"mn":"ADBE Vector Group","nm":"Group 11","ix":11,"cix":2,"np":2,"it":[{"ty":"sh","bm":0,"hd":false,"mn":"ADBE Vector Shape - Group","nm":"Path 1","ix":1,"d":1,"ks":{"a":0,"k":{"c":true,"i":[[3.004,2.936],[2.208,-0.086],[1.405,-0.516],[-0.734,0.029],[-1.58,-1.544],[1.282,-4],[4.172,-2.318],[0.402,-0.162],[-0.947,0.526],[-1.457,4.545]],"o":[[-1.58,-1.544],[-1.353,0.053],[0.76,-0.172],[2.208,-0.087],[3.004,2.936],[-1.457,4.544],[-0.374,0.208],[1.091,-0.227],[4.172,-2.318],[1.283,-3.999]],"v":[[3.626,-11.042],[-2.454,-13.185],[-6.63,-12.299],[-4.381,-12.618],[1.7,-10.476],[3.057,1.396],[-5.137,12.719],[-6.305,13.271],[-3.212,12.152],[4.982,0.829]]},"ix":2}},{"ty":"fl","bm":0,"hd":false,"mn":"ADBE Vector Graphic - Fill","nm":"Fill 1","c":{"a":0,"k":[0.16,0.622,1,1],"ix":4},"r":1,"o":{"a":0,"k":100,"ix":5}},{"ty":"tr","a":{"a":0,"k":[0,0],"ix":1},"s":{"a":0,"k":[100,100],"ix":3},"sk":{"a":0,"k":0,"ix":4},"p":{"a":0,"k":[91.475,174.245],"ix":2},"r":{"a":0,"k":0,"ix":6},"sa":{"a":0,"k":0,"ix":5},"o":{"a":0,"k":100,"ix":7}}]},{"ty":"gr","bm":0,"hd":false,"mn":"ADBE Vector Group","nm":"Group 12","ix":12,"cix":2,"np":4,"it":[{"ty":"sh","bm":0,"hd":false,"mn":"ADBE Vector Shape - Group","nm":"Path 1","ix":1,"d":1,"ks":{"a":0,"k":{"c":true,"i":[[28.792,0],[0.937,0.046],[0,0],[-2.789,15.684],[-2.852,1.705],[-1.621,0.916],[-4.326,5.76],[0.188,6.74],[-3.289,5.052],[-11.251,3.115],[-5.89,5.479],[-2.322,2.853],[-1.987,2.088],[-6.005,0.158],[-0.469,-0.008],[-0.726,0.091],[-0.759,0.201],[-0.649,0.119],[-3.754,-6.422],[-1.209,-2.644],[-2.896,-3.48],[0,0],[1.968,4.303],[1.433,2.451],[7.149,-1.314],[0.58,-0.153],[0.891,-0.111],[0.854,0.013],[0.431,-0.013],[3.672,-3.859],[1.744,-2.143],[2.837,-2.639],[9.375,-2.595],[5.198,-7.983],[-0.18,-6.461],[3.805,-5.067],[6.618,-3.736],[1.588,-0.95],[0.966,-5.435]],"o":[[-0.89,0],[0,0],[28.926,1.416],[1.215,-6.83],[1.617,-0.967],[6.38,-3.602],[3.246,-4.324],[-0.191,-6.869],[5.747,-8.827],[9.066,-2.51],[2.701,-2.514],[1.776,-2.181],[5.761,-6.057],[0.465,-0.013],[0.799,0.012],[0.712,-0.088],[0.603,-0.159],[8.496,-1.568],[1.501,2.565],[1.983,4.335],[0,0],[-3.123,-3.753],[-1.182,-2.584],[-3.32,-5.676],[-0.548,0.101],[-0.812,0.214],[-0.907,0.112],[-0.432,-0.007],[-6.677,0.175],[-1.916,2.014],[-2.379,2.922],[-6.366,5.922],[-11.268,3.12],[-2.836,4.356],[0.201,7.196],[-4.661,6.206],[-1.608,0.907],[-1.809,1.082],[-2.547,14.321]],"v":[[-92.639,78.78],[-95.373,78.712],[-95.243,76.051],[-59.705,40.309],[-54.761,26.839],[-49.846,24.009],[-32.542,10.922],[-29.678,-7.111],[-26.778,-26.135],[1.853,-41.298],[26.184,-51.883],[33.608,-60.199],[39.207,-66.724],[57.193,-76.224],[58.596,-76.223],[60.877,-76.291],[63.065,-76.769],[64.941,-77.212],[84.596,-65.409],[88.556,-57.466],[95.308,-45.556],[93.261,-43.853],[86.135,-56.358],[82.298,-64.066],[65.422,-74.593],[63.745,-74.194],[61.204,-73.648],[58.557,-73.561],[57.263,-73.562],[41.136,-64.889],[35.673,-58.517],[27.997,-49.934],[2.563,-38.732],[-24.547,-24.682],[-27.016,-7.185],[-30.413,12.521],[-48.536,26.328],[-53.394,29.124],[-57.083,40.776]]},"ix":2}},{"ty":"fl","bm":0,"hd":false,"mn":"ADBE Vector Graphic - Fill","nm":"Fill 1","c":{"a":0,"k":[0.0314,0.3412,0.6275,1],"ix":4},"r":1,"o":{"a":0,"k":100,"ix":5}},{"ty":"tr","a":{"a":0,"k":[0,0],"ix":1},"s":{"a":0,"k":[100,100],"ix":3},"sk":{"a":0,"k":0,"ix":4},"p":{"a":0,"k":[95.308,207.843],"ix":2},"r":{"a":0,"k":0,"ix":6},"sa":{"a":0,"k":0,"ix":5},"o":{"a":0,"k":100,"ix":7}}]},{"ty":"gr","bm":0,"hd":false,"mn":"ADBE Vector Group","nm":"Group 13","ix":13,"cix":2,"np":2,"it":[{"ty":"sh","bm":0,"hd":false,"mn":"ADBE Vector Shape - Group","nm":"Path 1","ix":1,"d":1,"ks":{"a":0,"k":{"c":true,"i":[[0.052,0],[0.066,0.178],[2.017,1.379],[-0.139,0.202],[-0.203,-0.138],[-0.924,-2.456],[0.23,-0.087]],"o":[[-0.18,0],[-0.86,-2.286],[-0.202,-0.138],[0.138,-0.203],[2.165,1.481],[0.087,0.229],[-0.052,0.019]],"v":[[2.315,3.421],[1.9,3.133],[-2.562,-2.551],[-2.677,-3.167],[-2.06,-3.283],[2.73,2.822],[2.471,3.393]]},"ix":2}},{"ty":"fl","bm":0,"hd":false,"mn":"ADBE Vector Graphic - Fill","nm":"Fill 1","c":{"a":0,"k":[0.303,0.6187,0.877,1],"ix":4},"r":1,"o":{"a":0,"k":100,"ix":5}},{"ty":"tr","a":{"a":0,"k":[0,0],"ix":1},"s":{"a":0,"k":[100,100],"ix":3},"sk":{"a":0,"k":0,"ix":4},"p":{"a":0,"k":[190.153,165],"ix":2},"r":{"a":0,"k":0,"ix":6},"sa":{"a":0,"k":0,"ix":5},"o":{"a":0,"k":100,"ix":7}}]},{"ty":"gr","bm":0,"hd":false,"mn":"ADBE Vector Group","nm":"Group 14","ix":14,"cix":2,"np":2,"it":[{"ty":"sh","bm":0,"hd":false,"mn":"ADBE Vector Shape - Group","nm":"Path 1","ix":1,"d":1,"ks":{"a":0,"k":{"c":true,"i":[[0.24,0],[0,0],[-0.006,0.245],[1.351,2.034],[-0.204,0.136],[-0.135,-0.205],[0.066,-2.623]],"o":[[0,0],[-0.245,-0.006],[0.059,-2.442],[-0.136,-0.204],[0.205,-0.135],[1.452,2.184],[-0.006,0.242]],"v":[[1.036,4.073],[1.025,4.073],[0.593,3.618],[-1.41,-3.324],[-1.287,-3.939],[-0.672,-3.814],[1.479,3.64]]},"ix":2}},{"ty":"fl","bm":0,"hd":false,"mn":"ADBE Vector Graphic - Fill","nm":"Fill 1","c":{"a":0,"k":[0.1493,0.5681,0.9107,1],"ix":4},"r":1,"o":{"a":0,"k":100,"ix":5}},{"ty":"tr","a":{"a":0,"k":[0,0],"ix":1},"s":{"a":0,"k":[100,100],"ix":3},"sk":{"a":0,"k":0,"ix":4},"p":{"a":0,"k":[189.779,166],"ix":2},"r":{"a":0,"k":0,"ix":6},"sa":{"a":0,"k":0,"ix":5},"o":{"a":0,"k":100,"ix":7}}]},{"ty":"gr","bm":0,"hd":false,"mn":"ADBE Vector Group","nm":"Group 15","ix":15,"cix":2,"np":2,"it":[{"ty":"sh","bm":0,"hd":false,"mn":"ADBE Vector Shape - Group","nm":"Path 1","ix":1,"d":1,"ks":{"a":0,"k":{"c":true,"i":[[7.207,-2.887],[0.244,0.199],[-1.824,1.433],[-0.613,-1.838]],"o":[[-0.292,0.117],[-1.416,-1.158],[2.145,-1.685],[0,0]],"v":[[0.035,4.133],[-1.221,4.008],[-5.418,-2.566],[6.071,-1.187]]},"ix":2}},{"ty":"fl","bm":0,"hd":false,"mn":"ADBE Vector Graphic - Fill","nm":"Fill 1","c":{"a":0,"k":[0.3882,0.4471,0.4941,1],"ix":4},"r":1,"o":{"a":0,"k":100,"ix":5}},{"ty":"tr","a":{"a":0,"k":[0,0],"ix":1},"s":{"a":0,"k":[100,100],"ix":3},"sk":{"a":0,"k":0,"ix":4},"p":{"a":0,"k":[155.023,118.697],"ix":2},"r":{"a":0,"k":0,"ix":6},"sa":{"a":0,"k":0,"ix":5},"o":{"a":0,"k":100,"ix":7}}]},{"ty":"gr","bm":0,"hd":false,"mn":"ADBE Vector Group","nm":"Group 16","ix":16,"cix":2,"np":2,"it":[{"ty":"sh","bm":0,"hd":false,"mn":"ADBE Vector Shape - Group","nm":"Path 1","ix":1,"d":1,"ks":{"a":0,"k":{"c":true,"i":[[-3.333,-2.087],[-0.802,-1.119],[0.303,-1.38],[2.144,-0.631],[6.662,1.167],[6.34,2.516],[1.662,3.113],[-0.512,2.903],[-0.389,0.455],[-0.543,0.172],[-5.219,-3.34],[-6.651,-2.009]],"o":[[1.131,0.707],[0.802,1.118],[-0.518,2.351],[-6.513,1.921],[-6.663,-1.167],[-3.107,-1.233],[-1.365,-2.555],[0.107,-0.611],[0.384,-0.45],[5.529,-1.757],[6.014,3.848],[3.693,1.115]],"v":[[22.872,1.137],[25.912,3.772],[26.873,7.749],[21.822,11.913],[1.74,12.634],[-17.719,6.68],[-25.811,0.829],[-26.622,-7.801],[-25.985,-9.505],[-24.491,-10.327],[-7.212,-10.493],[12.186,-3.415]]},"ix":2}},{"ty":"fl","bm":0,"hd":false,"mn":"ADBE Vector Graphic - Fill","nm":"Fill 1","c":{"a":0,"k":[0.5512,0.7809,0.9688,1],"ix":4},"r":1,"o":{"a":0,"k":100,"ix":5}},{"ty":"tr","a":{"a":0,"k":[0,0],"ix":1},"s":{"a":0,"k":[100,100],"ix":3},"sk":{"a":0,"k":0,"ix":4},"p":{"a":0,"k":[234.381,268.19],"ix":2},"r":{"a":0,"k":0,"ix":6},"sa":{"a":0,"k":0,"ix":5},"o":{"a":0,"k":100,"ix":7}}]},{"ty":"gr","bm":0,"hd":false,"mn":"ADBE Vector Group","nm":"Group 17","ix":17,"cix":2,"np":2,"it":[{"ty":"sh","bm":0,"hd":false,"mn":"ADBE Vector Shape - Group","nm":"Path 1","ix":1,"d":1,"ks":{"a":0,"k":{"c":true,"i":[[-3.334,-2.086],[-0.802,-1.118],[0.304,-1.379],[2.145,-0.632],[6.663,1.167],[6.34,2.516],[1.663,3.113],[-0.511,2.903],[-0.389,0.455],[-0.543,0.173],[-5.22,-3.339],[-6.652,-2.009]],"o":[[1.13,0.708],[0.802,1.119],[-0.517,2.352],[-6.512,1.921],[-6.662,-1.167],[-3.108,-1.233],[-1.365,-2.555],[0.107,-0.611],[0.384,-0.45],[5.529,-1.756],[6.013,3.848],[3.693,1.114]],"v":[[22.873,1.136],[25.912,3.771],[26.873,7.747],[21.821,11.912],[1.74,12.633],[-17.718,6.678],[-25.811,0.829],[-26.622,-7.802],[-25.984,-9.505],[-24.49,-10.328],[-7.211,-10.495],[12.187,-3.415]]},"ix":2}},{"ty":"fl","bm":0,"hd":false,"mn":"ADBE Vector Graphic - Fill","nm":"Fill 1","c":{"a":0,"k":[0.16,0.622,1,1],"ix":4},"r":1,"o":{"a":0,"k":100,"ix":5}},{"ty":"tr","a":{"a":0,"k":[0,0],"ix":1},"s":{"a":0,"k":[100,100],"ix":3},"sk":{"a":0,"k":0,"ix":4},"p":{"a":0,"k":[235.136,269.852],"ix":2},"r":{"a":0,"k":0,"ix":6},"sa":{"a":0,"k":0,"ix":5},"o":{"a":0,"k":100,"ix":7}}]},{"ty":"gr","bm":0,"hd":false,"mn":"ADBE Vector Group","nm":"Group 18","ix":18,"cix":2,"np":2,"it":[{"ty":"sh","bm":0,"hd":false,"mn":"ADBE Vector Shape - Group","nm":"Path 1","ix":1,"d":1,"ks":{"a":0,"k":{"c":true,"i":[[7.658,-2.455],[2.554,-2.647],[-1.397,-3.402],[-3.215,-0.638],[-3.259,0.35],[-14.016,-0.796],[-0.757,0.628],[1.367,1.497],[9.169,3.965]],"o":[[-3.502,1.123],[-2.553,2.648],[1.244,3.034],[3.216,0.637],[13.959,-1.503],[0.982,0.056],[1.561,-1.294],[-6.875,-7.531],[-7.658,-3.312]],"v":[[-19.12,-8.43],[-28.697,-3.182],[-31.23,6.931],[-23.609,12.498],[-13.816,12.374],[28.242,11.311],[31.066,10.768],[30.037,5.459],[5.424,-9.823]]},"ix":2}},{"ty":"fl","bm":0,"hd":false,"mn":"ADBE Vector Graphic - Fill","nm":"Fill 1","c":{"a":0,"k":[0.5512,0.7809,0.9688,1],"ix":4},"r":1,"o":{"a":0,"k":100,"ix":5}},{"ty":"tr","a":{"a":0,"k":[0,0],"ix":1},"s":{"a":0,"k":[100,100],"ix":3},"sk":{"a":0,"k":0,"ix":4},"p":{"a":0,"k":[122.49,262.914],"ix":2},"r":{"a":0,"k":0,"ix":6},"sa":{"a":0,"k":0,"ix":5},"o":{"a":0,"k":100,"ix":7}}]},{"ty":"gr","bm":0,"hd":false,"mn":"ADBE Vector Group","nm":"Group 19","ix":19,"cix":2,"np":2,"it":[{"ty":"sh","bm":0,"hd":false,"mn":"ADBE Vector Shape - Group","nm":"Path 1","ix":1,"d":1,"ks":{"a":0,"k":{"c":true,"i":[[7.658,-2.455],[2.554,-2.647],[-1.397,-3.402],[-3.215,-0.638],[-3.259,0.351],[-14.016,-0.796],[-0.757,0.628],[1.367,1.497],[9.169,3.965]],"o":[[-3.502,1.123],[-2.553,2.648],[1.245,3.034],[3.216,0.637],[13.959,-1.502],[0.982,0.056],[1.561,-1.294],[-6.874,-7.531],[-7.658,-3.312]],"v":[[-19.12,-8.43],[-28.697,-3.182],[-31.23,6.931],[-23.609,12.498],[-13.816,12.373],[28.242,11.311],[31.066,10.768],[30.037,5.459],[5.424,-9.823]]},"ix":2}},{"ty":"fl","bm":0,"hd":false,"mn":"ADBE Vector Graphic - Fill","nm":"Fill 1","c":{"a":0,"k":[0.16,0.622,1,1],"ix":4},"r":1,"o":{"a":0,"k":100,"ix":5}},{"ty":"tr","a":{"a":0,"k":[0,0],"ix":1},"s":{"a":0,"k":[100,100],"ix":3},"sk":{"a":0,"k":0,"ix":4},"p":{"a":0,"k":[118.977,262.688],"ix":2},"r":{"a":0,"k":0,"ix":6},"sa":{"a":0,"k":0,"ix":5},"o":{"a":0,"k":100,"ix":7}}]},{"ty":"gr","bm":0,"hd":false,"mn":"ADBE Vector Group","nm":"Group 20","ix":20,"cix":2,"np":2,"it":[{"ty":"sh","bm":0,"hd":false,"mn":"ADBE Vector Shape - Group","nm":"Path 1","ix":1,"d":1,"ks":{"a":0,"k":{"c":true,"i":[[1.236,0.045],[2.089,-1.644],[0,0],[0,0],[-4.233,-2.87],[-0.031,0.22]],"o":[[-9.19,-0.337],[0,0],[0,0],[1.245,-0.583],[0.037,-0.249],[0.176,-1.225]],"v":[[9.248,-4.177],[-11.15,3.842],[-11.41,4.461],[-11.37,4.513],[11.127,-1.077],[11.234,-1.802]]},"ix":2}},{"ty":"fl","bm":0,"hd":false,"mn":"ADBE Vector Graphic - Fill","nm":"Fill 1","c":{"a":0,"k":[0.16,0.622,1,1],"ix":4},"r":1,"o":{"a":0,"k":100,"ix":5}},{"ty":"tr","a":{"a":0,"k":[0,0],"ix":1},"s":{"a":0,"k":[100,100],"ix":3},"sk":{"a":0,"k":0,"ix":4},"p":{"a":0,"k":[199.162,77.869],"ix":2},"r":{"a":0,"k":0,"ix":6},"sa":{"a":0,"k":0,"ix":5},"o":{"a":0,"k":100,"ix":7}}]},{"ty":"gr","bm":0,"hd":false,"mn":"ADBE Vector Group","nm":"Group 21","ix":21,"cix":2,"np":2,"it":[{"ty":"sh","bm":0,"hd":false,"mn":"ADBE Vector Shape - Group","nm":"Path 1","ix":1,"d":1,"ks":{"a":0,"k":{"c":true,"i":[[0,0],[-0.048,0.022],[0,0]],"o":[[0,0],[0,0],[0,0]],"v":[[-0.038,0.044],[0.038,0.009],[-0.001,-0.044]]},"ix":2}},{"ty":"fl","bm":0,"hd":false,"mn":"ADBE Vector Graphic - Fill","nm":"Fill 1","c":{"a":0,"k":[0.5512,0.7809,0.9688,1],"ix":4},"r":1,"o":{"a":0,"k":100,"ix":5}},{"ty":"tr","a":{"a":0,"k":[0,0],"ix":1},"s":{"a":0,"k":[100,100],"ix":3},"sk":{"a":0,"k":0,"ix":4},"p":{"a":0,"k":[187.753,82.374],"ix":2},"r":{"a":0,"k":0,"ix":6},"sa":{"a":0,"k":0,"ix":5},"o":{"a":0,"k":100,"ix":7}}]},{"ty":"gr","bm":0,"hd":false,"mn":"ADBE Vector Group","nm":"Group 22","ix":22,"cix":2,"np":2,"it":[{"ty":"sh","bm":0,"hd":false,"mn":"ADBE Vector Shape - Group","nm":"Path 1","ix":1,"d":1,"ks":{"a":0,"k":{"c":true,"i":[[0,0],[0,0],[0,0]],"o":[[0,0],[0,0],[-0.29,0.229]],"v":[[-0.223,0.052],[-0.036,0.309],[0.223,-0.309]]},"ix":2}},{"ty":"fl","bm":0,"hd":false,"mn":"ADBE Vector Graphic - Fill","nm":"Fill 1","c":{"a":0,"k":[0.5512,0.7809,0.9688,1],"ix":4},"r":1,"o":{"a":0,"k":100,"ix":5}},{"ty":"tr","a":{"a":0,"k":[0,0],"ix":1},"s":{"a":0,"k":[100,100],"ix":3},"sk":{"a":0,"k":0,"ix":4},"p":{"a":0,"k":[187.787,82.021],"ix":2},"r":{"a":0,"k":0,"ix":6},"sa":{"a":0,"k":0,"ix":5},"o":{"a":0,"k":100,"ix":7}}]},{"ty":"gr","bm":0,"hd":false,"mn":"ADBE Vector Group","nm":"Group 23","ix":23,"cix":2,"np":2,"it":[{"ty":"sh","bm":0,"hd":false,"mn":"ADBE Vector Shape - Group","nm":"Path 1","ix":1,"d":1,"ks":{"a":0,"k":{"c":true,"i":[[1.245,-0.583],[0,0],[-0.857,5.687]],"o":[[0,0],[5.072,-6.398],[-4.233,-2.87]],"v":[[-11.248,-5.424],[2.907,13.884],[11.249,-11.014]]},"ix":2}},{"ty":"fl","bm":0,"hd":false,"mn":"ADBE Vector Graphic - Fill","nm":"Fill 1","c":{"a":0,"k":[0.5512,0.7809,0.9688,1],"ix":4},"r":1,"o":{"a":0,"k":100,"ix":5}},{"ty":"tr","a":{"a":0,"k":[0,0],"ix":1},"s":{"a":0,"k":[100,100],"ix":3},"sk":{"a":0,"k":0,"ix":4},"p":{"a":0,"k":[199.039,87.807],"ix":2},"r":{"a":0,"k":0,"ix":6},"sa":{"a":0,"k":0,"ix":5},"o":{"a":0,"k":100,"ix":7}}]},{"ty":"gr","bm":0,"hd":false,"mn":"ADBE Vector Group","nm":"Group 24","ix":24,"cix":2,"np":2,"it":[{"ty":"sh","bm":0,"hd":false,"mn":"ADBE Vector Shape - Group","nm":"Path 1","ix":1,"d":1,"ks":{"a":0,"k":{"c":false,"i":[[0,0],[-0.092,-0.158],[-27.313,-1.112],[9.89,17.275]],"o":[[0,0],[1.055,1.815],[0,0],[0,0]],"v":[[-16.178,-8.599],[-16.044,-8.355],[20.02,5.965],[-20.021,-8.637]]},"ix":2}},{"ty":"fl","bm":0,"hd":false,"mn":"ADBE Vector Graphic - Fill","nm":"Fill 1","c":{"a":0,"k":[0.16,0.622,1,1],"ix":4},"r":1,"o":{"a":0,"k":100,"ix":5}},{"ty":"tr","a":{"a":0,"k":[0,0],"ix":1},"s":{"a":0,"k":[100,100],"ix":3},"sk":{"a":0,"k":0,"ix":4},"p":{"a":0,"k":[143.897,139.02],"ix":2},"r":{"a":0,"k":0,"ix":6},"sa":{"a":0,"k":0,"ix":5},"o":{"a":0,"k":100,"ix":7}}]},{"ty":"gr","bm":0,"hd":false,"mn":"ADBE Vector Group","nm":"Group 25","ix":25,"cix":2,"np":2,"it":[{"ty":"sh","bm":0,"hd":false,"mn":"ADBE Vector Shape - Group","nm":"Path 1","ix":1,"d":1,"ks":{"a":0,"k":{"c":true,"i":[[0.097,1.632],[-0.46,0.643],[-0.298,0.2],[-1.385,0.337],[-1.305,0.606],[-0.797,0.303],[-1.248,-0.021],[-0.917,-1.29],[-0.002,-1.402],[0.218,-0.485],[0.583,-0.351],[2.863,-0.335],[2.553,0.178]],"o":[[-0.047,-0.789],[0.209,-0.292],[1.184,-0.794],[1.399,-0.341],[0.773,-0.36],[1.167,-0.444],[1.582,0.027],[0.812,1.142],[0.001,0.532],[-0.278,0.62],[-2.471,1.485],[-2.54,0.296],[-1.897,-0.133]],"v":[[-10.184,1.603],[-9.693,-0.668],[-8.908,-1.397],[-4.876,-2.749],[-0.805,-4.174],[1.518,-5.241],[5.186,-5.883],[9.383,-4.069],[10.23,-0.022],[10.01,1.546],[8.563,2.937],[0.378,5.516],[-7.383,5.726]]},"ix":2}},{"ty":"fl","bm":0,"hd":false,"mn":"ADBE Vector Graphic - Fill","nm":"Fill 1","c":{"a":0,"k":[0.6314,0.6784,0.7176,1],"ix":4},"r":1,"o":{"a":0,"k":100,"ix":5}},{"ty":"tr","a":{"a":0,"k":[0,0],"ix":1},"s":{"a":0,"k":[100,100],"ix":3},"sk":{"a":0,"k":0,"ix":4},"p":{"a":0,"k":[154.788,130.652],"ix":2},"r":{"a":0,"k":0,"ix":6},"sa":{"a":0,"k":0,"ix":5},"o":{"a":0,"k":100,"ix":7}}]},{"ty":"gr","bm":0,"hd":false,"mn":"ADBE Vector Group","nm":"Group 26","ix":26,"cix":2,"np":2,"it":[{"ty":"sh","bm":0,"hd":false,"mn":"ADBE Vector Shape - Group","nm":"Path 1","ix":1,"d":1,"ks":{"a":0,"k":{"c":true,"i":[[0.7,0.607],[4.07,-0.359],[1.772,-1.09],[-0.123,-1.395],[-5.651,0.499],[0.247,2.805]],"o":[[-1.799,-1.562],[-2.84,0.25],[-1.754,1.08],[0.247,2.805],[5.652,-0.498],[-0.069,-0.786]],"v":[[8.967,-3.073],[-0.511,-5.149],[-7.641,-3.007],[-10.296,0.832],[0.385,5.009],[10.171,-0.972]]},"ix":2}},{"ty":"fl","bm":0,"hd":false,"mn":"ADBE Vector Graphic - Fill","nm":"Fill 1","c":{"a":0,"k":[0.6314,0.6784,0.7176,1],"ix":4},"r":1,"o":{"a":0,"k":100,"ix":5}},{"ty":"tr","a":{"a":0,"k":[0,0],"ix":1},"s":{"a":0,"k":[100,100],"ix":3},"sk":{"a":0,"k":0,"ix":4},"p":{"a":0,"k":[155.18,132.705],"ix":2},"r":{"a":0,"k":0,"ix":6},"sa":{"a":0,"k":0,"ix":5},"o":{"a":0,"k":100,"ix":7}}]},{"ty":"gr","bm":0,"hd":false,"mn":"ADBE Vector Group","nm":"Group 27","ix":27,"cix":2,"np":2,"it":[{"ty":"sh","bm":0,"hd":false,"mn":"ADBE Vector Shape - Group","nm":"Path 1","ix":1,"d":1,"ks":{"a":0,"k":{"c":false,"i":[[0,0],[-28.745,47.364],[0,6.382],[-23.708,0.936],[0.684,0],[0,-21.652],[-3.081,-5.325],[-38.338,-6.1]],"o":[[-38.338,-6.1],[-3.081,-5.325],[0,-21.051],[-0.677,-0.027],[-24.656,0],[0,6.382],[-28.745,47.364],[0,0]],"v":[[9.702,99.125],[-2.475,-42.873],[-7.305,-60.601],[35.299,-99.76],[33.26,-99.806],[-11.383,-60.601],[-6.555,-42.873],[6.822,99.806]]},"ix":2}},{"ty":"fl","bm":0,"hd":false,"mn":"ADBE Vector Graphic - Fill","nm":"Fill 1","c":{"a":0,"k":[0.16,0.622,1,1],"ix":4},"r":1,"o":{"a":0,"k":100,"ix":5}},{"ty":"tr","a":{"a":0,"k":[0,0],"ix":1},"s":{"a":0,"k":[100,100],"ix":3},"sk":{"a":0,"k":0,"ix":4},"p":{"a":0,"k":[130.195,173.295],"ix":2},"r":{"a":0,"k":0,"ix":6},"sa":{"a":0,"k":0,"ix":5},"o":{"a":0,"k":100,"ix":7}}]},{"ty":"gr","bm":0,"hd":false,"mn":"ADBE Vector Group","nm":"Group 28","ix":28,"cix":2,"np":2,"it":[{"ty":"sh","bm":0,"hd":false,"mn":"ADBE Vector Shape - Group","nm":"Path 1","ix":1,"d":1,"ks":{"a":0,"k":{"c":true,"i":[[0.178,-0.743],[0,0],[0,0],[-3.072,9.168],[0.538,0.223]],"o":[[-2.458,10.265],[0,0],[-0.685,-1.564],[-0.784,-0.375],[-0.705,-0.292]],"v":[[-1.618,-11.888],[1.18,13.038],[4.076,10.439],[2.077,-11.844],[0.062,-12.747]]},"ix":2}},{"ty":"fl","bm":0,"hd":false,"mn":"ADBE Vector Graphic - Fill","nm":"Fill 1","c":{"a":0,"k":[0.16,0.622,1,1],"ix":4},"r":1,"o":{"a":0,"k":100,"ix":5}},{"ty":"tr","a":{"a":0,"k":[0,0],"ix":1},"s":{"a":0,"k":[100,100],"ix":3},"sk":{"a":0,"k":0,"ix":4},"p":{"a":0,"k":[123.948,81.789],"ix":2},"r":{"a":0,"k":0,"ix":6},"sa":{"a":0,"k":0,"ix":5},"o":{"a":0,"k":100,"ix":7}}]},{"ty":"gr","bm":0,"hd":false,"mn":"ADBE Vector Group","nm":"Group 29","ix":29,"cix":2,"np":2,"it":[{"ty":"sh","bm":0,"hd":false,"mn":"ADBE Vector Shape - Group","nm":"Path 1","ix":1,"d":1,"ks":{"a":0,"k":{"c":true,"i":[[-0.685,-1.564],[0,0],[3.892,1.862]],"o":[[0,0],[-3.633,-5.964],[-3.072,9.167]],"v":[[-3.419,11.141],[8.49,0.447],[-5.419,-11.141]]},"ix":2}},{"ty":"fl","bm":0,"hd":false,"mn":"ADBE Vector Graphic - Fill","nm":"Fill 1","c":{"a":0,"k":[0.5512,0.7809,0.9688,1],"ix":4},"r":1,"o":{"a":0,"k":100,"ix":5}},{"ty":"tr","a":{"a":0,"k":[0,0],"ix":1},"s":{"a":0,"k":[100,100],"ix":3},"sk":{"a":0,"k":0,"ix":4},"p":{"a":0,"k":[131.443,81.087],"ix":2},"r":{"a":0,"k":0,"ix":6},"sa":{"a":0,"k":0,"ix":5},"o":{"a":0,"k":100,"ix":7}}]},{"ty":"gr","bm":0,"hd":false,"mn":"ADBE Vector Group","nm":"Group 30","ix":30,"cix":2,"np":2,"it":[{"ty":"sh","bm":0,"hd":false,"mn":"ADBE Vector Shape - Group","nm":"Path 1","ix":1,"d":1,"ks":{"a":0,"k":{"c":true,"i":[[-5.785,2.427],[-4.783,5.001],[-0.26,6.592],[1.196,0.795],[1.278,-1.086],[11.784,-0.793],[2.227,-1.577],[2.082,-2.116],[1.014,-2.244]],"o":[[6.38,-2.677],[4.559,-4.768],[0.057,-1.434],[-1.396,-0.928],[-5.638,4.791],[-2.723,0.183],[-2.423,1.715],[-1.727,1.756],[-5.561,12.303]],"v":[[1.454,13.496],[20.199,0.596],[27.116,-15.803],[25.728,-19.676],[20.964,-19.151],[-6.089,-7.902],[-9.828,-4.276],[-14.031,1.124],[-21.612,8.301]]},"ix":2}},{"ty":"fl","bm":0,"hd":false,"mn":"ADBE Vector Graphic - Fill","nm":"Fill 1","c":{"a":0,"k":[0.5512,0.7809,0.9688,1],"ix":4},"r":1,"o":{"a":0,"k":100,"ix":5}},{"ty":"tr","a":{"a":0,"k":[0,0],"ix":1},"s":{"a":0,"k":[100,100],"ix":3},"sk":{"a":0,"k":0,"ix":4},"p":{"a":0,"k":[98.962,172.226],"ix":2},"r":{"a":0,"k":0,"ix":6},"sa":{"a":0,"k":0,"ix":5},"o":{"a":0,"k":100,"ix":7}}]},{"ty":"gr","bm":0,"hd":false,"mn":"ADBE Vector Group","nm":"Group 31","ix":31,"cix":2,"np":2,"it":[{"ty":"sh","bm":0,"hd":false,"mn":"ADBE Vector Shape - Group","nm":"Path 1","ix":1,"d":1,"ks":{"a":0,"k":{"c":true,"i":[[0.526,3.572],[0,0],[0,0],[0,0],[17.546,0.693],[0.684,0],[0,-21.652],[-3.081,-5.325],[-38.337,-6.098],[-12.957,0.083],[-10.087,1.189]],"o":[[0,0],[0,0],[0,0],[-6.565,-13.468],[-0.676,-0.027],[-24.656,0],[0,6.382],[-28.745,47.364],[11.866,1.888],[21.682,-0.139],[3.587,-0.424]],"v":[[68.818,90.284],[48.666,-31.631],[40.234,-77.257],[40.266,-77.256],[1.256,-101.006],[-0.783,-101.051],[-45.426,-61.847],[-40.598,-44.119],[-27.223,98.559],[10.99,100.968],[63.229,97.578]]},"ix":2}},{"ty":"fl","bm":0,"hd":false,"mn":"ADBE Vector Graphic - Fill","nm":"Fill 1","c":{"a":0,"k":[0.5512,0.7809,0.9688,1],"ix":4},"r":1,"o":{"a":0,"k":100,"ix":5}},{"ty":"tr","a":{"a":0,"k":[0,0],"ix":1},"s":{"a":0,"k":[100,100],"ix":3},"sk":{"a":0,"k":0,"ix":4},"p":{"a":0,"k":[164.475,174.502],"ix":2},"r":{"a":0,"k":0,"ix":6},"sa":{"a":0,"k":0,"ix":5},"o":{"a":0,"k":100,"ix":7}}]},{"ty":"gr","bm":0,"hd":false,"mn":"ADBE Vector Group","nm":"Group 32","ix":32,"cix":2,"np":4,"it":[{"ty":"sh","bm":0,"hd":false,"mn":"ADBE Vector Shape - Group","nm":"Path 1","ix":1,"d":1,"ks":{"a":0,"k":{"c":true,"i":[[0,0],[-3.201,3.046],[-19.525,6.579],[-7.287,0.108],[-5.397,-1.822],[14.433,12.287],[19.224,-4.577],[12.267,-11.818],[7.579,6.951],[0.058,0.101],[0.014,-0.047]],"o":[[-0.006,0.017],[0.566,-0.538],[19.966,-6.726],[11.002,-0.165],[9.835,3.322],[-11.866,-10.103],[-16.266,3.874],[-5.952,5.734],[-0.085,-0.077],[-0.024,-0.042],[0,0]],"v":[[-68.711,18.676],[-69.678,23.247],[-35.023,25.655],[20.782,2.939],[53.808,11.372],[61.193,-10.449],[10.735,-27.658],[-40.171,3.888],[-61.393,2.845],[-64.343,-0.099],[-66.634,-0.952]]},"ix":2}},{"ty":"fl","bm":0,"hd":false,"mn":"ADBE Vector Graphic - Fill","nm":"Fill 1","c":{"a":0,"k":[0.5512,0.7809,0.9688,1],"ix":4},"r":1,"o":{"a":0,"k":100,"ix":5}},{"ty":"tr","a":{"a":0,"k":[0,0],"ix":1},"s":{"a":0,"k":[100,100],"ix":3},"sk":{"a":0,"k":0,"ix":4},"p":{"a":0,"k":[287.121,233.497],"ix":2},"r":{"a":0,"k":0,"ix":6},"sa":{"a":0,"k":0,"ix":5},"o":{"a":0,"k":100,"ix":7}}]},{"ty":"gr","bm":0,"hd":false,"mn":"ADBE Vector Group","nm":"Group 33","ix":33,"cix":2,"np":2,"it":[{"ty":"sh","bm":0,"hd":false,"mn":"ADBE Vector Shape - Group","nm":"Path 1","ix":1,"d":1,"ks":{"a":0,"k":{"c":true,"i":[[18.627,0],[6.051,0.274],[0,0],[-18.063,11.812],[-2.201,1.698],[-3.469,1.951],[-9.507,1.244],[0,0],[-7.989,3.492],[-1.734,8.04],[0,0],[10.275,-4.492],[8.849,-1.144],[0,0],[8.128,-4.57],[2.99,-2.305],[2.427,-1.587]],"o":[[-5.713,0],[0,0],[25.305,1.151],[2.34,-1.531],[3.066,-2.363],[8.536,-4.799],[0,0],[8.663,-1.121],[9.493,-4.15],[0,0],[-1.915,8.873],[-8.336,3.645],[0,0],[-9.634,1.261],[-3.302,1.856],[-2.241,1.728],[-14.331,9.373]],"v":[[-61.66,29.359],[-79.312,28.876],[-79.191,26.215],[-13.405,15.54],[-6.588,10.557],[3.117,3.8],[31.158,-3.859],[33.167,-4.12],[58.777,-9.891],[76.708,-29.36],[79.312,-28.797],[59.843,-7.452],[33.509,-1.479],[31.504,-1.219],[4.422,6.121],[-4.962,12.667],[-11.948,17.768]]},"ix":2}},{"ty":"fl","bm":0,"hd":false,"mn":"ADBE Vector Graphic - Fill","nm":"Fill 1","c":{"a":0,"k":[0.0314,0.3412,0.6275,1],"ix":4},"r":1,"o":{"a":0,"k":100,"ix":5}},{"ty":"tr","a":{"a":0,"k":[0,0],"ix":1},"s":{"a":0,"k":[100,100],"ix":3},"sk":{"a":0,"k":0,"ix":4},"p":{"a":0,"k":[255.843,266.957],"ix":2},"r":{"a":0,"k":0,"ix":6},"sa":{"a":0,"k":0,"ix":5},"o":{"a":0,"k":100,"ix":7}}]},{"ty":"gr","bm":0,"hd":false,"mn":"ADBE Vector Group","nm":"Group 34","ix":34,"cix":2,"np":2,"it":[{"ty":"sh","bm":0,"hd":false,"mn":"ADBE Vector Shape - Group","nm":"Path 1","ix":1,"d":1,"ks":{"a":0,"k":{"c":true,"i":[[0.8,0],[1.664,0.75],[-0.1,0.224],[-0.226,-0.106],[-2.399,0.456],[-0.046,-0.241],[0.241,-0.045]],"o":[[-1.828,0],[-0.224,-0.1],[0.101,-0.223],[2.229,1.004],[0.244,-0.052],[0.046,0.241],[-0.784,0.15]],"v":[[1.432,1.025],[-3.891,-0.111],[-4.114,-0.698],[-3.527,-0.918],[3.649,-0.069],[4.168,0.284],[3.815,0.802]]},"ix":2}},{"ty":"fl","bm":0,"hd":false,"mn":"ADBE Vector Graphic - Fill","nm":"Fill 1","c":{"a":0,"k":[0.303,0.6187,0.877,1],"ix":4},"r":1,"o":{"a":0,"k":100,"ix":5}},{"ty":"tr","a":{"a":0,"k":[0,0],"ix":1},"s":{"a":0,"k":[100,100],"ix":3},"sk":{"a":0,"k":0,"ix":4},"p":{"a":0,"k":[174.826,293.891],"ix":2},"r":{"a":0,"k":0,"ix":6},"sa":{"a":0,"k":0,"ix":5},"o":{"a":0,"k":100,"ix":7}}]},{"ty":"gr","bm":0,"hd":false,"mn":"ADBE Vector Group","nm":"Group 35","ix":35,"cix":2,"np":2,"it":[{"ty":"sh","bm":0,"hd":false,"mn":"ADBE Vector Shape - Group","nm":"Path 1","ix":1,"d":1,"ks":{"a":0,"k":{"c":true,"i":[[0.208,0],[0.029,0.006],[1.812,1.896],[-0.177,0.17],[-0.17,-0.177],[-2.396,-0.477],[0.048,-0.241]],"o":[[-0.029,0],[-2.574,-0.513],[-0.17,-0.177],[0.176,-0.169],[1.688,1.765],[0.241,0.048],[-0.042,0.211]],"v":[[3.288,2.271],[3.201,2.262],[-3.6,-1.474],[-3.587,-2.102],[-2.96,-2.087],[3.374,1.391],[3.723,1.914]]},"ix":2}},{"ty":"fl","bm":0,"hd":false,"mn":"ADBE Vector Graphic - Fill","nm":"Fill 1","c":{"a":0,"k":[0.1493,0.5681,0.9107,1],"ix":4},"r":1,"o":{"a":0,"k":100,"ix":5}},{"ty":"tr","a":{"a":0,"k":[0,0],"ix":1},"s":{"a":0,"k":[100,100],"ix":3},"sk":{"a":0,"k":0,"ix":4},"p":{"a":0,"k":[174.392,292.821],"ix":2},"r":{"a":0,"k":0,"ix":6},"sa":{"a":0,"k":0,"ix":5},"o":{"a":0,"k":100,"ix":7}}]},{"ty":"gr","bm":0,"hd":false,"mn":"ADBE Vector Group","nm":"Group 36","ix":36,"cix":2,"np":2,"it":[{"ty":"sh","bm":0,"hd":false,"mn":"ADBE Vector Shape - Group","nm":"Path 1","ix":1,"d":1,"ks":{"a":0,"k":{"c":true,"i":[[0,-8.642],[62.362,0],[0,8.642],[-62.363,0]],"o":[[0,8.642],[-62.363,0],[0,-8.642],[62.362,0]],"v":[[112.918,0],[0.001,15.646],[-112.917,0],[0.001,-15.647]]},"ix":2}},{"ty":"fl","bm":0,"hd":false,"mn":"ADBE Vector Graphic - Fill","nm":"Fill 1","c":{"a":0,"k":[0.9112,0.9429,0.9688,1],"ix":4},"r":1,"o":{"a":0,"k":100,"ix":5}},{"ty":"tr","a":{"a":0,"k":[0,0],"ix":1},"s":{"a":0,"k":[100,100],"ix":3},"sk":{"a":0,"k":0,"ix":4},"p":{"a":0,"k":[174.027,271.316],"ix":2},"r":{"a":0,"k":0,"ix":6},"sa":{"a":0,"k":0,"ix":5},"o":{"a":0,"k":100,"ix":7}}]}],"ind":6}]}]}