{"v":"5.6.4","fr":24,"ip":0,"op":118,"w":797,"h":908,"nm":"Sleeping Cat 4","ddd":0,"assets":[],"layers":[{"ddd":0,"ind":1,"ty":3,"nm":"Null 1","sr":1,"ks":{"o":{"a":0,"k":0,"ix":11},"r":{"a":0,"k":0,"ix":10},"p":{"a":0,"k":[398,454,0],"ix":2},"a":{"a":0,"k":[50,50,0],"ix":1},"s":{"a":0,"k":[243,243,100],"ix":6}},"ao":0,"ip":0,"op":240,"st":0,"bm":0},{"ddd":0,"ind":4,"ty":3,"nm":"Null 10","sr":1,"ks":{"o":{"a":0,"k":0,"ix":11},"r":{"a":0,"k":0,"ix":10},"p":{"a":0,"k":[379.5,464,0],"ix":2},"a":{"a":0,"k":[0,0,0],"ix":1},"s":{"a":0,"k":[100,100,100],"ix":6}},"ao":0,"ip":0,"op":240,"st":0,"bm":0},{"ddd":0,"ind":5,"ty":4,"nm":"Layer 4 Outlines 7","parent":4,"sr":1,"ks":{"o":{"a":1,"k":[{"i":{"x":[0.833],"y":[0.833]},"o":{"x":[0.167],"y":[0.167]},"t":276,"s":[100]},{"t":282,"s":[0]}],"ix":11},"r":{"a":1,"k":[{"i":{"x":[0.667],"y":[1]},"o":{"x":[0.333],"y":[0]},"t":187,"s":[0]},{"i":{"x":[0.667],"y":[1]},"o":{"x":[0.333],"y":[0]},"t":211,"s":[-23]},{"t":235,"s":[0]}],"ix":10,"x":"var $bm_rt;\n$bm_rt = loopOut('cycle', 0);"},"p":{"a":1,"k":[{"i":{"x":0.667,"y":1},"o":{"x":0.333,"y":0},"t":187,"s":[234.215,-141.867,0],"to":[14.417,-18.75,0],"ti":[-14.417,18.75,0]},{"t":282,"s":[320.715,-254.367,0]}],"ix":2},"a":{"a":0,"k":[6.83,7.826,0],"ix":1},"s":{"a":1,"k":[{"i":{"x":[0.667,0.667,0.667],"y":[1,1,1]},"o":{"x":[0.333,0.333,0.333],"y":[0,0,0]},"t":187,"s":[0,0,100]},{"t":282,"s":[243,243,100]}],"ix":6}},"ao":0,"shapes":[{"ty":"gr","it":[{"ind":0,"ty":"sh","ix":1,"ks":{"a":0,"k":{"i":[[-0.132,0.114],[0,0],[0,0],[0.187,0.22],[-0.046,0.305],[-0.245,0.165],[-0.423,-0.064],[0,0],[0.141,-0.942],[0.209,-0.243],[0.601,-0.522],[0,0],[0,0],[-0.186,-0.209],[0.048,-0.318],[0.242,-0.161],[0.43,0.064],[0,0],[0.264,0.317],[-0.069,0.455],[-0.07,0.124],[-0.101,0.103],[-0.176,0.156]],"o":[[0,0],[0,0],[-0.424,-0.064],[-0.187,-0.219],[0.047,-0.319],[0.245,-0.164],[0,0],[1.011,0.152],[-0.068,0.45],[-0.208,0.243],[0,0],[0,0],[0.431,0.065],[0.185,0.21],[-0.049,0.331],[-0.241,0.162],[0,0],[-0.605,-0.091],[-0.265,-0.317],[0.023,-0.156],[0.07,-0.123],[0.102,-0.103],[0.177,-0.155]],"v":[[-5.236,2.854],[3.073,-4.518],[-2.98,-5.426],[-3.897,-5.85],[-4.108,-6.637],[-3.67,-7.361],[-2.667,-7.512],[5.135,-6.342],[6.439,-4.702],[6.025,-3.663],[4.81,-2.516],[-2.953,4.335],[4.307,5.424],[5.231,5.835],[5.437,6.628],[5.001,7.365],[3.994,7.512],[-4.912,6.174],[-6.216,5.563],[-6.511,4.404],[-6.372,3.984],[-6.116,3.645],[-5.699,3.258]],"c":true},"ix":2},"nm":"Path 1","mn":"ADBE Vector Shape - Group","hd":false},{"ty":"fl","c":{"a":0,"k":[0.29,0.29,0.29,1],"ix":4},"o":{"a":0,"k":100,"ix":5},"r":1,"bm":0,"nm":"Fill 1","mn":"ADBE Vector Graphic - Fill","hd":false},{"ty":"tr","p":{"a":0,"k":[6.83,7.826],"ix":2},"a":{"a":0,"k":[0,0],"ix":1},"s":{"a":0,"k":[100,100],"ix":3},"r":{"a":0,"k":0,"ix":6},"o":{"a":0,"k":100,"ix":7},"sk":{"a":0,"k":0,"ix":4},"sa":{"a":0,"k":0,"ix":5},"nm":"Transform"}],"nm":"Group 1","np":4,"cix":2,"bm":0,"ix":1,"mn":"ADBE Vector Group","hd":false}],"ip":187,"op":283,"st":187,"bm":0},{"ddd":0,"ind":6,"ty":4,"nm":"Layer 4 Outlines 6","parent":4,"sr":1,"ks":{"o":{"a":1,"k":[{"i":{"x":[0.833],"y":[0.833]},"o":{"x":[0.167],"y":[0.167]},"t":219,"s":[100]},{"t":225,"s":[0]}],"ix":11},"r":{"a":1,"k":[{"i":{"x":[0.667],"y":[1]},"o":{"x":[0.333],"y":[0]},"t":130,"s":[0]},{"i":{"x":[0.667],"y":[1]},"o":{"x":[0.333],"y":[0]},"t":154,"s":[-23]},{"t":178,"s":[0]}],"ix":10,"x":"var $bm_rt;\n$bm_rt = loopOut('cycle', 0);"},"p":{"a":1,"k":[{"i":{"x":0.667,"y":1},"o":{"x":0.333,"y":0},"t":130,"s":[234.215,-141.867,0],"to":[14.417,-18.75,0],"ti":[-14.417,18.75,0]},{"t":225,"s":[320.715,-254.367,0]}],"ix":2},"a":{"a":0,"k":[6.83,7.826,0],"ix":1},"s":{"a":1,"k":[{"i":{"x":[0.667,0.667,0.667],"y":[1,1,1]},"o":{"x":[0.333,0.333,0.333],"y":[0,0,0]},"t":130,"s":[0,0,100]},{"t":225,"s":[243,243,100]}],"ix":6}},"ao":0,"shapes":[{"ty":"gr","it":[{"ind":0,"ty":"sh","ix":1,"ks":{"a":0,"k":{"i":[[-0.132,0.114],[0,0],[0,0],[0.187,0.22],[-0.046,0.305],[-0.245,0.165],[-0.423,-0.064],[0,0],[0.141,-0.942],[0.209,-0.243],[0.601,-0.522],[0,0],[0,0],[-0.186,-0.209],[0.048,-0.318],[0.242,-0.161],[0.43,0.064],[0,0],[0.264,0.317],[-0.069,0.455],[-0.07,0.124],[-0.101,0.103],[-0.176,0.156]],"o":[[0,0],[0,0],[-0.424,-0.064],[-0.187,-0.219],[0.047,-0.319],[0.245,-0.164],[0,0],[1.011,0.152],[-0.068,0.45],[-0.208,0.243],[0,0],[0,0],[0.431,0.065],[0.185,0.21],[-0.049,0.331],[-0.241,0.162],[0,0],[-0.605,-0.091],[-0.265,-0.317],[0.023,-0.156],[0.07,-0.123],[0.102,-0.103],[0.177,-0.155]],"v":[[-5.236,2.854],[3.073,-4.518],[-2.98,-5.426],[-3.897,-5.85],[-4.108,-6.637],[-3.67,-7.361],[-2.667,-7.512],[5.135,-6.342],[6.439,-4.702],[6.025,-3.663],[4.81,-2.516],[-2.953,4.335],[4.307,5.424],[5.231,5.835],[5.437,6.628],[5.001,7.365],[3.994,7.512],[-4.912,6.174],[-6.216,5.563],[-6.511,4.404],[-6.372,3.984],[-6.116,3.645],[-5.699,3.258]],"c":true},"ix":2},"nm":"Path 1","mn":"ADBE Vector Shape - Group","hd":false},{"ty":"fl","c":{"a":0,"k":[0.29,0.29,0.29,1],"ix":4},"o":{"a":0,"k":100,"ix":5},"r":1,"bm":0,"nm":"Fill 1","mn":"ADBE Vector Graphic - Fill","hd":false},{"ty":"tr","p":{"a":0,"k":[6.83,7.826],"ix":2},"a":{"a":0,"k":[0,0],"ix":1},"s":{"a":0,"k":[100,100],"ix":3},"r":{"a":0,"k":0,"ix":6},"o":{"a":0,"k":100,"ix":7},"sk":{"a":0,"k":0,"ix":4},"sa":{"a":0,"k":0,"ix":5},"nm":"Transform"}],"nm":"Group 1","np":4,"cix":2,"bm":0,"ix":1,"mn":"ADBE Vector Group","hd":false}],"ip":130,"op":226,"st":130,"bm":0},{"ddd":0,"ind":7,"ty":4,"nm":"Layer 4 Outlines 5","parent":4,"sr":1,"ks":{"o":{"a":1,"k":[{"i":{"x":[0.833],"y":[0.833]},"o":{"x":[0.167],"y":[0.167]},"t":150,"s":[100]},{"t":156,"s":[0]}],"ix":11},"r":{"a":1,"k":[{"i":{"x":[0.667],"y":[1]},"o":{"x":[0.333],"y":[0]},"t":61,"s":[0]},{"i":{"x":[0.667],"y":[1]},"o":{"x":[0.333],"y":[0]},"t":85,"s":[-23]},{"t":109,"s":[0]}],"ix":10,"x":"var $bm_rt;\n$bm_rt = loopOut('cycle', 0);"},"p":{"a":1,"k":[{"i":{"x":0.667,"y":1},"o":{"x":0.333,"y":0},"t":61,"s":[234.215,-141.867,0],"to":[14.417,-18.75,0],"ti":[-14.417,18.75,0]},{"t":156,"s":[320.715,-254.367,0]}],"ix":2},"a":{"a":0,"k":[6.83,7.826,0],"ix":1},"s":{"a":1,"k":[{"i":{"x":[0.667,0.667,0.667],"y":[1,1,1]},"o":{"x":[0.333,0.333,0.333],"y":[0,0,0]},"t":61,"s":[0,0,100]},{"t":156,"s":[243,243,100]}],"ix":6}},"ao":0,"shapes":[{"ty":"gr","it":[{"ind":0,"ty":"sh","ix":1,"ks":{"a":0,"k":{"i":[[-0.132,0.114],[0,0],[0,0],[0.187,0.22],[-0.046,0.305],[-0.245,0.165],[-0.423,-0.064],[0,0],[0.141,-0.942],[0.209,-0.243],[0.601,-0.522],[0,0],[0,0],[-0.186,-0.209],[0.048,-0.318],[0.242,-0.161],[0.43,0.064],[0,0],[0.264,0.317],[-0.069,0.455],[-0.07,0.124],[-0.101,0.103],[-0.176,0.156]],"o":[[0,0],[0,0],[-0.424,-0.064],[-0.187,-0.219],[0.047,-0.319],[0.245,-0.164],[0,0],[1.011,0.152],[-0.068,0.45],[-0.208,0.243],[0,0],[0,0],[0.431,0.065],[0.185,0.21],[-0.049,0.331],[-0.241,0.162],[0,0],[-0.605,-0.091],[-0.265,-0.317],[0.023,-0.156],[0.07,-0.123],[0.102,-0.103],[0.177,-0.155]],"v":[[-5.236,2.854],[3.073,-4.518],[-2.98,-5.426],[-3.897,-5.85],[-4.108,-6.637],[-3.67,-7.361],[-2.667,-7.512],[5.135,-6.342],[6.439,-4.702],[6.025,-3.663],[4.81,-2.516],[-2.953,4.335],[4.307,5.424],[5.231,5.835],[5.437,6.628],[5.001,7.365],[3.994,7.512],[-4.912,6.174],[-6.216,5.563],[-6.511,4.404],[-6.372,3.984],[-6.116,3.645],[-5.699,3.258]],"c":true},"ix":2},"nm":"Path 1","mn":"ADBE Vector Shape - Group","hd":false},{"ty":"fl","c":{"a":0,"k":[0.29,0.29,0.29,1],"ix":4},"o":{"a":0,"k":100,"ix":5},"r":1,"bm":0,"nm":"Fill 1","mn":"ADBE Vector Graphic - Fill","hd":false},{"ty":"tr","p":{"a":0,"k":[6.83,7.826],"ix":2},"a":{"a":0,"k":[0,0],"ix":1},"s":{"a":0,"k":[100,100],"ix":3},"r":{"a":0,"k":0,"ix":6},"o":{"a":0,"k":100,"ix":7},"sk":{"a":0,"k":0,"ix":4},"sa":{"a":0,"k":0,"ix":5},"nm":"Transform"}],"nm":"Group 1","np":4,"cix":2,"bm":0,"ix":1,"mn":"ADBE Vector Group","hd":false}],"ip":61,"op":157,"st":61,"bm":0},{"ddd":0,"ind":8,"ty":4,"nm":"Layer 4 Outlines 4","parent":4,"sr":1,"ks":{"o":{"a":1,"k":[{"i":{"x":[0.833],"y":[0.833]},"o":{"x":[0.167],"y":[0.167]},"t":79,"s":[100]},{"t":95,"s":[0]}],"ix":11},"r":{"a":1,"k":[{"i":{"x":[0.667],"y":[1]},"o":{"x":[0.333],"y":[0]},"t":0,"s":[0]},{"i":{"x":[0.667],"y":[1]},"o":{"x":[0.333],"y":[0]},"t":24,"s":[-23]},{"t":48,"s":[0]}],"ix":10,"x":"var $bm_rt;\n$bm_rt = loopOut('cycle', 0);"},"p":{"a":1,"k":[{"i":{"x":0.667,"y":1},"o":{"x":0.333,"y":0},"t":0,"s":[234.215,-141.867,0],"to":[14.417,-18.75,0],"ti":[-14.417,18.75,0]},{"t":95,"s":[320.715,-254.367,0]}],"ix":2},"a":{"a":0,"k":[6.83,7.826,0],"ix":1},"s":{"a":1,"k":[{"i":{"x":[0.667,0.667,0.667],"y":[1,1,1]},"o":{"x":[0.333,0.333,0.333],"y":[0,0,0]},"t":0,"s":[0,0,100]},{"t":95,"s":[243,243,100]}],"ix":6}},"ao":0,"shapes":[{"ty":"gr","it":[{"ind":0,"ty":"sh","ix":1,"ks":{"a":0,"k":{"i":[[-0.132,0.114],[0,0],[0,0],[0.187,0.22],[-0.046,0.305],[-0.245,0.165],[-0.423,-0.064],[0,0],[0.141,-0.942],[0.209,-0.243],[0.601,-0.522],[0,0],[0,0],[-0.186,-0.209],[0.048,-0.318],[0.242,-0.161],[0.43,0.064],[0,0],[0.264,0.317],[-0.069,0.455],[-0.07,0.124],[-0.101,0.103],[-0.176,0.156]],"o":[[0,0],[0,0],[-0.424,-0.064],[-0.187,-0.219],[0.047,-0.319],[0.245,-0.164],[0,0],[1.011,0.152],[-0.068,0.45],[-0.208,0.243],[0,0],[0,0],[0.431,0.065],[0.185,0.21],[-0.049,0.331],[-0.241,0.162],[0,0],[-0.605,-0.091],[-0.265,-0.317],[0.023,-0.156],[0.07,-0.123],[0.102,-0.103],[0.177,-0.155]],"v":[[-5.236,2.854],[3.073,-4.518],[-2.98,-5.426],[-3.897,-5.85],[-4.108,-6.637],[-3.67,-7.361],[-2.667,-7.512],[5.135,-6.342],[6.439,-4.702],[6.025,-3.663],[4.81,-2.516],[-2.953,4.335],[4.307,5.424],[5.231,5.835],[5.437,6.628],[5.001,7.365],[3.994,7.512],[-4.912,6.174],[-6.216,5.563],[-6.511,4.404],[-6.372,3.984],[-6.116,3.645],[-5.699,3.258]],"c":true},"ix":2},"nm":"Path 1","mn":"ADBE Vector Shape - Group","hd":false},{"ty":"fl","c":{"a":0,"k":[0.29,0.29,0.29,1],"ix":4},"o":{"a":0,"k":100,"ix":5},"r":1,"bm":0,"nm":"Fill 1","mn":"ADBE Vector Graphic - Fill","hd":false},{"ty":"tr","p":{"a":0,"k":[6.83,7.826],"ix":2},"a":{"a":0,"k":[0,0],"ix":1},"s":{"a":0,"k":[100,100],"ix":3},"r":{"a":0,"k":0,"ix":6},"o":{"a":0,"k":100,"ix":7},"sk":{"a":0,"k":0,"ix":4},"sa":{"a":0,"k":0,"ix":5},"nm":"Transform"}],"nm":"Group 1","np":4,"cix":2,"bm":0,"ix":1,"mn":"ADBE Vector Group","hd":false}],"ip":0,"op":96,"st":0,"bm":0},{"ddd":0,"ind":9,"ty":4,"nm":"Layer 4 Outlines 3","parent":4,"sr":1,"ks":{"o":{"a":1,"k":[{"i":{"x":[0.833],"y":[0.833]},"o":{"x":[0.167],"y":[0.167]},"t":25,"s":[100]},{"t":39,"s":[0]}],"ix":11},"r":{"a":1,"k":[{"i":{"x":[0.667],"y":[1]},"o":{"x":[0.333],"y":[0]},"t":-56,"s":[0]},{"i":{"x":[0.667],"y":[1]},"o":{"x":[0.333],"y":[0]},"t":-32,"s":[-23]},{"t":-8,"s":[0]}],"ix":10,"x":"var $bm_rt;\n$bm_rt = loopOut('cycle', 0);"},"p":{"a":1,"k":[{"i":{"x":0.667,"y":1},"o":{"x":0.333,"y":0},"t":-56,"s":[234.215,-141.867,0],"to":[14.417,-18.75,0],"ti":[-14.417,18.75,0]},{"t":39,"s":[320.715,-254.367,0]}],"ix":2},"a":{"a":0,"k":[6.83,7.826,0],"ix":1},"s":{"a":1,"k":[{"i":{"x":[0.667,0.667,0.667],"y":[1,1,1]},"o":{"x":[0.333,0.333,0.333],"y":[0,0,0]},"t":-56,"s":[0,0,100]},{"t":39,"s":[243,243,100]}],"ix":6}},"ao":0,"shapes":[{"ty":"gr","it":[{"ind":0,"ty":"sh","ix":1,"ks":{"a":0,"k":{"i":[[-0.132,0.114],[0,0],[0,0],[0.187,0.22],[-0.046,0.305],[-0.245,0.165],[-0.423,-0.064],[0,0],[0.141,-0.942],[0.209,-0.243],[0.601,-0.522],[0,0],[0,0],[-0.186,-0.209],[0.048,-0.318],[0.242,-0.161],[0.43,0.064],[0,0],[0.264,0.317],[-0.069,0.455],[-0.07,0.124],[-0.101,0.103],[-0.176,0.156]],"o":[[0,0],[0,0],[-0.424,-0.064],[-0.187,-0.219],[0.047,-0.319],[0.245,-0.164],[0,0],[1.011,0.152],[-0.068,0.45],[-0.208,0.243],[0,0],[0,0],[0.431,0.065],[0.185,0.21],[-0.049,0.331],[-0.241,0.162],[0,0],[-0.605,-0.091],[-0.265,-0.317],[0.023,-0.156],[0.07,-0.123],[0.102,-0.103],[0.177,-0.155]],"v":[[-5.236,2.854],[3.073,-4.518],[-2.98,-5.426],[-3.897,-5.85],[-4.108,-6.637],[-3.67,-7.361],[-2.667,-7.512],[5.135,-6.342],[6.439,-4.702],[6.025,-3.663],[4.81,-2.516],[-2.953,4.335],[4.307,5.424],[5.231,5.835],[5.437,6.628],[5.001,7.365],[3.994,7.512],[-4.912,6.174],[-6.216,5.563],[-6.511,4.404],[-6.372,3.984],[-6.116,3.645],[-5.699,3.258]],"c":true},"ix":2},"nm":"Path 1","mn":"ADBE Vector Shape - Group","hd":false},{"ty":"fl","c":{"a":0,"k":[0.29,0.29,0.29,1],"ix":4},"o":{"a":0,"k":100,"ix":5},"r":1,"bm":0,"nm":"Fill 1","mn":"ADBE Vector Graphic - Fill","hd":false},{"ty":"tr","p":{"a":0,"k":[6.83,7.826],"ix":2},"a":{"a":0,"k":[0,0],"ix":1},"s":{"a":0,"k":[100,100],"ix":3},"r":{"a":0,"k":0,"ix":6},"o":{"a":0,"k":100,"ix":7},"sk":{"a":0,"k":0,"ix":4},"sa":{"a":0,"k":0,"ix":5},"nm":"Transform"}],"nm":"Group 1","np":4,"cix":2,"bm":0,"ix":1,"mn":"ADBE Vector Group","hd":false}],"ip":-56,"op":40,"st":-56,"bm":0},{"ddd":0,"ind":10,"ty":4,"nm":"Layer 3 Outlines 2","sr":1,"ks":{"o":{"a":0,"k":100,"ix":11},"r":{"a":0,"k":0,"ix":10},"p":{"a":0,"k":[218.329,371.88,0],"ix":2},"a":{"a":0,"k":[38.092,69.509,0],"ix":1},"s":{"a":0,"k":[243,243,100],"ix":6}},"ao":0,"shapes":[{"ty":"gr","it":[{"ind":0,"ty":"sh","ix":1,"ks":{"a":0,"k":{"i":[[0,0],[3.938,1.438],[0,0],[-65.154,-9.354],[-9.609,9.602],[7.273,-2.257],[31.437,4.606],[0.57,6.841]],"o":[[0,0],[-3.937,-1.437],[0,0],[28.176,4.045],[12.5,-12.49],[-7.25,2.25],[-24.005,-3.517],[-0.5,-6]],"v":[[-28,-24.676],[-28.625,-34.864],[-36.75,-28.176],[-3.971,35.91],[50.916,20.483],[44.387,3.718],[-3.854,14.749],[-31.25,-9.676]],"c":true},"ix":2},"nm":"Path 1","mn":"ADBE Vector Shape - Group","hd":false},{"ty":"fl","c":{"a":0,"k":[0.3882,0.4471,0.4941,1],"ix":4},"o":{"a":0,"k":100,"ix":5},"r":1,"bm":0,"nm":"Fill 1","mn":"ADBE Vector Graphic - Fill","hd":false},{"ty":"tr","p":{"a":0,"k":[70.25,99.176],"ix":2},"a":{"a":0,"k":[0,0],"ix":1},"s":{"a":0,"k":[100,100],"ix":3},"r":{"a":0,"k":0,"ix":6},"o":{"a":0,"k":100,"ix":7},"sk":{"a":0,"k":0,"ix":4},"sa":{"a":0,"k":0,"ix":5},"nm":"Transform"}],"nm":"Group 11","np":4,"cix":2,"bm":0,"ix":1,"mn":"ADBE Vector Group","hd":false}],"ip":0,"op":240,"st":0,"bm":0},{"ddd":0,"ind":12,"ty":4,"nm":"Layer 3 Outlines 7","parent":1,"sr":1,"ks":{"o":{"a":0,"k":100,"ix":11},"r":{"a":0,"k":0,"ix":10},"p":{"a":0,"k":[40.876,14.559,0],"ix":2},"a":{"a":0,"k":[102.906,67.863,0],"ix":1},"s":{"a":0,"k":[100,100,100],"ix":6}},"ao":0,"shapes":[{"ty":"gr","it":[{"ind":0,"ty":"sh","ix":1,"ks":{"a":0,"k":{"i":[[0,0],[-1.698,0.421],[0,0]],"o":[[0,0],[1.764,-0.438],[0,0]],"v":[[-3.133,0.437],[0.499,0.216],[3.133,-0.637]],"c":false},"ix":2},"nm":"Path 1","mn":"ADBE Vector Shape - Group","hd":false},{"ty":"st","c":{"a":0,"k":[0.9333,0.9725,0.9373,1],"ix":3},"o":{"a":0,"k":100,"ix":4},"w":{"a":0,"k":2,"ix":5},"lc":2,"lj":2,"bm":0,"nm":"Stroke 1","mn":"ADBE Vector Graphic - Stroke","hd":false},{"ty":"tr","p":{"a":0,"k":[184.867,70.508],"ix":2},"a":{"a":0,"k":[0,0],"ix":1},"s":{"a":0,"k":[100,100],"ix":3},"r":{"a":0,"k":0,"ix":6},"o":{"a":0,"k":100,"ix":7},"sk":{"a":0,"k":0,"ix":4},"sa":{"a":0,"k":0,"ix":5},"nm":"Transform"}],"nm":"Group 8","np":2,"cix":2,"bm":0,"ix":1,"mn":"ADBE Vector Group","hd":false},{"ty":"gr","it":[{"ind":0,"ty":"sh","ix":1,"ks":{"a":0,"k":{"i":[[0,0],[-13.214,-7.897],[0,0]],"o":[[0,0],[11.938,7.135],[0,0]],"v":[[-28.406,-16.684],[4.344,-2.934],[28.406,16.684]],"c":false},"ix":2},"nm":"Path 1","mn":"ADBE Vector Shape - Group","hd":false},{"ty":"st","c":{"a":0,"k":[0.9333,0.9725,0.9373,1],"ix":3},"o":{"a":0,"k":100,"ix":4},"w":{"a":0,"k":2,"ix":5},"lc":2,"lj":2,"bm":0,"nm":"Stroke 1","mn":"ADBE Vector Graphic - Stroke","hd":false},{"ty":"tr","p":{"a":0,"k":[159.052,59.941],"ix":2},"a":{"a":0,"k":[0,0],"ix":1},"s":{"a":0,"k":[100,100],"ix":3},"r":{"a":0,"k":0,"ix":6},"o":{"a":0,"k":100,"ix":7},"sk":{"a":0,"k":0,"ix":4},"sa":{"a":0,"k":0,"ix":5},"nm":"Transform"}],"nm":"Group 9","np":2,"cix":2,"bm":0,"ix":2,"mn":"ADBE Vector Group","hd":false},{"ty":"gr","it":[{"ind":0,"ty":"sh","ix":1,"ks":{"a":0,"k":{"i":[[0,0],[8.75,1.083],[0,0],[4.898,6.334],[0,0]],"o":[[0.167,-5.167],[-7.795,-0.965],[0,0],[-6.821,-8.818],[0,0]],"v":[[29.067,17.669],[10.232,5.648],[-10.936,6.316],[-15.769,-8.852],[-29.234,-16.523]],"c":false},"ix":2},"nm":"Path 1","mn":"ADBE Vector Shape - Group","hd":false},{"ty":"st","c":{"a":0,"k":[0.9333,0.9725,0.9373,1],"ix":3},"o":{"a":0,"k":100,"ix":4},"w":{"a":0,"k":2,"ix":5},"lc":2,"lj":2,"bm":0,"nm":"Stroke 1","mn":"ADBE Vector Graphic - Stroke","hd":false},{"ty":"tr","p":{"a":0,"k":[104.767,43.334],"ix":2},"a":{"a":0,"k":[0,0],"ix":1},"s":{"a":0,"k":[100,100],"ix":3},"r":{"a":0,"k":0,"ix":6},"o":{"a":0,"k":100,"ix":7},"sk":{"a":0,"k":0,"ix":4},"sa":{"a":0,"k":0,"ix":5},"nm":"Transform"}],"nm":"Group 10","np":2,"cix":2,"bm":0,"ix":3,"mn":"ADBE Vector Group","hd":false}],"ip":0,"op":240,"st":0,"bm":0},{"ddd":0,"ind":13,"ty":4,"nm":"Layer 3 Outlines 6","parent":1,"sr":1,"ks":{"o":{"a":0,"k":100,"ix":11},"r":{"a":0,"k":0,"ix":10},"p":{"a":0,"k":[40.876,14.559,0],"ix":2},"a":{"a":0,"k":[102.906,67.863,0],"ix":1},"s":{"a":0,"k":[100,100,100],"ix":6}},"ao":0,"shapes":[{"ty":"gr","it":[{"ind":0,"ty":"sh","ix":1,"ks":{"a":1,"k":[{"i":{"x":0.667,"y":1},"o":{"x":0.333,"y":0},"t":0,"s":[{"i":[[0,0],[0,-2.136]],"o":[[0,0],[0,0]],"v":[[0.075,-2.136],[-0.074,2.136]],"c":false}]},{"i":{"x":0.667,"y":1},"o":{"x":0.333,"y":0},"t":47,"s":[{"i":[[0,0],[0,-2.136]],"o":[[0,0],[0,0]],"v":[[-0.543,-6.868],[-1.103,0.387]],"c":false}]},{"t":95,"s":[{"i":[[0,0],[0,-2.136]],"o":[[0,0],[0,0]],"v":[[0.075,-2.136],[-0.074,2.136]],"c":false}]}],"ix":2},"nm":"Path 1","mn":"ADBE Vector Shape - Group","hd":false},{"ty":"st","c":{"a":0,"k":[0.9333,0.9725,0.9373,1],"ix":3},"o":{"a":0,"k":100,"ix":4},"w":{"a":0,"k":2,"ix":5},"lc":2,"lj":2,"bm":0,"nm":"Stroke 1","mn":"ADBE Vector Graphic - Stroke","hd":false},{"ty":"tr","p":{"a":0,"k":[140.2,21.552],"ix":2},"a":{"a":0,"k":[0,0],"ix":1},"s":{"a":0,"k":[100,100],"ix":3},"r":{"a":0,"k":0,"ix":6},"o":{"a":0,"k":100,"ix":7},"sk":{"a":0,"k":0,"ix":4},"sa":{"a":0,"k":0,"ix":5},"nm":"Transform"}],"nm":"Group 7","np":2,"cix":2,"bm":0,"ix":1,"mn":"ADBE Vector Group","hd":false}],"ip":0,"op":240,"st":0,"bm":0},{"ddd":0,"ind":14,"ty":4,"nm":"Layer 3 Outlines 5","parent":1,"sr":1,"ks":{"o":{"a":0,"k":100,"ix":11},"r":{"a":1,"k":[{"i":{"x":[0.667],"y":[1]},"o":{"x":[0.333],"y":[0]},"t":0,"s":[0]},{"i":{"x":[0.667],"y":[1]},"o":{"x":[0.333],"y":[0]},"t":47,"s":[-12]},{"t":95,"s":[0]}],"ix":10},"p":{"a":0,"k":[127.06,8.762,0],"ix":2},"a":{"a":0,"k":[189.091,62.066,0],"ix":1},"s":{"a":0,"k":[100,100,100],"ix":6}},"ao":0,"shapes":[{"ty":"gr","it":[{"ind":0,"ty":"sh","ix":1,"ks":{"a":0,"k":{"i":[[0,0],[-6.5,0]],"o":[[0,0],[0,0]],"v":[[-5.25,-1.647],[5.25,1.647]],"c":false},"ix":2},"nm":"Path 1","mn":"ADBE Vector Shape - Group","hd":false},{"ty":"st","c":{"a":0,"k":[0.9333,0.9725,0.9373,1],"ix":3},"o":{"a":0,"k":100,"ix":4},"w":{"a":0,"k":2,"ix":5},"lc":2,"lj":2,"bm":0,"nm":"Stroke 1","mn":"ADBE Vector Graphic - Stroke","hd":false},{"ty":"tr","p":{"a":0,"k":[194.625,63.227],"ix":2},"a":{"a":0,"k":[0,0],"ix":1},"s":{"a":0,"k":[100,100],"ix":3},"r":{"a":0,"k":0,"ix":6},"o":{"a":0,"k":100,"ix":7},"sk":{"a":0,"k":0,"ix":4},"sa":{"a":0,"k":0,"ix":5},"nm":"Transform"}],"nm":"Group 5","np":2,"cix":2,"bm":0,"ix":1,"mn":"ADBE Vector Group","hd":false},{"ty":"gr","it":[{"ind":0,"ty":"sh","ix":1,"ks":{"a":0,"k":{"i":[[0,0],[-4,0.441]],"o":[[0,0],[0,0]],"v":[[-5.861,-0.417],[5.861,-0.024]],"c":false},"ix":2},"nm":"Path 1","mn":"ADBE Vector Shape - Group","hd":false},{"ty":"st","c":{"a":0,"k":[0.9333,0.9725,0.9373,1],"ix":3},"o":{"a":0,"k":100,"ix":4},"w":{"a":0,"k":2,"ix":5},"lc":2,"lj":2,"bm":0,"nm":"Stroke 1","mn":"ADBE Vector Graphic - Stroke","hd":false},{"ty":"tr","p":{"a":0,"k":[194.952,59.676],"ix":2},"a":{"a":0,"k":[0,0],"ix":1},"s":{"a":0,"k":[100,100],"ix":3},"r":{"a":0,"k":0,"ix":6},"o":{"a":0,"k":100,"ix":7},"sk":{"a":0,"k":0,"ix":4},"sa":{"a":0,"k":0,"ix":5},"nm":"Transform"}],"nm":"Group 6","np":2,"cix":2,"bm":0,"ix":2,"mn":"ADBE Vector Group","hd":false}],"ip":0,"op":240,"st":0,"bm":0},{"ddd":0,"ind":15,"ty":4,"nm":"Layer 3 Outlines 4","parent":1,"sr":1,"ks":{"o":{"a":0,"k":100,"ix":11},"r":{"a":0,"k":0,"ix":10},"p":{"a":1,"k":[{"i":{"x":0.667,"y":1},"o":{"x":0.333,"y":0},"t":0,"s":[40.876,14.559,0],"to":[0,-0.652,0],"ti":[0,0,0]},{"i":{"x":0.667,"y":1},"o":{"x":0.333,"y":0},"t":47,"s":[40.876,10.65,0],"to":[0,0,0],"ti":[0,-0.652,0]},{"t":95,"s":[40.876,14.559,0]}],"ix":2},"a":{"a":0,"k":[102.906,67.863,0],"ix":1},"s":{"a":0,"k":[100,100,100],"ix":6}},"ao":0,"shapes":[{"ty":"gr","it":[{"ind":0,"ty":"sh","ix":1,"ks":{"a":1,"k":[{"i":{"x":0.667,"y":1},"o":{"x":0.333,"y":0},"t":0,"s":[{"i":[[0,0],[-1.167,-3.083],[1.883,-0.745]],"o":[[0,0],[-2.563,0.453],[-0.698,-5.517]],"v":[[-3.459,-5.517],[4.375,3.566],[-3.677,5.517]],"c":true}]},{"i":{"x":0.667,"y":1},"o":{"x":0.333,"y":0},"t":47,"s":[{"i":[[0,0],[-1.167,-3.083],[1.883,-0.745]],"o":[[0,0],[-2.563,0.453],[-0.698,-5.517]],"v":[[-3.459,-5.517],[4.889,2.229],[-5.529,4.18]],"c":true}]},{"t":95,"s":[{"i":[[0,0],[-1.167,-3.083],[1.883,-0.745]],"o":[[0,0],[-2.563,0.453],[-0.698,-5.517]],"v":[[-3.459,-5.517],[4.375,3.566],[-3.677,5.517]],"c":true}]}],"ix":2},"nm":"Path 1","mn":"ADBE Vector Shape - Group","hd":false},{"ty":"fl","c":{"a":0,"k":[0.9333,0.9725,0.9373,1],"ix":4},"o":{"a":0,"k":100,"ix":5},"r":1,"bm":0,"nm":"Fill 1","mn":"ADBE Vector Graphic - Fill","hd":false},{"ty":"tr","p":{"a":0,"k":[148.792,13.35],"ix":2},"a":{"a":0,"k":[0,0],"ix":1},"s":{"a":0,"k":[100,100],"ix":3},"r":{"a":0,"k":0,"ix":6},"o":{"a":0,"k":100,"ix":7},"sk":{"a":0,"k":0,"ix":4},"sa":{"a":0,"k":0,"ix":5},"nm":"Transform"}],"nm":"Group 4","np":4,"cix":2,"bm":0,"ix":1,"mn":"ADBE Vector Group","hd":false}],"ip":0,"op":240,"st":0,"bm":0},{"ddd":0,"ind":16,"ty":4,"nm":"Layer 3 Outlines 3","parent":1,"sr":1,"ks":{"o":{"a":0,"k":100,"ix":11},"r":{"a":0,"k":0,"ix":10},"p":{"a":1,"k":[{"i":{"x":0.667,"y":1},"o":{"x":0.333,"y":0},"t":0,"s":[40.876,14.559,0],"to":[0,-0.309,0],"ti":[0,0,0]},{"i":{"x":0.667,"y":1},"o":{"x":0.333,"y":0},"t":47,"s":[40.876,12.708,0],"to":[0,0,0],"ti":[0,-0.309,0]},{"t":95,"s":[40.876,14.559,0]}],"ix":2},"a":{"a":0,"k":[102.906,67.863,0],"ix":1},"s":{"a":0,"k":[100,100,100],"ix":6}},"ao":0,"shapes":[{"ty":"gr","it":[{"ind":0,"ty":"sh","ix":1,"ks":{"a":0,"k":{"i":[[0,0],[-4.5,-0.64],[-1.083,-3]],"o":[[0,0],[3.888,0.552],[0,0]],"v":[[-8.042,-3.709],[-2.209,-1.568],[8.041,3.709]],"c":false},"ix":2},"nm":"Path 1","mn":"ADBE Vector Shape - Group","hd":false},{"ty":"st","c":{"a":0,"k":[0.9333,0.9725,0.9373,1],"ix":3},"o":{"a":0,"k":100,"ix":4},"w":{"a":0,"k":2,"ix":5},"lc":2,"lj":2,"bm":0,"nm":"Stroke 1","mn":"ADBE Vector Graphic - Stroke","hd":false},{"ty":"tr","p":{"a":0,"k":[164.792,45.791],"ix":2},"a":{"a":0,"k":[0,0],"ix":1},"s":{"a":0,"k":[100,100],"ix":3},"r":{"a":0,"k":0,"ix":6},"o":{"a":0,"k":100,"ix":7},"sk":{"a":0,"k":0,"ix":4},"sa":{"a":0,"k":0,"ix":5},"nm":"Transform"}],"nm":"Group 1","np":2,"cix":2,"bm":0,"ix":1,"mn":"ADBE Vector Group","hd":false},{"ty":"gr","it":[{"ind":0,"ty":"sh","ix":1,"ks":{"a":0,"k":{"i":[[0,0],[-1.229,0.584],[-0.75,1.334]],"o":[[0,0],[1.449,-0.687],[0,0]],"v":[[-4.157,1.531],[-2.509,0.22],[4.157,-1.531]],"c":false},"ix":2},"nm":"Path 1","mn":"ADBE Vector Shape - Group","hd":false},{"ty":"st","c":{"a":0,"k":[0.9333,0.9725,0.9373,1],"ix":3},"o":{"a":0,"k":100,"ix":4},"w":{"a":0,"k":2,"ix":5},"lc":2,"lj":2,"bm":0,"nm":"Stroke 1","mn":"ADBE Vector Graphic - Stroke","hd":false},{"ty":"tr","p":{"a":0,"k":[188.925,48.696],"ix":2},"a":{"a":0,"k":[0,0],"ix":1},"s":{"a":0,"k":[100,100],"ix":3},"r":{"a":0,"k":0,"ix":6},"o":{"a":0,"k":100,"ix":7},"sk":{"a":0,"k":0,"ix":4},"sa":{"a":0,"k":0,"ix":5},"nm":"Transform"}],"nm":"Group 2","np":2,"cix":2,"bm":0,"ix":2,"mn":"ADBE Vector Group","hd":false},{"ty":"gr","it":[{"ind":0,"ty":"sh","ix":1,"ks":{"a":0,"k":{"i":[[-0.473,0.595],[0,-0.737],[0.291,0.008]],"o":[[0.473,-0.595],[0,0.736],[-0.292,-0.008]],"v":[[-2.464,-0.909],[2.937,-0.499],[0.202,1.495]],"c":true},"ix":2},"nm":"Path 1","mn":"ADBE Vector Shape - Group","hd":false},{"ty":"fl","c":{"a":0,"k":[0.9333,0.9725,0.9373,1],"ix":4},"o":{"a":0,"k":100,"ix":5},"r":1,"bm":0,"nm":"Fill 1","mn":"ADBE Vector Graphic - Fill","hd":false},{"ty":"tr","p":{"a":0,"k":[180.408,56.754],"ix":2},"a":{"a":0,"k":[0,0],"ix":1},"s":{"a":0,"k":[100,100],"ix":3},"r":{"a":0,"k":0,"ix":6},"o":{"a":0,"k":100,"ix":7},"sk":{"a":0,"k":0,"ix":4},"sa":{"a":0,"k":0,"ix":5},"nm":"Transform"}],"nm":"Group 3","np":4,"cix":2,"bm":0,"ix":3,"mn":"ADBE Vector Group","hd":false}],"ip":0,"op":240,"st":0,"bm":0},{"ddd":0,"ind":17,"ty":4,"nm":"Layer 3 Outlines","parent":1,"sr":1,"ks":{"o":{"a":0,"k":100,"ix":11},"r":{"a":0,"k":0,"ix":10},"p":{"a":0,"k":[48.326,-10.566,0],"ix":2},"a":{"a":0,"k":[110.357,42.738,0],"ix":1},"s":{"a":0,"k":[100,100,100],"ix":6}},"ao":0,"shapes":[{"ty":"gr","it":[{"ind":0,"ty":"sh","ix":1,"ks":{"a":1,"k":[{"i":{"x":0.667,"y":1},"o":{"x":0.333,"y":0},"t":0,"s":[{"i":[[0,0],[0.189,-2.649],[1.25,-0.708],[1.062,-2.083],[2.17,1.33],[7.67,3.66],[0,0],[2.299,-1.611],[5.67,0],[14.33,-6.66],[6.67,3.66],[1.75,6.5],[-23.25,4.5],[0,0],[-5.139,-0.73],[-0.67,-0.38],[-2.5,0],[0,0],[-2.25,-0.25],[0,0],[-0.199,0.669],[-2.27,-0.21],[-0.13,-7.47],[0.061,-0.56],[1.027,-3.367],[0,-3.26]],"o":[[0,0],[-0.125,1.75],[0.333,1.25],[-1.73,2.841],[-2,-1.239],[-7.67,-3.67],[0,0],[-3.661,2.57],[-5.66,0],[-23.34,10.34],[-6.67,-3.67],[-5,-25.5],[23.25,-4.5],[0,0],[3.221,0.46],[0.08,-1.67],[2.5,0],[0,0],[2.25,0.25],[0.13,-0.089],[0.971,-3.13],[2.54,0.23],[0.01,0.63],[6.782,7.464],[-1.342,4.396],[0,5.802]],"v":[[78.905,26.786],[80.417,31.214],[78.333,34.339],[78.167,39.401],[68.974,41.04],[44.834,26.051],[24.424,18.381],[22.004,22.711],[4.664,21.051],[-26.997,31.711],[-71.667,34.051],[-82.917,17.131],[-47.167,-37.87],[9.084,-25.62],[24.853,-25.139],[32.334,-23.37],[35.334,-41.62],[50.834,-27.87],[59.834,-28.12],[65.932,-27.671],[66.432,-28.859],[72.333,-39.87],[81.206,-20.717],[81.134,-18.918],[85.583,4.631],[86.654,16.14]],"c":true}]},{"i":{"x":0.667,"y":1},"o":{"x":0.333,"y":0},"t":47,"s":[{"i":[[0,0],[0.189,-2.649],[1.25,-0.708],[1.062,-2.083],[2.17,1.33],[7.67,3.66],[0,0],[2.299,-1.611],[5.67,0],[14.33,-6.66],[6.67,3.66],[1.75,6.5],[-23.25,4.5],[0,0],[-5.139,-0.73],[-0.67,-0.38],[-2.5,0],[0,0],[-2.25,-0.25],[0,0],[-0.199,0.669],[-2.27,-0.21],[-0.13,-7.47],[0.061,-0.56],[1.027,-3.367],[0,-3.26]],"o":[[0,0],[-0.125,1.75],[0.333,1.25],[-1.73,2.841],[-2,-1.239],[-7.67,-3.67],[0,0],[-3.661,2.57],[-5.66,0],[-23.34,10.34],[-6.67,-3.67],[-5,-25.5],[23.25,-4.5],[0,0],[3.221,0.46],[0.08,-1.67],[2.5,0],[0,0],[2.25,0.25],[0.13,-0.089],[0.971,-3.13],[2.54,0.23],[0.01,0.63],[6.782,7.464],[-1.342,4.396],[0,5.802]],"v":[[78.905,26.786],[80.417,31.214],[78.333,34.339],[78.167,39.401],[68.974,41.04],[44.834,26.051],[24.424,18.381],[22.004,22.711],[4.664,21.051],[-26.997,31.711],[-71.667,34.051],[-82.917,17.131],[-47.167,-37.87],[7.643,-31.175],[23.412,-30.695],[30.893,-28.925],[35.128,-44.294],[50.628,-30.544],[59.628,-30.794],[65.726,-30.345],[66.226,-31.534],[72.128,-42.544],[81,-23.392],[81.134,-18.917],[85.378,1.956],[86.448,13.466]],"c":true}]},{"t":95,"s":[{"i":[[0,0],[0.189,-2.649],[1.25,-0.708],[1.062,-2.083],[2.17,1.33],[7.67,3.66],[0,0],[2.299,-1.611],[5.67,0],[14.33,-6.66],[6.67,3.66],[1.75,6.5],[-23.25,4.5],[0,0],[-5.139,-0.73],[-0.67,-0.38],[-2.5,0],[0,0],[-2.25,-0.25],[0,0],[-0.199,0.669],[-2.27,-0.21],[-0.13,-7.47],[0.061,-0.56],[1.027,-3.367],[0,-3.26]],"o":[[0,0],[-0.125,1.75],[0.333,1.25],[-1.73,2.841],[-2,-1.239],[-7.67,-3.67],[0,0],[-3.661,2.57],[-5.66,0],[-23.34,10.34],[-6.67,-3.67],[-5,-25.5],[23.25,-4.5],[0,0],[3.221,0.46],[0.08,-1.67],[2.5,0],[0,0],[2.25,0.25],[0.13,-0.089],[0.971,-3.13],[2.54,0.23],[0.01,0.63],[6.782,7.464],[-1.342,4.396],[0,5.802]],"v":[[78.905,26.786],[80.417,31.214],[78.333,34.339],[78.167,39.401],[68.974,41.04],[44.834,26.051],[24.424,18.381],[22.004,22.711],[4.664,21.051],[-26.997,31.711],[-71.667,34.051],[-82.917,17.131],[-47.167,-37.87],[9.084,-25.62],[24.853,-25.139],[32.334,-23.37],[35.334,-41.62],[50.834,-27.87],[59.834,-28.12],[65.932,-27.671],[66.432,-28.859],[72.333,-39.87],[81.206,-20.717],[81.134,-18.918],[85.583,4.631],[86.654,16.14]],"c":true}]}],"ix":2},"nm":"Path 1","mn":"ADBE Vector Shape - Group","hd":false},{"ty":"fl","c":{"a":0,"k":[0.3882,0.4471,0.4941,1],"ix":4},"o":{"a":0,"k":100,"ix":5},"r":1,"bm":0,"nm":"Fill 1","mn":"ADBE Vector Graphic - Fill","hd":false},{"ty":"tr","p":{"a":0,"k":[108.917,42.62],"ix":2},"a":{"a":0,"k":[0,0],"ix":1},"s":{"a":0,"k":[100,100],"ix":3},"r":{"a":0,"k":0,"ix":6},"o":{"a":0,"k":100,"ix":7},"sk":{"a":0,"k":0,"ix":4},"sa":{"a":0,"k":0,"ix":5},"nm":"Transform"}],"nm":"Group 12","np":4,"cix":2,"bm":0,"ix":1,"mn":"ADBE Vector Group","hd":false}],"ip":0,"op":240,"st":0,"bm":0},{"ddd":0,"ind":18,"ty":4,"nm":"Layer 2 Outlines","parent":1,"sr":1,"ks":{"o":{"a":0,"k":100,"ix":11},"r":{"a":0,"k":0,"ix":10},"p":{"a":0,"k":[50.145,86.718,0],"ix":2},"a":{"a":0,"k":[103.915,111.603,0],"ix":1},"s":{"a":0,"k":[100,100,100],"ix":6}},"ao":0,"shapes":[{"ty":"gr","it":[{"ind":0,"ty":"sh","ix":1,"ks":{"a":0,"k":{"i":[[0,0],[-0.033,-0.406]],"o":[[0,0],[0,0]],"v":[[-0.174,-1.453],[0.174,1.453]],"c":false},"ix":2},"nm":"Path 1","mn":"ADBE Vector Shape - Group","hd":false},{"ty":"st","c":{"a":0,"k":[0.7686,0.9137,0.7686,1],"ix":3},"o":{"a":0,"k":100,"ix":4},"w":{"a":0,"k":7,"ix":5},"lc":2,"lj":2,"bm":0,"nm":"Stroke 1","mn":"ADBE Vector Graphic - Stroke","hd":false},{"ty":"tr","p":{"a":0,"k":[170.661,122.783],"ix":2},"a":{"a":0,"k":[0,0],"ix":1},"s":{"a":0,"k":[100,100],"ix":3},"r":{"a":0,"k":0,"ix":6},"o":{"a":0,"k":100,"ix":7},"sk":{"a":0,"k":0,"ix":4},"sa":{"a":0,"k":0,"ix":5},"nm":"Transform"}],"nm":"Group 1","np":2,"cix":2,"bm":0,"ix":1,"mn":"ADBE Vector Group","hd":false},{"ty":"gr","it":[{"ind":0,"ty":"sh","ix":1,"ks":{"a":0,"k":{"i":[[0,0],[-2.31,-22.025]],"o":[[0,0],[0,0]],"v":[[-4.306,-23.886],[4.306,23.886]],"c":false},"ix":2},"nm":"Path 1","mn":"ADBE Vector Shape - Group","hd":false},{"ty":"st","c":{"a":0,"k":[0.7686,0.9137,0.7686,1],"ix":3},"o":{"a":0,"k":100,"ix":4},"w":{"a":0,"k":7,"ix":5},"lc":2,"lj":2,"bm":0,"nm":"Stroke 1","mn":"ADBE Vector Graphic - Stroke","hd":false},{"ty":"tr","p":{"a":0,"k":[164.875,84.913],"ix":2},"a":{"a":0,"k":[0,0],"ix":1},"s":{"a":0,"k":[100,100],"ix":3},"r":{"a":0,"k":0,"ix":6},"o":{"a":0,"k":100,"ix":7},"sk":{"a":0,"k":0,"ix":4},"sa":{"a":0,"k":0,"ix":5},"nm":"Transform"}],"nm":"Group 2","np":2,"cix":2,"bm":0,"ix":2,"mn":"ADBE Vector Group","hd":false},{"ty":"gr","it":[{"ind":0,"ty":"sh","ix":1,"ks":{"a":0,"k":{"i":[[0,-10.148],[10.148,0],[0,10.148],[-10.148,0]],"o":[[0,10.148],[-10.148,0],[0,-10.148],[10.148,0]],"v":[[18.375,0],[0,18.375],[-18.375,0],[0,-18.375]],"c":true},"ix":2},"nm":"Path 1","mn":"ADBE Vector Shape - Group","hd":false},{"ty":"fl","c":{"a":0,"k":[0.6839,0.7361,0.6839,1],"ix":4},"o":{"a":0,"k":100,"ix":5},"r":1,"bm":0,"nm":"Fill 1","mn":"ADBE Vector Graphic - Fill","hd":false},{"ty":"tr","p":{"a":0,"k":[103.914,204.58],"ix":2},"a":{"a":0,"k":[0,0],"ix":1},"s":{"a":0,"k":[100,100],"ix":3},"r":{"a":0,"k":0,"ix":6},"o":{"a":0,"k":100,"ix":7},"sk":{"a":0,"k":0,"ix":4},"sa":{"a":0,"k":0,"ix":5},"nm":"Transform"}],"nm":"Group 3","np":4,"cix":2,"bm":0,"ix":3,"mn":"ADBE Vector Group","hd":false},{"ty":"gr","it":[{"ind":0,"ty":"sh","ix":1,"ks":{"a":0,"k":{"i":[[-1.409,-0.32],[0,0],[0,0],[0,0],[-1.51,0]],"o":[[0,0],[0,0],[0,0],[1.41,-0.32],[1.5,0]],"v":[[4.375,-3.655],[4.375,4.145],[-4.375,4.145],[-4.375,-3.655],[0.005,-4.145]],"c":true},"ix":2},"nm":"Path 1","mn":"ADBE Vector Shape - Group","hd":false},{"ty":"fl","c":{"a":0,"k":[0.3882,0.4471,0.4941,1],"ix":4},"o":{"a":0,"k":100,"ix":5},"r":1,"bm":0,"nm":"Fill 1","mn":"ADBE Vector Graphic - Fill","hd":false},{"ty":"tr","p":{"a":0,"k":[103.914,188.56],"ix":2},"a":{"a":0,"k":[0,0],"ix":1},"s":{"a":0,"k":[100,100],"ix":3},"r":{"a":0,"k":0,"ix":6},"o":{"a":0,"k":100,"ix":7},"sk":{"a":0,"k":0,"ix":4},"sa":{"a":0,"k":0,"ix":5},"nm":"Transform"}],"nm":"Group 4","np":4,"cix":2,"bm":0,"ix":4,"mn":"ADBE Vector Group","hd":false},{"ty":"gr","it":[{"ind":0,"ty":"sh","ix":1,"ks":{"a":0,"k":{"i":[[-1.47,0],[0,0],[3.75,0],[0,0],[0,0],[-1.45,0]],"o":[[0,0],[0,0],[-3.75,0],[0,0],[1.47,0],[1.45,0]],"v":[[4.375,-2.495],[4.375,2.505],[0.075,1.328],[-4.375,2.505],[-4.375,-2.495],[0.005,-2.505]],"c":true},"ix":2},"nm":"Path 1","mn":"ADBE Vector Shape - Group","hd":false},{"ty":"fl","c":{"a":0,"k":[0.3882,0.4471,0.4941,1],"ix":4},"o":{"a":0,"k":100,"ix":5},"r":1,"bm":0,"nm":"Fill 1","mn":"ADBE Vector Graphic - Fill","hd":false},{"ty":"tr","p":{"a":0,"k":[103.914,179.085],"ix":2},"a":{"a":0,"k":[0,0],"ix":1},"s":{"a":0,"k":[100,100],"ix":3},"r":{"a":0,"k":0,"ix":6},"o":{"a":0,"k":100,"ix":7},"sk":{"a":0,"k":0,"ix":4},"sa":{"a":0,"k":0,"ix":5},"nm":"Transform"}],"nm":"Group 5","np":4,"cix":2,"bm":0,"ix":5,"mn":"ADBE Vector Group","hd":false},{"ty":"gr","it":[{"ind":0,"ty":"sh","ix":1,"ks":{"a":0,"k":{"i":[[-1.47,0],[0,0],[0,0],[0,0],[-1.45,0]],"o":[[0,0],[0,0],[0,0],[1.47,0],[1.45,0]],"v":[[4.375,-8.24],[4.375,8.25],[-4.375,8.25],[-4.375,-8.24],[0.005,-8.25]],"c":true},"ix":2},"nm":"Path 1","mn":"ADBE Vector Shape - Group","hd":false},{"ty":"fl","c":{"a":0,"k":[0.6839,0.7361,0.6839,1],"ix":4},"o":{"a":0,"k":100,"ix":5},"r":1,"bm":0,"nm":"Fill 1","mn":"ADBE Vector Graphic - Fill","hd":false},{"ty":"tr","p":{"a":0,"k":[103.914,184.83],"ix":2},"a":{"a":0,"k":[0,0],"ix":1},"s":{"a":0,"k":[100,100],"ix":3},"r":{"a":0,"k":0,"ix":6},"o":{"a":0,"k":100,"ix":7},"sk":{"a":0,"k":0,"ix":4},"sa":{"a":0,"k":0,"ix":5},"nm":"Transform"}],"nm":"Group 6","np":4,"cix":2,"bm":0,"ix":6,"mn":"ADBE Vector Group","hd":false},{"ty":"gr","it":[{"ind":0,"ty":"sh","ix":1,"ks":{"a":0,"k":{"i":[[0,0],[67.667,0],[0,0]],"o":[[0,0],[-67.667,0],[0,0]],"v":[[92.819,5.881],[0,-5.881],[-92.819,5.881]],"c":false},"ix":2},"nm":"Path 1","mn":"ADBE Vector Shape - Group","hd":false},{"ty":"st","c":{"a":0,"k":[0.3882,0.4471,0.4941,1],"ix":3},"o":{"a":0,"k":100,"ix":4},"w":{"a":0,"k":2,"ix":5},"lc":2,"lj":2,"bm":0,"nm":"Stroke 1","mn":"ADBE Vector Graphic - Stroke","hd":false},{"ty":"tr","p":{"a":0,"k":[103.914,147.128],"ix":2},"a":{"a":0,"k":[0,0],"ix":1},"s":{"a":0,"k":[100,100],"ix":3},"r":{"a":0,"k":0,"ix":6},"o":{"a":0,"k":100,"ix":7},"sk":{"a":0,"k":0,"ix":4},"sa":{"a":0,"k":0,"ix":5},"nm":"Transform"}],"nm":"Group 7","np":2,"cix":2,"bm":0,"ix":7,"mn":"ADBE Vector Group","hd":false},{"ty":"gr","it":[{"ind":0,"ty":"sh","ix":1,"ks":{"a":0,"k":{"i":[[0,-6.92],[24.27,-2.26],[8.17,0],[22.21,2.07],[0,4.96],[-40.53,0.31],[-1.45,0],[-1.47,0]],"o":[[0,4.96],[-22.21,2.07],[-8.18,0],[-24.27,-2.26],[0,-6.92],[1.47,0],[1.45,0],[40.52,0.31]],"v":[[93.165,-0.86],[53.105,9.93],[0.005,12.53],[-53.105,9.93],[-93.165,-0.86],[-4.375,-12.52],[0.005,-12.53],[4.375,-12.52]],"c":true},"ix":2},"nm":"Path 1","mn":"ADBE Vector Shape - Group","hd":false},{"ty":"fl","c":{"a":0,"k":[0.3882,0.4471,0.4941,1],"ix":4},"o":{"a":0,"k":100,"ix":5},"r":1,"bm":0,"nm":"Fill 1","mn":"ADBE Vector Graphic - Fill","hd":false},{"ty":"tr","p":{"a":0,"k":[103.914,189.11],"ix":2},"a":{"a":0,"k":[0,0],"ix":1},"s":{"a":0,"k":[100,100],"ix":3},"r":{"a":0,"k":0,"ix":6},"o":{"a":0,"k":100,"ix":7},"sk":{"a":0,"k":0,"ix":4},"sa":{"a":0,"k":0,"ix":5},"nm":"Transform"}],"nm":"Group 8","np":4,"cix":2,"bm":0,"ix":8,"mn":"ADBE Vector Group","hd":false},{"ty":"gr","it":[{"ind":0,"ty":"sh","ix":1,"ks":{"a":0,"k":{"i":[[1.66,-2.5],[60.791,-1.939],[7.03,0],[6.171,0.201],[1.51,2.27],[-1,3],[0,0],[-11.831,37.08],[-21.5,0],[-18.519,-58.04],[0,0],[-1,-3]],"o":[[-1.52,2.27],[-6.16,0.201],[-7.03,0],[-60.79,-1.939],[-1.669,-2.5],[1,-3],[0,0],[18.52,-58.04],[21.5,0],[11.84,37.08],[0,0],[1,3]],"v":[[102.005,86.995],[19.775,101.854],[0.005,102.165],[-19.775,101.854],[-101.995,86.995],[-101.995,59.665],[-96.495,51.665],[-76.664,-39.165],[0.005,-102.165],[76.664,-39.165],[96.505,51.665],[102.005,59.665]],"c":true},"ix":2},"nm":"Path 1","mn":"ADBE Vector Shape - Group","hd":false},{"ty":"fl","c":{"a":0,"k":[0.6839,0.7361,0.6839,1],"ix":4},"o":{"a":0,"k":100,"ix":5},"r":1,"bm":0,"nm":"Fill 1","mn":"ADBE Vector Graphic - Fill","hd":false},{"ty":"tr","p":{"a":0,"k":[103.915,102.415],"ix":2},"a":{"a":0,"k":[0,0],"ix":1},"s":{"a":0,"k":[100,100],"ix":3},"r":{"a":0,"k":0,"ix":6},"o":{"a":0,"k":100,"ix":7},"sk":{"a":0,"k":0,"ix":4},"sa":{"a":0,"k":0,"ix":5},"nm":"Transform"}],"nm":"Group 9","np":4,"cix":2,"bm":0,"ix":9,"mn":"ADBE Vector Group","hd":false}],"ip":0,"op":240,"st":0,"bm":0}],"markers":[]}