{"nm":"ShoppingBag","ddd":0,"h":400,"w":400,"meta":{"g":"LottieFiles Figma v61"},"layers":[{"ty":0,"nm":"Mask group","sr":1,"st":0,"op":85.24,"ip":0,"hd":false,"ddd":0,"bm":0,"hasMask":false,"ao":0,"ks":{"a":{"a":1,"k":[{"o":{"x":0.32,"y":0},"i":{"x":0.67,"y":0},"s":[55,113],"t":0},{"o":{"x":0.32,"y":0},"i":{"x":0.67,"y":0},"s":[55,113],"t":12},{"o":{"x":0.32,"y":0},"i":{"x":0.67,"y":0},"s":[55,113],"t":60},{"o":{"x":0.32,"y":0},"i":{"x":0.67,"y":0},"s":[55,113],"t":72},{"s":[55,113],"t":84}]},"s":{"a":1,"k":[{"o":{"x":0.32,"y":0},"i":{"x":0.67,"y":0},"s":[100,100],"t":0},{"o":{"x":0.32,"y":0},"i":{"x":0.67,"y":0},"s":[100,100],"t":12},{"o":{"x":0.32,"y":0},"i":{"x":0.67,"y":0},"s":[100,100],"t":60},{"o":{"x":0.32,"y":0},"i":{"x":0.67,"y":0},"s":[100,100],"t":72},{"s":[100,100],"t":84}]},"sk":{"a":0,"k":0},"p":{"a":1,"k":[{"o":{"x":0.32,"y":0},"i":{"x":0.67,"y":0},"s":[201,138],"t":0},{"o":{"x":0.32,"y":0},"i":{"x":0.67,"y":0},"s":[201,138],"t":12},{"o":{"x":0.32,"y":0},"i":{"x":0.67,"y":0},"s":[201,138],"t":60},{"o":{"x":0.32,"y":0},"i":{"x":0.67,"y":0},"s":[201,138],"t":72},{"s":[201,138],"t":84}]},"r":{"a":1,"k":[{"o":{"x":0.32,"y":0},"i":{"x":0.67,"y":0},"s":[0],"t":0},{"o":{"x":0.32,"y":0},"i":{"x":0.67,"y":0},"s":[0],"t":12},{"o":{"x":0.32,"y":0},"i":{"x":0.67,"y":0},"s":[0],"t":60},{"o":{"x":0.32,"y":0},"i":{"x":0.67,"y":0},"s":[0],"t":72},{"s":[0],"t":84}]},"sa":{"a":0,"k":0},"o":{"a":1,"k":[{"o":{"x":0.32,"y":0},"i":{"x":0.67,"y":0},"s":[0],"t":0},{"o":{"x":0.32,"y":0},"i":{"x":0.67,"y":0},"s":[100],"t":12},{"o":{"x":0.32,"y":0},"i":{"x":0.67,"y":0},"s":[100],"t":60},{"o":{"x":0.32,"y":0},"i":{"x":0.67,"y":0},"s":[0],"t":72},{"s":[0],"t":84}]}},"w":400,"h":400,"refId":"1","ind":1},{"ty":4,"nm":"bagEntrance","sr":1,"st":0,"op":85.24,"ip":0,"hd":false,"ddd":0,"bm":0,"hasMask":false,"ao":0,"ks":{"a":{"a":1,"k":[{"o":{"x":0.32,"y":0},"i":{"x":0.67,"y":0},"s":[60,2.5],"t":0},{"o":{"x":0.32,"y":0},"i":{"x":0.67,"y":0},"s":[60,7.5],"t":12},{"o":{"x":0.32,"y":0},"i":{"x":0.67,"y":0},"s":[60,7.5],"t":60},{"o":{"x":0.32,"y":0},"i":{"x":0.67,"y":0},"s":[67,7.5],"t":72},{"s":[60,2.5],"t":84}]},"s":{"a":1,"k":[{"o":{"x":0.32,"y":0},"i":{"x":0.67,"y":0},"s":[100,100],"t":0},{"o":{"x":0.32,"y":0},"i":{"x":0.67,"y":0},"s":[100,100],"t":12},{"o":{"x":0.32,"y":0},"i":{"x":0.67,"y":0},"s":[100,100],"t":60},{"o":{"x":0.32,"y":0},"i":{"x":0.67,"y":0},"s":[100,100],"t":72},{"s":[100,100],"t":84}]},"sk":{"a":0,"k":0},"p":{"a":1,"k":[{"o":{"x":0.32,"y":0},"i":{"x":0.67,"y":0},"s":[200,238.5],"t":0},{"o":{"x":0.32,"y":0},"i":{"x":0.67,"y":0},"s":[200,243.5],"t":12},{"o":{"x":0.32,"y":0},"i":{"x":0.67,"y":0},"s":[200,243.5],"t":60},{"o":{"x":0.32,"y":0},"i":{"x":0.67,"y":0},"s":[200,251.5],"t":72},{"s":[200,238.5],"t":84}]},"r":{"a":1,"k":[{"o":{"x":0.32,"y":0},"i":{"x":0.67,"y":0},"s":[0],"t":0},{"o":{"x":0.32,"y":0},"i":{"x":0.67,"y":0},"s":[0],"t":12},{"o":{"x":0.32,"y":0},"i":{"x":0.67,"y":0},"s":[0],"t":60},{"o":{"x":0.32,"y":0},"i":{"x":0.67,"y":0},"s":[0],"t":72},{"s":[0],"t":84}]},"sa":{"a":0,"k":0},"o":{"a":1,"k":[{"o":{"x":0.32,"y":0},"i":{"x":0.67,"y":0},"s":[100],"t":0},{"o":{"x":0.32,"y":0},"i":{"x":0.67,"y":0},"s":[100],"t":12},{"o":{"x":0.32,"y":0},"i":{"x":0.67,"y":0},"s":[100],"t":60},{"o":{"x":0.32,"y":0},"i":{"x":0.67,"y":0},"s":[100],"t":72},{"s":[100],"t":84}]}},"shapes":[{"ty":"sh","bm":0,"hd":false,"nm":"","d":1,"ks":{"a":1,"k":[{"o":{"x":0.32,"y":0},"i":{"x":0.67,"y":0},"s":[{"c":true,"i":[[0,0],[0,0],[0,0],[0,0],[0,0]],"o":[[0,0],[0,0],[0,0],[0,0],[0,0]],"v":[[107.03,0],[12.97,0],[0,5],[120,5],[107.03,0]]}],"t":0},{"o":{"x":0.32,"y":0},"i":{"x":0.67,"y":0},"s":[{"c":true,"i":[[0,0],[0,0],[0,0],[0,0],[0,0]],"o":[[0,0],[0,0],[0,0],[0,0],[0,0]],"v":[[107.03,0],[12.97,0],[0,15],[120,15],[107.03,0]]}],"t":12},{"o":{"x":0.32,"y":0},"i":{"x":0.67,"y":0},"s":[{"c":true,"i":[[0,0],[0,0],[0,0],[0,0],[0,0]],"o":[[0,0],[0,0],[0,0],[0,0],[0,0]],"v":[[107.03,0],[12.97,0],[0,15],[120,15],[107.03,0]]}],"t":60},{"o":{"x":0.32,"y":0},"i":{"x":0.67,"y":0},"s":[{"c":true,"i":[[0,0],[0,0],[0,0],[0,0],[0,0]],"o":[[0,0],[0,0],[0,0],[0,0],[0,0]],"v":[[119.52,0],[14.48,0],[0,15],[134,15],[119.52,0]]}],"t":72},{"s":[{"c":true,"i":[[0,0],[0,0],[0,0],[0,0],[0,0]],"o":[[0,0],[0,0],[0,0],[0,0],[0,0]],"v":[[107.03,0],[12.97,0],[0,5],[120,5],[107.03,0]]}],"t":84}]}},{"ty":"fl","bm":0,"hd":false,"nm":"","c":{"a":1,"k":[{"o":{"x":0.32,"y":0},"i":{"x":0.67,"y":0},"s":[0.6031,0.8569,0.6031,1],"t":0},{"o":{"x":0.32,"y":0},"i":{"x":0.67,"y":0},"s":[0.6031,0.8569,0.6031,1],"t":12},{"o":{"x":0.32,"y":0},"i":{"x":0.67,"y":0},"s":[0.6031,0.8569,0.6031,1],"t":60},{"o":{"x":0.32,"y":0},"i":{"x":0.67,"y":0},"s":[0.6031,0.8569,0.6031,1],"t":72},{"s":[0.6031,0.8569,0.6031,1],"t":84}]},"r":1,"o":{"a":1,"k":[{"o":{"x":0.32,"y":0},"i":{"x":0.67,"y":0},"s":[100],"t":0},{"o":{"x":0.32,"y":0},"i":{"x":0.67,"y":0},"s":[100],"t":12},{"o":{"x":0.32,"y":0},"i":{"x":0.67,"y":0},"s":[100],"t":60},{"o":{"x":0.32,"y":0},"i":{"x":0.67,"y":0},"s":[100],"t":72},{"s":[100],"t":84}]}}],"ind":2},{"ty":0,"nm":"bagBase","sr":1,"st":0,"op":85.24,"ip":0,"hd":false,"ddd":0,"bm":0,"hasMask":false,"ao":0,"ks":{"a":{"a":1,"k":[{"o":{"x":0.32,"y":0},"i":{"x":0.67,"y":0},"s":[63,55],"t":0},{"o":{"x":0.32,"y":0},"i":{"x":0.67,"y":0},"s":[63,50],"t":12},{"o":{"x":0.32,"y":0},"i":{"x":0.67,"y":0},"s":[63,50],"t":60},{"o":{"x":0.32,"y":0},"i":{"x":0.67,"y":0},"s":[70,45],"t":72},{"s":[63,55],"t":84}]},"s":{"a":1,"k":[{"o":{"x":0.32,"y":0},"i":{"x":0.67,"y":0},"s":[100,100],"t":0},{"o":{"x":0.32,"y":0},"i":{"x":0.67,"y":0},"s":[100,100],"t":12},{"o":{"x":0.32,"y":0},"i":{"x":0.67,"y":0},"s":[100,100],"t":60},{"o":{"x":0.32,"y":0},"i":{"x":0.67,"y":0},"s":[100,100],"t":72},{"s":[100,100],"t":84}]},"sk":{"a":0,"k":0},"p":{"a":1,"k":[{"o":{"x":0.32,"y":0},"i":{"x":0.67,"y":0},"s":[200,296],"t":0},{"o":{"x":0.32,"y":0},"i":{"x":0.67,"y":0},"s":[200,301],"t":12},{"o":{"x":0.32,"y":0},"i":{"x":0.67,"y":0},"s":[200,301],"t":60},{"o":{"x":0.32,"y":0},"i":{"x":0.67,"y":0},"s":[200,304],"t":72},{"s":[200,296],"t":84}]},"r":{"a":1,"k":[{"o":{"x":0.32,"y":0},"i":{"x":0.67,"y":0},"s":[0],"t":0},{"o":{"x":0.32,"y":0},"i":{"x":0.67,"y":0},"s":[0],"t":12},{"o":{"x":0.32,"y":0},"i":{"x":0.67,"y":0},"s":[0],"t":60},{"o":{"x":0.32,"y":0},"i":{"x":0.67,"y":0},"s":[0],"t":72},{"s":[0],"t":84}]},"sa":{"a":0,"k":0},"o":{"a":1,"k":[{"o":{"x":0.32,"y":0},"i":{"x":0.67,"y":0},"s":[100],"t":0},{"o":{"x":0.32,"y":0},"i":{"x":0.67,"y":0},"s":[100],"t":12},{"o":{"x":0.32,"y":0},"i":{"x":0.67,"y":0},"s":[100],"t":60},{"o":{"x":0.32,"y":0},"i":{"x":0.67,"y":0},"s":[100],"t":72},{"s":[100],"t":84}]}},"w":400,"h":400,"refId":"2","ind":3},{"ty":4,"nm":"border","sr":1,"st":0,"op":85.24,"ip":0,"hd":false,"ddd":0,"bm":0,"hasMask":false,"ao":0,"ks":{"a":{"a":1,"k":[{"o":{"x":0.32,"y":0},"i":{"x":0.67,"y":0},"s":[175,175],"t":0},{"o":{"x":0.32,"y":0},"i":{"x":0.67,"y":0},"s":[175,175],"t":12},{"o":{"x":0.32,"y":0},"i":{"x":0.67,"y":0},"s":[175,175],"t":60},{"o":{"x":0.32,"y":0},"i":{"x":0.67,"y":0},"s":[175,175],"t":72},{"s":[175,175],"t":84}]},"s":{"a":1,"k":[{"o":{"x":0.32,"y":0},"i":{"x":0.67,"y":0},"s":[100,100],"t":0},{"o":{"x":0.32,"y":0},"i":{"x":0.67,"y":0},"s":[100,100],"t":12},{"o":{"x":0.32,"y":0},"i":{"x":0.67,"y":0},"s":[100,100],"t":60},{"o":{"x":0.32,"y":0},"i":{"x":0.67,"y":0},"s":[100,100],"t":72},{"s":[100,100],"t":84}]},"sk":{"a":0,"k":0},"p":{"a":1,"k":[{"o":{"x":0.32,"y":0},"i":{"x":0.67,"y":0},"s":[200,200],"t":0},{"o":{"x":0.32,"y":0},"i":{"x":0.67,"y":0},"s":[200,200],"t":12},{"o":{"x":0.32,"y":0},"i":{"x":0.67,"y":0},"s":[200,200],"t":60},{"o":{"x":0.32,"y":0},"i":{"x":0.67,"y":0},"s":[200,200],"t":72},{"s":[200,200],"t":84}]},"r":{"a":1,"k":[{"o":{"x":0.32,"y":0},"i":{"x":0.67,"y":0},"s":[0],"t":0},{"o":{"x":0.32,"y":0},"i":{"x":0.67,"y":0},"s":[0],"t":12},{"o":{"x":0.32,"y":0},"i":{"x":0.67,"y":0},"s":[0],"t":60},{"o":{"x":0.32,"y":0},"i":{"x":0.67,"y":0},"s":[0],"t":72},{"s":[0],"t":84}]},"sa":{"a":0,"k":0},"o":{"a":1,"k":[{"o":{"x":0.32,"y":0},"i":{"x":0.67,"y":0},"s":[100],"t":0},{"o":{"x":0.32,"y":0},"i":{"x":0.67,"y":0},"s":[100],"t":12},{"o":{"x":0.32,"y":0},"i":{"x":0.67,"y":0},"s":[100],"t":60},{"o":{"x":0.32,"y":0},"i":{"x":0.67,"y":0},"s":[100],"t":72},{"s":[100],"t":84}]}},"shapes":[{"ty":"sh","bm":0,"hd":false,"nm":"","d":1,"ks":{"a":1,"k":[{"o":{"x":0.32,"y":0},"i":{"x":0.67,"y":0},"s":[{"c":true,"i":[[0,0],[96.65,0],[0,96.65],[-96.65,0],[0,-96.65]],"o":[[0,96.65],[-96.65,0],[0,-96.65],[96.65,0],[0,0]],"v":[[350,175],[175,350],[0,175],[175,0],[350,175]]}],"t":0},{"o":{"x":0.32,"y":0},"i":{"x":0.67,"y":0},"s":[{"c":true,"i":[[0,0],[96.65,0],[0,96.65],[-96.65,0],[0,-96.65]],"o":[[0,96.65],[-96.65,0],[0,-96.65],[96.65,0],[0,0]],"v":[[350,175],[175,350],[0,175],[175,0],[350,175]]}],"t":12},{"o":{"x":0.32,"y":0},"i":{"x":0.67,"y":0},"s":[{"c":true,"i":[[0,0],[96.65,0],[0,96.65],[-96.65,0],[0,-96.65]],"o":[[0,96.65],[-96.65,0],[0,-96.65],[96.65,0],[0,0]],"v":[[350,175],[175,350],[0,175],[175,0],[350,175]]}],"t":60},{"o":{"x":0.32,"y":0},"i":{"x":0.67,"y":0},"s":[{"c":true,"i":[[0,0],[96.65,0],[0,96.65],[-96.65,0],[0,-96.65]],"o":[[0,96.65],[-96.65,0],[0,-96.65],[96.65,0],[0,0]],"v":[[350,175],[175,350],[0,175],[175,0],[350,175]]}],"t":72},{"s":[{"c":true,"i":[[0,0],[96.65,0],[0,96.65],[-96.65,0],[0,-96.65]],"o":[[0,96.65],[-96.65,0],[0,-96.65],[96.65,0],[0,0]],"v":[[350,175],[175,350],[0,175],[175,0],[350,175]]}],"t":84}]}},{"ty":"fl","bm":0,"hd":false,"nm":"","c":{"a":1,"k":[{"o":{"x":0.32,"y":0},"i":{"x":0.67,"y":0},"s":[0.9333,0.9725,0.9373,1],"t":0},{"o":{"x":0.32,"y":0},"i":{"x":0.67,"y":0},"s":[0.9333,0.9725,0.9373,1],"t":12},{"o":{"x":0.32,"y":0},"i":{"x":0.67,"y":0},"s":[0.9333,0.9725,0.9373,1],"t":60},{"o":{"x":0.32,"y":0},"i":{"x":0.67,"y":0},"s":[0.9333,0.9725,0.9373,1],"t":72},{"s":[0.9333,0.9725,0.9373,1],"t":84}]},"r":1,"o":{"a":1,"k":[{"o":{"x":0.32,"y":0},"i":{"x":0.67,"y":0},"s":[100],"t":0},{"o":{"x":0.32,"y":0},"i":{"x":0.67,"y":0},"s":[100],"t":12},{"o":{"x":0.32,"y":0},"i":{"x":0.67,"y":0},"s":[100],"t":60},{"o":{"x":0.32,"y":0},"i":{"x":0.67,"y":0},"s":[100],"t":72},{"s":[100],"t":84}]}}],"ind":4}],"v":"5.7.0","fr":60,"op":84.24,"ip":0,"assets":[{"nm":"[Asset] Mask group","id":"1","layers":[{"ty":4,"nm":"forMask","sr":1,"st":0,"op":85.24,"ip":0,"hd":false,"ddd":0,"bm":0,"hasMask":false,"td":1,"ao":0,"ks":{"a":{"a":1,"k":[{"o":{"x":0.32,"y":0},"i":{"x":0.67,"y":0},"s":[55,113],"t":0},{"o":{"x":0.32,"y":0},"i":{"x":0.67,"y":0},"s":[55,113],"t":12},{"o":{"x":0.32,"y":0},"i":{"x":0.67,"y":0},"s":[55,113],"t":60},{"o":{"x":0.32,"y":0},"i":{"x":0.67,"y":0},"s":[55,113],"t":72},{"s":[55,113],"t":84}]},"s":{"a":1,"k":[{"o":{"x":0.32,"y":0},"i":{"x":0.67,"y":0},"s":[100,100],"t":0},{"o":{"x":0.32,"y":0},"i":{"x":0.67,"y":0},"s":[100,100],"t":12},{"o":{"x":0.32,"y":0},"i":{"x":0.67,"y":0},"s":[100,100],"t":60},{"o":{"x":0.32,"y":0},"i":{"x":0.67,"y":0},"s":[100,100],"t":72},{"s":[100,100],"t":84}]},"sk":{"a":0,"k":0},"p":{"a":1,"k":[{"o":{"x":0.32,"y":0},"i":{"x":0.67,"y":0},"s":[55,113],"t":0},{"o":{"x":0.32,"y":0},"i":{"x":0.67,"y":0},"s":[55,113],"t":12},{"o":{"x":0.32,"y":0},"i":{"x":0.67,"y":0},"s":[55,113],"t":60},{"o":{"x":0.32,"y":0},"i":{"x":0.67,"y":0},"s":[55,113],"t":72},{"s":[55,113],"t":84}]},"r":{"a":1,"k":[{"o":{"x":0.32,"y":0},"i":{"x":0.67,"y":0},"s":[0],"t":0},{"o":{"x":0.32,"y":0},"i":{"x":0.67,"y":0},"s":[0],"t":12},{"o":{"x":0.32,"y":0},"i":{"x":0.67,"y":0},"s":[0],"t":60},{"o":{"x":0.32,"y":0},"i":{"x":0.67,"y":0},"s":[0],"t":72},{"s":[0],"t":84}]},"sa":{"a":0,"k":0},"o":{"a":1,"k":[{"o":{"x":0.32,"y":0},"i":{"x":0.67,"y":0},"s":[100],"t":0},{"o":{"x":0.32,"y":0},"i":{"x":0.67,"y":0},"s":[100],"t":12},{"o":{"x":0.32,"y":0},"i":{"x":0.67,"y":0},"s":[100],"t":60},{"o":{"x":0.32,"y":0},"i":{"x":0.67,"y":0},"s":[100],"t":72},{"s":[100],"t":84}]}},"ef":[],"shapes":[{"ty":"sh","bm":0,"hd":false,"nm":"","d":1,"ks":{"a":1,"k":[{"o":{"x":0.32,"y":0},"i":{"x":0.67,"y":0},"s":[{"c":true,"i":[[0,0],[0,0],[0,0],[0,0],[-18.84,0],[-17.58,-5.93]],"o":[[0,0],[0,0],[0,0],[17.01,-5.51],[19.58,0],[0,0]],"v":[[110,9.15],[110,226],[0,226],[0,8.49],[54,0],[110,9.15]]}],"t":0},{"o":{"x":0.32,"y":0},"i":{"x":0.67,"y":0},"s":[{"c":true,"i":[[0,0],[0,0],[0,0],[0,0],[-18.84,0],[-17.58,-5.93]],"o":[[0,0],[0,0],[0,0],[17.01,-5.51],[19.58,0],[0,0]],"v":[[110,9.15],[110,226],[0,226],[0,8.49],[54,0],[110,9.15]]}],"t":12},{"o":{"x":0.32,"y":0},"i":{"x":0.67,"y":0},"s":[{"c":true,"i":[[0,0],[0,0],[0,0],[0,0],[-18.84,0],[-17.58,-5.93]],"o":[[0,0],[0,0],[0,0],[17.01,-5.51],[19.58,0],[0,0]],"v":[[110,9.15],[110,226],[0,226],[0,8.49],[54,0],[110,9.15]]}],"t":60},{"o":{"x":0.32,"y":0},"i":{"x":0.67,"y":0},"s":[{"c":true,"i":[[0,0],[0,0],[0,0],[0,0],[-18.84,0],[-17.58,-5.93]],"o":[[0,0],[0,0],[0,0],[17.01,-5.51],[19.58,0],[0,0]],"v":[[110,9.15],[110,226],[0,226],[0,8.49],[54,0],[110,9.15]]}],"t":72},{"s":[{"c":true,"i":[[0,0],[0,0],[0,0],[0,0],[-18.84,0],[-17.58,-5.93]],"o":[[0,0],[0,0],[0,0],[17.01,-5.51],[19.58,0],[0,0]],"v":[[110,9.15],[110,226],[0,226],[0,8.49],[54,0],[110,9.15]]}],"t":84}]}},{"ty":"fl","bm":0,"hd":false,"nm":"","c":{"a":1,"k":[{"o":{"x":0.32,"y":0},"i":{"x":0.67,"y":0},"s":[0.7686,0.9137,0.7686,1],"t":0},{"o":{"x":0.32,"y":0},"i":{"x":0.67,"y":0},"s":[0.7686,0.9137,0.7686,1],"t":12},{"o":{"x":0.32,"y":0},"i":{"x":0.67,"y":0},"s":[0.7686,0.9137,0.7686,1],"t":60},{"o":{"x":0.32,"y":0},"i":{"x":0.67,"y":0},"s":[0.7686,0.9137,0.7686,1],"t":72},{"s":[0.7686,0.9137,0.7686,1],"t":84}]},"r":1,"o":{"a":1,"k":[{"o":{"x":0.32,"y":0},"i":{"x":0.67,"y":0},"s":[100],"t":0},{"o":{"x":0.32,"y":0},"i":{"x":0.67,"y":0},"s":[100],"t":12},{"o":{"x":0.32,"y":0},"i":{"x":0.67,"y":0},"s":[100],"t":60},{"o":{"x":0.32,"y":0},"i":{"x":0.67,"y":0},"s":[100],"t":72},{"s":[100],"t":84}]}}],"ind":1},{"ty":4,"nm":"items","sr":1,"st":0,"op":85.24,"ip":0,"hd":false,"ddd":0,"bm":0,"tt":1,"hasMask":false,"ao":0,"ks":{"a":{"a":1,"k":[{"o":{"x":0.32,"y":0},"i":{"x":0.67,"y":0},"s":[48.64,93.74],"t":0},{"o":{"x":0.32,"y":0},"i":{"x":0.67,"y":0},"s":[48.64,93.74],"t":12},{"o":{"x":0.32,"y":0},"i":{"x":0.67,"y":0},"s":[48.64,93.74],"t":60},{"o":{"x":0.32,"y":0},"i":{"x":0.67,"y":0},"s":[48.64,93.74],"t":72},{"s":[48.64,93.74],"t":84}]},"s":{"a":1,"k":[{"o":{"x":0.32,"y":0},"i":{"x":0.67,"y":0},"s":[100,100],"t":0},{"o":{"x":0.32,"y":0},"i":{"x":0.67,"y":0},"s":[100,100],"t":12},{"o":{"x":0.32,"y":0},"i":{"x":0.67,"y":0},"s":[100,100],"t":60},{"o":{"x":0.32,"y":0},"i":{"x":0.67,"y":0},"s":[100,100],"t":72},{"s":[100,100],"t":84}]},"sk":{"a":0,"k":0},"p":{"a":1,"k":[{"o":{"x":0.32,"y":0},"i":{"x":0.67,"y":0},"s":[53.64,-111.26],"t":0},{"o":{"x":0.32,"y":0},"i":{"x":0.67,"y":0},"s":[53.64,-111.26],"t":12},{"o":{"x":0.32,"y":0},"i":{"x":0.67,"y":0},"s":[53.64,328.74],"t":60},{"o":{"x":0.32,"y":0},"i":{"x":0.67,"y":0},"s":[53.64,328.74],"t":72},{"s":[53.64,-111.26],"t":84}]},"r":{"a":1,"k":[{"o":{"x":0.32,"y":0},"i":{"x":0.67,"y":0},"s":[0],"t":0},{"o":{"x":0.32,"y":0},"i":{"x":0.67,"y":0},"s":[0],"t":12},{"o":{"x":0.32,"y":0},"i":{"x":0.67,"y":0},"s":[0],"t":60},{"o":{"x":0.32,"y":0},"i":{"x":0.67,"y":0},"s":[0],"t":72},{"s":[0],"t":84}]},"sa":{"a":0,"k":0},"o":{"a":1,"k":[{"o":{"x":0.32,"y":0},"i":{"x":0.67,"y":0},"s":[100],"t":0},{"o":{"x":0.32,"y":0},"i":{"x":0.67,"y":0},"s":[100],"t":12},{"o":{"x":0.32,"y":0},"i":{"x":0.67,"y":0},"s":[100],"t":60},{"o":{"x":0.32,"y":0},"i":{"x":0.67,"y":0},"s":[100],"t":72},{"s":[100],"t":84}]}},"ef":[],"shapes":[{"ty":"sh","bm":0,"hd":false,"nm":"","d":1,"ks":{"a":1,"k":[{"o":{"x":0.32,"y":0},"i":{"x":0.67,"y":0},"s":[{"c":true,"i":[[0,0],[1.11,0.14],[0,0],[0,0],[-1.24,1.8],[1.69,2.43],[2.63,-0.52],[0.98,-1.86],[-0.83,-1.93],[-0.38,0.16],[0.16,0.38],[-0.77,1.45],[-1.66,0.33],[-1.2,-1.72],[1.31,-1.89],[-0.98,-2.31],[0,0],[0,0],[-0.68,-0.88],[-0.72,0],[-0.31,0.14],[0,0],[0.15,1.11],[0,0]],"o":[[-0.15,-1.1],[0,0],[0,0],[-0.78,-1.84],[1.66,-2.41],[-1.53,-2.2],[-2.1,0.42],[-0.98,1.86],[0.16,0.38],[0.38,-0.16],[-0.64,-1.51],[0.77,-1.46],[2.05,-0.41],[1.33,1.91],[-1.54,2.23],[0,0],[0,0],[-0.67,0.89],[0.48,0.61],[0.32,0],[0,0],[1.03,-0.44],[0,0],[0,0]],"v":[[48.69,65.04],[46.58,62.96],[18.7,59.44],[18.45,58.86],[19.19,53.04],[19.15,45.07],[12.2,42.26],[7.35,45.84],[7.1,51.8],[8.08,52.2],[8.48,51.22],[8.68,46.55],[12.5,43.74],[17.93,45.93],[17.97,52.19],[17.08,59.45],[17.33,60.03],[0.49,82.53],[0.52,85.49],[2.42,86.43],[3.38,86.23],[47.21,67.61],[48.67,65.03],[48.69,65.04]]}],"t":0},{"o":{"x":0.32,"y":0},"i":{"x":0.67,"y":0},"s":[{"c":true,"i":[[0,0],[1.11,0.14],[0,0],[0,0],[-1.24,1.8],[1.69,2.43],[2.63,-0.52],[0.98,-1.86],[-0.83,-1.93],[-0.38,0.16],[0.16,0.38],[-0.77,1.45],[-1.66,0.33],[-1.2,-1.72],[1.31,-1.89],[-0.98,-2.31],[0,0],[0,0],[-0.68,-0.88],[-0.72,0],[-0.31,0.14],[0,0],[0.15,1.11],[0,0]],"o":[[-0.15,-1.1],[0,0],[0,0],[-0.78,-1.84],[1.66,-2.41],[-1.53,-2.2],[-2.1,0.42],[-0.98,1.86],[0.16,0.38],[0.38,-0.16],[-0.64,-1.51],[0.77,-1.46],[2.05,-0.41],[1.33,1.91],[-1.54,2.23],[0,0],[0,0],[-0.67,0.89],[0.48,0.61],[0.32,0],[0,0],[1.03,-0.44],[0,0],[0,0]],"v":[[48.69,65.04],[46.58,62.96],[18.7,59.44],[18.45,58.86],[19.19,53.04],[19.15,45.07],[12.2,42.26],[7.35,45.84],[7.1,51.8],[8.08,52.2],[8.48,51.22],[8.68,46.55],[12.5,43.74],[17.93,45.93],[17.97,52.19],[17.08,59.45],[17.33,60.03],[0.49,82.53],[0.52,85.49],[2.42,86.43],[3.38,86.23],[47.21,67.61],[48.67,65.03],[48.69,65.04]]}],"t":12},{"o":{"x":0.32,"y":0},"i":{"x":0.67,"y":0},"s":[{"c":true,"i":[[0,0],[1.11,0.14],[0,0],[0,0],[-1.24,1.8],[1.69,2.43],[2.63,-0.52],[0.98,-1.86],[-0.83,-1.93],[-0.38,0.16],[0.16,0.38],[-0.77,1.45],[-1.66,0.33],[-1.2,-1.72],[1.31,-1.89],[-0.98,-2.31],[0,0],[0,0],[-0.68,-0.88],[-0.72,0],[-0.31,0.14],[0,0],[0.15,1.11],[0,0]],"o":[[-0.15,-1.1],[0,0],[0,0],[-0.78,-1.84],[1.66,-2.41],[-1.53,-2.2],[-2.1,0.42],[-0.98,1.86],[0.16,0.38],[0.38,-0.16],[-0.64,-1.51],[0.77,-1.46],[2.05,-0.41],[1.33,1.91],[-1.54,2.23],[0,0],[0,0],[-0.67,0.89],[0.48,0.61],[0.32,0],[0,0],[1.03,-0.44],[0,0],[0,0]],"v":[[48.69,65.04],[46.58,62.96],[18.7,59.44],[18.45,58.86],[19.19,53.04],[19.15,45.07],[12.2,42.26],[7.35,45.84],[7.1,51.8],[8.08,52.2],[8.48,51.22],[8.68,46.55],[12.5,43.74],[17.93,45.93],[17.97,52.19],[17.08,59.45],[17.33,60.03],[0.49,82.53],[0.52,85.49],[2.42,86.43],[3.38,86.23],[47.21,67.61],[48.67,65.03],[48.69,65.04]]}],"t":60},{"o":{"x":0.32,"y":0},"i":{"x":0.67,"y":0},"s":[{"c":true,"i":[[0,0],[1.11,0.14],[0,0],[0,0],[-1.24,1.8],[1.69,2.43],[2.63,-0.52],[0.98,-1.86],[-0.83,-1.93],[-0.38,0.16],[0.16,0.38],[-0.77,1.45],[-1.66,0.33],[-1.2,-1.72],[1.31,-1.89],[-0.98,-2.31],[0,0],[0,0],[-0.68,-0.88],[-0.72,0],[-0.31,0.14],[0,0],[0.15,1.11],[0,0]],"o":[[-0.15,-1.1],[0,0],[0,0],[-0.78,-1.84],[1.66,-2.41],[-1.53,-2.2],[-2.1,0.42],[-0.98,1.86],[0.16,0.38],[0.38,-0.16],[-0.64,-1.51],[0.77,-1.46],[2.05,-0.41],[1.33,1.91],[-1.54,2.23],[0,0],[0,0],[-0.67,0.89],[0.48,0.61],[0.32,0],[0,0],[1.03,-0.44],[0,0],[0,0]],"v":[[48.69,65.04],[46.58,62.96],[18.7,59.44],[18.45,58.86],[19.19,53.04],[19.15,45.07],[12.2,42.26],[7.35,45.84],[7.1,51.8],[8.08,52.2],[8.48,51.22],[8.68,46.55],[12.5,43.74],[17.93,45.93],[17.97,52.19],[17.08,59.45],[17.33,60.03],[0.49,82.53],[0.52,85.49],[2.42,86.43],[3.38,86.23],[47.21,67.61],[48.67,65.03],[48.69,65.04]]}],"t":72},{"s":[{"c":true,"i":[[0,0],[1.11,0.14],[0,0],[0,0],[-1.24,1.8],[1.69,2.43],[2.63,-0.52],[0.98,-1.86],[-0.83,-1.93],[-0.38,0.16],[0.16,0.38],[-0.77,1.45],[-1.66,0.33],[-1.2,-1.72],[1.31,-1.89],[-0.98,-2.31],[0,0],[0,0],[-0.68,-0.88],[-0.72,0],[-0.31,0.14],[0,0],[0.15,1.11],[0,0]],"o":[[-0.15,-1.1],[0,0],[0,0],[-0.78,-1.84],[1.66,-2.41],[-1.53,-2.2],[-2.1,0.42],[-0.98,1.86],[0.16,0.38],[0.38,-0.16],[-0.64,-1.51],[0.77,-1.46],[2.05,-0.41],[1.33,1.91],[-1.54,2.23],[0,0],[0,0],[-0.67,0.89],[0.48,0.61],[0.32,0],[0,0],[1.03,-0.44],[0,0],[0,0]],"v":[[48.69,65.04],[46.58,62.96],[18.7,59.44],[18.45,58.86],[19.19,53.04],[19.15,45.07],[12.2,42.26],[7.35,45.84],[7.1,51.8],[8.08,52.2],[8.48,51.22],[8.68,46.55],[12.5,43.74],[17.93,45.93],[17.97,52.19],[17.08,59.45],[17.33,60.03],[0.49,82.53],[0.52,85.49],[2.42,86.43],[3.38,86.23],[47.21,67.61],[48.67,65.03],[48.69,65.04]]}],"t":84}]}},{"ty":"sh","bm":0,"hd":false,"nm":"","d":1,"ks":{"a":1,"k":[{"o":{"x":0.32,"y":0},"i":{"x":0.67,"y":0},"s":[{"c":true,"i":[[0,0],[0,0],[0.21,0.27],[-0.32,0.43],[0,0],[0,0],[-0.05,-0.34],[0.49,-0.21],[0,0]],"o":[[0,0],[-0.48,0.21],[-0.21,-0.27],[0,0],[0,0],[0.52,0.07],[0.05,0.34],[0,0],[0,0]],"v":[[46.64,66.24],[2.81,84.85],[1.71,84.57],[1.7,83.43],[18.52,60.92],[46.4,64.44],[47.21,65.24],[46.65,66.23],[46.64,66.24]]}],"t":0},{"o":{"x":0.32,"y":0},"i":{"x":0.67,"y":0},"s":[{"c":true,"i":[[0,0],[0,0],[0.21,0.27],[-0.32,0.43],[0,0],[0,0],[-0.05,-0.34],[0.49,-0.21],[0,0]],"o":[[0,0],[-0.48,0.21],[-0.21,-0.27],[0,0],[0,0],[0.52,0.07],[0.05,0.34],[0,0],[0,0]],"v":[[46.64,66.24],[2.81,84.85],[1.71,84.57],[1.7,83.43],[18.52,60.92],[46.4,64.44],[47.21,65.24],[46.65,66.23],[46.64,66.24]]}],"t":12},{"o":{"x":0.32,"y":0},"i":{"x":0.67,"y":0},"s":[{"c":true,"i":[[0,0],[0,0],[0.21,0.27],[-0.32,0.43],[0,0],[0,0],[-0.05,-0.34],[0.49,-0.21],[0,0]],"o":[[0,0],[-0.48,0.21],[-0.21,-0.27],[0,0],[0,0],[0.52,0.07],[0.05,0.34],[0,0],[0,0]],"v":[[46.64,66.24],[2.81,84.85],[1.71,84.57],[1.7,83.43],[18.52,60.92],[46.4,64.44],[47.21,65.24],[46.65,66.23],[46.64,66.24]]}],"t":60},{"o":{"x":0.32,"y":0},"i":{"x":0.67,"y":0},"s":[{"c":true,"i":[[0,0],[0,0],[0.21,0.27],[-0.32,0.43],[0,0],[0,0],[-0.05,-0.34],[0.49,-0.21],[0,0]],"o":[[0,0],[-0.48,0.21],[-0.21,-0.27],[0,0],[0,0],[0.52,0.07],[0.05,0.34],[0,0],[0,0]],"v":[[46.64,66.24],[2.81,84.85],[1.71,84.57],[1.7,83.43],[18.52,60.92],[46.4,64.44],[47.21,65.24],[46.65,66.23],[46.64,66.24]]}],"t":72},{"s":[{"c":true,"i":[[0,0],[0,0],[0.21,0.27],[-0.32,0.43],[0,0],[0,0],[-0.05,-0.34],[0.49,-0.21],[0,0]],"o":[[0,0],[-0.48,0.21],[-0.21,-0.27],[0,0],[0,0],[0.52,0.07],[0.05,0.34],[0,0],[0,0]],"v":[[46.64,66.24],[2.81,84.85],[1.71,84.57],[1.7,83.43],[18.52,60.92],[46.4,64.44],[47.21,65.24],[46.65,66.23],[46.64,66.24]]}],"t":84}]}},{"ty":"sh","bm":0,"hd":false,"nm":"","d":1,"ks":{"a":1,"k":[{"o":{"x":0.32,"y":0},"i":{"x":0.67,"y":0},"s":[{"c":true,"i":[[0,0],[0,0],[0.9,0.53],[1.01,-0.26],[0,0],[-0.53,1.6],[2.22,1.05],[1.92,-2.97],[0.08,-3.4],[2.36,1.25],[1.41,-2],[-2.68,-2.46],[-1.84,-0.32],[0,0],[-0.54,-2.07],[0,0],[0,0],[-0.9,-0.53],[-0.68,0],[-0.32,0.09],[0,0],[-0.53,0.9],[0.27,1.01],[0,0]],"o":[[0,0],[-0.26,-1],[-0.9,-0.53],[0,0],[1.44,-1.18],[1.12,-3.46],[-2.22,-1.05],[-1.45,2.24],[-1.73,-2.92],[-3.13,-1.65],[-1.41,2.01],[1.25,1.15],[0,0],[-2.07,0.54],[0,0],[0,0],[0.26,1],[0.6,0.35],[0.33,0],[0,0],[1,-0.26],[0.52,-0.9],[0,0],[0,0]],"v":[[97.16,144.67],[91.35,122.54],[89.55,120.17],[86.6,119.77],[81.03,121.23],[83.95,117.08],[80.98,109.86],[73.75,112.05],[71.43,120.75],[65.14,114.31],[57.77,115.95],[58.73,123.7],[63.32,125.88],[57.87,127.31],[55.1,132.05],[56.42,137.07],[60.91,154.17],[62.71,156.54],[64.66,157.07],[65.65,156.94],[94.37,149.39],[96.74,147.59],[97.14,144.64],[97.16,144.67]]}],"t":0},{"o":{"x":0.32,"y":0},"i":{"x":0.67,"y":0},"s":[{"c":true,"i":[[0,0],[0,0],[0.9,0.53],[1.01,-0.26],[0,0],[-0.53,1.6],[2.22,1.05],[1.92,-2.97],[0.08,-3.4],[2.36,1.25],[1.41,-2],[-2.68,-2.46],[-1.84,-0.32],[0,0],[-0.54,-2.07],[0,0],[0,0],[-0.9,-0.53],[-0.68,0],[-0.32,0.09],[0,0],[-0.53,0.9],[0.27,1.01],[0,0]],"o":[[0,0],[-0.26,-1],[-0.9,-0.53],[0,0],[1.44,-1.18],[1.12,-3.46],[-2.22,-1.05],[-1.45,2.24],[-1.73,-2.92],[-3.13,-1.65],[-1.41,2.01],[1.25,1.15],[0,0],[-2.07,0.54],[0,0],[0,0],[0.26,1],[0.6,0.35],[0.33,0],[0,0],[1,-0.26],[0.52,-0.9],[0,0],[0,0]],"v":[[97.16,144.67],[91.35,122.54],[89.55,120.17],[86.6,119.77],[81.03,121.23],[83.95,117.08],[80.98,109.86],[73.75,112.05],[71.43,120.75],[65.14,114.31],[57.77,115.95],[58.73,123.7],[63.32,125.88],[57.87,127.31],[55.1,132.05],[56.42,137.07],[60.91,154.17],[62.71,156.54],[64.66,157.07],[65.65,156.94],[94.37,149.39],[96.74,147.59],[97.14,144.64],[97.16,144.67]]}],"t":12},{"o":{"x":0.32,"y":0},"i":{"x":0.67,"y":0},"s":[{"c":true,"i":[[0,0],[0,0],[0.9,0.53],[1.01,-0.26],[0,0],[-0.53,1.6],[2.22,1.05],[1.92,-2.97],[0.08,-3.4],[2.36,1.25],[1.41,-2],[-2.68,-2.46],[-1.84,-0.32],[0,0],[-0.54,-2.07],[0,0],[0,0],[-0.9,-0.53],[-0.68,0],[-0.32,0.09],[0,0],[-0.53,0.9],[0.27,1.01],[0,0]],"o":[[0,0],[-0.26,-1],[-0.9,-0.53],[0,0],[1.44,-1.18],[1.12,-3.46],[-2.22,-1.05],[-1.45,2.24],[-1.73,-2.92],[-3.13,-1.65],[-1.41,2.01],[1.25,1.15],[0,0],[-2.07,0.54],[0,0],[0,0],[0.26,1],[0.6,0.35],[0.33,0],[0,0],[1,-0.26],[0.52,-0.9],[0,0],[0,0]],"v":[[97.16,144.67],[91.35,122.54],[89.55,120.17],[86.6,119.77],[81.03,121.23],[83.95,117.08],[80.98,109.86],[73.75,112.05],[71.43,120.75],[65.14,114.31],[57.77,115.95],[58.73,123.7],[63.32,125.88],[57.87,127.31],[55.1,132.05],[56.42,137.07],[60.91,154.17],[62.71,156.54],[64.66,157.07],[65.65,156.94],[94.37,149.39],[96.74,147.59],[97.14,144.64],[97.16,144.67]]}],"t":60},{"o":{"x":0.32,"y":0},"i":{"x":0.67,"y":0},"s":[{"c":true,"i":[[0,0],[0,0],[0.9,0.53],[1.01,-0.26],[0,0],[-0.53,1.6],[2.22,1.05],[1.92,-2.97],[0.08,-3.4],[2.36,1.25],[1.41,-2],[-2.68,-2.46],[-1.84,-0.32],[0,0],[-0.54,-2.07],[0,0],[0,0],[-0.9,-0.53],[-0.68,0],[-0.32,0.09],[0,0],[-0.53,0.9],[0.27,1.01],[0,0]],"o":[[0,0],[-0.26,-1],[-0.9,-0.53],[0,0],[1.44,-1.18],[1.12,-3.46],[-2.22,-1.05],[-1.45,2.24],[-1.73,-2.92],[-3.13,-1.65],[-1.41,2.01],[1.25,1.15],[0,0],[-2.07,0.54],[0,0],[0,0],[0.26,1],[0.6,0.35],[0.33,0],[0,0],[1,-0.26],[0.52,-0.9],[0,0],[0,0]],"v":[[97.16,144.67],[91.35,122.54],[89.55,120.17],[86.6,119.77],[81.03,121.23],[83.95,117.08],[80.98,109.86],[73.75,112.05],[71.43,120.75],[65.14,114.31],[57.77,115.95],[58.73,123.7],[63.32,125.88],[57.87,127.31],[55.1,132.05],[56.42,137.07],[60.91,154.17],[62.71,156.54],[64.66,157.07],[65.65,156.94],[94.37,149.39],[96.74,147.59],[97.14,144.64],[97.16,144.67]]}],"t":72},{"s":[{"c":true,"i":[[0,0],[0,0],[0.9,0.53],[1.01,-0.26],[0,0],[-0.53,1.6],[2.22,1.05],[1.92,-2.97],[0.08,-3.4],[2.36,1.25],[1.41,-2],[-2.68,-2.46],[-1.84,-0.32],[0,0],[-0.54,-2.07],[0,0],[0,0],[-0.9,-0.53],[-0.68,0],[-0.32,0.09],[0,0],[-0.53,0.9],[0.27,1.01],[0,0]],"o":[[0,0],[-0.26,-1],[-0.9,-0.53],[0,0],[1.44,-1.18],[1.12,-3.46],[-2.22,-1.05],[-1.45,2.24],[-1.73,-2.92],[-3.13,-1.65],[-1.41,2.01],[1.25,1.15],[0,0],[-2.07,0.54],[0,0],[0,0],[0.26,1],[0.6,0.35],[0.33,0],[0,0],[1,-0.26],[0.52,-0.9],[0,0],[0,0]],"v":[[97.16,144.67],[91.35,122.54],[89.55,120.17],[86.6,119.77],[81.03,121.23],[83.95,117.08],[80.98,109.86],[73.75,112.05],[71.43,120.75],[65.14,114.31],[57.77,115.95],[58.73,123.7],[63.32,125.88],[57.87,127.31],[55.1,132.05],[56.42,137.07],[60.91,154.17],[62.71,156.54],[64.66,157.07],[65.65,156.94],[94.37,149.39],[96.74,147.59],[97.14,144.64],[97.16,144.67]]}],"t":84}]}},{"ty":"sh","bm":0,"hd":false,"nm":"","d":1,"ks":{"a":1,"k":[{"o":{"x":0.32,"y":0},"i":{"x":0.67,"y":0},"s":[{"c":true,"i":[[0,0],[-0.2,0],[-0.37,-0.22],[-0.16,-0.61],[0,0],[0,0],[0,0],[0,0],[0,0]],"o":[[0.2,-0.05],[0.42,0],[0.55,0.32],[0,0],[0,0],[0,0],[0,0],[0,0],[0,0]],"v":[[86.98,121.22],[87.59,121.14],[88.79,121.47],[89.89,122.92],[91.02,127.22],[75.08,131.41],[73.34,124.81],[86.97,121.23],[86.98,121.22]]}],"t":0},{"o":{"x":0.32,"y":0},"i":{"x":0.67,"y":0},"s":[{"c":true,"i":[[0,0],[-0.2,0],[-0.37,-0.22],[-0.16,-0.61],[0,0],[0,0],[0,0],[0,0],[0,0]],"o":[[0.2,-0.05],[0.42,0],[0.55,0.32],[0,0],[0,0],[0,0],[0,0],[0,0],[0,0]],"v":[[86.98,121.22],[87.59,121.14],[88.79,121.47],[89.89,122.92],[91.02,127.22],[75.08,131.41],[73.34,124.81],[86.97,121.23],[86.98,121.22]]}],"t":12},{"o":{"x":0.32,"y":0},"i":{"x":0.67,"y":0},"s":[{"c":true,"i":[[0,0],[-0.2,0],[-0.37,-0.22],[-0.16,-0.61],[0,0],[0,0],[0,0],[0,0],[0,0]],"o":[[0.2,-0.05],[0.42,0],[0.55,0.32],[0,0],[0,0],[0,0],[0,0],[0,0],[0,0]],"v":[[86.98,121.22],[87.59,121.14],[88.79,121.47],[89.89,122.92],[91.02,127.22],[75.08,131.41],[73.34,124.81],[86.97,121.23],[86.98,121.22]]}],"t":60},{"o":{"x":0.32,"y":0},"i":{"x":0.67,"y":0},"s":[{"c":true,"i":[[0,0],[-0.2,0],[-0.37,-0.22],[-0.16,-0.61],[0,0],[0,0],[0,0],[0,0],[0,0]],"o":[[0.2,-0.05],[0.42,0],[0.55,0.32],[0,0],[0,0],[0,0],[0,0],[0,0],[0,0]],"v":[[86.98,121.22],[87.59,121.14],[88.79,121.47],[89.89,122.92],[91.02,127.22],[75.08,131.41],[73.34,124.81],[86.97,121.23],[86.98,121.22]]}],"t":72},{"s":[{"c":true,"i":[[0,0],[-0.2,0],[-0.37,-0.22],[-0.16,-0.61],[0,0],[0,0],[0,0],[0,0],[0,0]],"o":[[0.2,-0.05],[0.42,0],[0.55,0.32],[0,0],[0,0],[0,0],[0,0],[0,0],[0,0]],"v":[[86.98,121.22],[87.59,121.14],[88.79,121.47],[89.89,122.92],[91.02,127.22],[75.08,131.41],[73.34,124.81],[86.97,121.23],[86.98,121.22]]}],"t":84}]}},{"ty":"sh","bm":0,"hd":false,"nm":"","d":1,"ks":{"a":1,"k":[{"o":{"x":0.32,"y":0},"i":{"x":0.67,"y":0},"s":[{"c":true,"i":[[0,0],[-1.2,0],[-0.54,-0.26],[0.84,-2.61],[5.57,-1.58],[-1.64,2.55]],"o":[[0.98,-1.52],[0.66,0],[1.7,0.81],[-0.99,3.04],[-0.36,-4.14],[0,0]],"v":[[75.01,112.87],[78.5,110.81],[80.33,111.23],[82.52,116.63],[73.02,123.34],[75.01,112.87]]}],"t":0},{"o":{"x":0.32,"y":0},"i":{"x":0.67,"y":0},"s":[{"c":true,"i":[[0,0],[-1.2,0],[-0.54,-0.26],[0.84,-2.61],[5.57,-1.58],[-1.64,2.55]],"o":[[0.98,-1.52],[0.66,0],[1.7,0.81],[-0.99,3.04],[-0.36,-4.14],[0,0]],"v":[[75.01,112.87],[78.5,110.81],[80.33,111.23],[82.52,116.63],[73.02,123.34],[75.01,112.87]]}],"t":12},{"o":{"x":0.32,"y":0},"i":{"x":0.67,"y":0},"s":[{"c":true,"i":[[0,0],[-1.2,0],[-0.54,-0.26],[0.84,-2.61],[5.57,-1.58],[-1.64,2.55]],"o":[[0.98,-1.52],[0.66,0],[1.7,0.81],[-0.99,3.04],[-0.36,-4.14],[0,0]],"v":[[75.01,112.87],[78.5,110.81],[80.33,111.23],[82.52,116.63],[73.02,123.34],[75.01,112.87]]}],"t":60},{"o":{"x":0.32,"y":0},"i":{"x":0.67,"y":0},"s":[{"c":true,"i":[[0,0],[-1.2,0],[-0.54,-0.26],[0.84,-2.61],[5.57,-1.58],[-1.64,2.55]],"o":[[0.98,-1.52],[0.66,0],[1.7,0.81],[-0.99,3.04],[-0.36,-4.14],[0,0]],"v":[[75.01,112.87],[78.5,110.81],[80.33,111.23],[82.52,116.63],[73.02,123.34],[75.01,112.87]]}],"t":72},{"s":[{"c":true,"i":[[0,0],[-1.2,0],[-0.54,-0.26],[0.84,-2.61],[5.57,-1.58],[-1.64,2.55]],"o":[[0.98,-1.52],[0.66,0],[1.7,0.81],[-0.99,3.04],[-0.36,-4.14],[0,0]],"v":[[75.01,112.87],[78.5,110.81],[80.33,111.23],[82.52,116.63],[73.02,123.34],[75.01,112.87]]}],"t":84}]}},{"ty":"sh","bm":0,"hd":false,"nm":"","d":1,"ks":{"a":1,"k":[{"o":{"x":0.32,"y":0},"i":{"x":0.67,"y":0},"s":[{"c":true,"i":[[0,0],[-1.46,0],[-0.77,-0.41],[-1.72,-3.78],[2.36,2.16],[-1.08,1.54],[0,0]],"o":[[0.66,-0.94],[0.67,0],[2.69,1.41],[-5.63,1.36],[-2.02,-1.86],[0,0],[0,0]],"v":[[59,116.82],[62.27,115.06],[64.44,115.64],[71.32,123.77],[59.74,122.6],[58.99,116.82],[59,116.82]]}],"t":0},{"o":{"x":0.32,"y":0},"i":{"x":0.67,"y":0},"s":[{"c":true,"i":[[0,0],[-1.46,0],[-0.77,-0.41],[-1.72,-3.78],[2.36,2.16],[-1.08,1.54],[0,0]],"o":[[0.66,-0.94],[0.67,0],[2.69,1.41],[-5.63,1.36],[-2.02,-1.86],[0,0],[0,0]],"v":[[59,116.82],[62.27,115.06],[64.44,115.64],[71.32,123.77],[59.74,122.6],[58.99,116.82],[59,116.82]]}],"t":12},{"o":{"x":0.32,"y":0},"i":{"x":0.67,"y":0},"s":[{"c":true,"i":[[0,0],[-1.46,0],[-0.77,-0.41],[-1.72,-3.78],[2.36,2.16],[-1.08,1.54],[0,0]],"o":[[0.66,-0.94],[0.67,0],[2.69,1.41],[-5.63,1.36],[-2.02,-1.86],[0,0],[0,0]],"v":[[59,116.82],[62.27,115.06],[64.44,115.64],[71.32,123.77],[59.74,122.6],[58.99,116.82],[59,116.82]]}],"t":60},{"o":{"x":0.32,"y":0},"i":{"x":0.67,"y":0},"s":[{"c":true,"i":[[0,0],[-1.46,0],[-0.77,-0.41],[-1.72,-3.78],[2.36,2.16],[-1.08,1.54],[0,0]],"o":[[0.66,-0.94],[0.67,0],[2.69,1.41],[-5.63,1.36],[-2.02,-1.86],[0,0],[0,0]],"v":[[59,116.82],[62.27,115.06],[64.44,115.64],[71.32,123.77],[59.74,122.6],[58.99,116.82],[59,116.82]]}],"t":72},{"s":[{"c":true,"i":[[0,0],[-1.46,0],[-0.77,-0.41],[-1.72,-3.78],[2.36,2.16],[-1.08,1.54],[0,0]],"o":[[0.66,-0.94],[0.67,0],[2.69,1.41],[-5.63,1.36],[-2.02,-1.86],[0,0],[0,0]],"v":[[59,116.82],[62.27,115.06],[64.44,115.64],[71.32,123.77],[59.74,122.6],[58.99,116.82],[59,116.82]]}],"t":84}]}},{"ty":"sh","bm":0,"hd":false,"nm":"","d":1,"ks":{"a":1,"k":[{"o":{"x":0.32,"y":0},"i":{"x":0.67,"y":0},"s":[{"c":true,"i":[[0,0],[0,0],[0,0],[0,0],[0,0],[-1.27,0.33]],"o":[[0,0],[0,0],[0,0],[0,0],[-0.33,-1.27],[0,0]],"v":[[58.26,128.77],[71.89,125.19],[73.63,131.79],[57.69,135.98],[56.56,131.68],[58.26,128.77]]}],"t":0},{"o":{"x":0.32,"y":0},"i":{"x":0.67,"y":0},"s":[{"c":true,"i":[[0,0],[0,0],[0,0],[0,0],[0,0],[-1.27,0.33]],"o":[[0,0],[0,0],[0,0],[0,0],[-0.33,-1.27],[0,0]],"v":[[58.26,128.77],[71.89,125.19],[73.63,131.79],[57.69,135.98],[56.56,131.68],[58.26,128.77]]}],"t":12},{"o":{"x":0.32,"y":0},"i":{"x":0.67,"y":0},"s":[{"c":true,"i":[[0,0],[0,0],[0,0],[0,0],[0,0],[-1.27,0.33]],"o":[[0,0],[0,0],[0,0],[0,0],[-0.33,-1.27],[0,0]],"v":[[58.26,128.77],[71.89,125.19],[73.63,131.79],[57.69,135.98],[56.56,131.68],[58.26,128.77]]}],"t":60},{"o":{"x":0.32,"y":0},"i":{"x":0.67,"y":0},"s":[{"c":true,"i":[[0,0],[0,0],[0,0],[0,0],[0,0],[-1.27,0.33]],"o":[[0,0],[0,0],[0,0],[0,0],[-0.33,-1.27],[0,0]],"v":[[58.26,128.77],[71.89,125.19],[73.63,131.79],[57.69,135.98],[56.56,131.68],[58.26,128.77]]}],"t":72},{"s":[{"c":true,"i":[[0,0],[0,0],[0,0],[0,0],[0,0],[-1.27,0.33]],"o":[[0,0],[0,0],[0,0],[0,0],[-0.33,-1.27],[0,0]],"v":[[58.26,128.77],[71.89,125.19],[73.63,131.79],[57.69,135.98],[56.56,131.68],[58.26,128.77]]}],"t":84}]}},{"ty":"sh","bm":0,"hd":false,"nm":"","d":1,"ks":{"a":1,"k":[{"o":{"x":0.32,"y":0},"i":{"x":0.67,"y":0},"s":[{"c":true,"i":[[0,0],[0.55,0.32],[0.16,0.61],[0,0],[0,0],[0,0],[0,0],[0,0]],"o":[[-0.62,0.17],[-0.55,-0.32],[0,0],[0,0],[0,0],[0,0],[0,0],[0,0]],"v":[[65.28,155.51],[63.47,155.26],[62.37,153.81],[58.07,137.43],[74.01,133.24],[78.92,151.92],[65.29,155.5],[65.28,155.51]]}],"t":0},{"o":{"x":0.32,"y":0},"i":{"x":0.67,"y":0},"s":[{"c":true,"i":[[0,0],[0.55,0.32],[0.16,0.61],[0,0],[0,0],[0,0],[0,0],[0,0]],"o":[[-0.62,0.17],[-0.55,-0.32],[0,0],[0,0],[0,0],[0,0],[0,0],[0,0]],"v":[[65.28,155.51],[63.47,155.26],[62.37,153.81],[58.07,137.43],[74.01,133.24],[78.92,151.92],[65.29,155.5],[65.28,155.51]]}],"t":12},{"o":{"x":0.32,"y":0},"i":{"x":0.67,"y":0},"s":[{"c":true,"i":[[0,0],[0.55,0.32],[0.16,0.61],[0,0],[0,0],[0,0],[0,0],[0,0]],"o":[[-0.62,0.17],[-0.55,-0.32],[0,0],[0,0],[0,0],[0,0],[0,0],[0,0]],"v":[[65.28,155.51],[63.47,155.26],[62.37,153.81],[58.07,137.43],[74.01,133.24],[78.92,151.92],[65.29,155.5],[65.28,155.51]]}],"t":60},{"o":{"x":0.32,"y":0},"i":{"x":0.67,"y":0},"s":[{"c":true,"i":[[0,0],[0.55,0.32],[0.16,0.61],[0,0],[0,0],[0,0],[0,0],[0,0]],"o":[[-0.62,0.17],[-0.55,-0.32],[0,0],[0,0],[0,0],[0,0],[0,0],[0,0]],"v":[[65.28,155.51],[63.47,155.26],[62.37,153.81],[58.07,137.43],[74.01,133.24],[78.92,151.92],[65.29,155.5],[65.28,155.51]]}],"t":72},{"s":[{"c":true,"i":[[0,0],[0.55,0.32],[0.16,0.61],[0,0],[0,0],[0,0],[0,0],[0,0]],"o":[[-0.62,0.17],[-0.55,-0.32],[0,0],[0,0],[0,0],[0,0],[0,0],[0,0]],"v":[[65.28,155.51],[63.47,155.26],[62.37,153.81],[58.07,137.43],[74.01,133.24],[78.92,151.92],[65.29,155.5],[65.28,155.51]]}],"t":84}]}},{"ty":"sh","bm":0,"hd":false,"nm":"","d":1,"ks":{"a":1,"k":[{"o":{"x":0.32,"y":0},"i":{"x":0.67,"y":0},"s":[{"c":true,"i":[[0,0],[0.61,-0.16],[0,0],[0,0],[0,0],[0,0],[0.32,-0.55]],"o":[[-0.32,0.55],[0,0],[0,0],[0,0],[0,0],[0.16,0.62],[0,0]],"v":[[95.46,146.86],[94.01,147.96],[80.38,151.54],[75.47,132.86],[91.41,128.67],[95.71,145.05],[95.46,146.86]]}],"t":0},{"o":{"x":0.32,"y":0},"i":{"x":0.67,"y":0},"s":[{"c":true,"i":[[0,0],[0.61,-0.16],[0,0],[0,0],[0,0],[0,0],[0.32,-0.55]],"o":[[-0.32,0.55],[0,0],[0,0],[0,0],[0,0],[0.16,0.62],[0,0]],"v":[[95.46,146.86],[94.01,147.96],[80.38,151.54],[75.47,132.86],[91.41,128.67],[95.71,145.05],[95.46,146.86]]}],"t":12},{"o":{"x":0.32,"y":0},"i":{"x":0.67,"y":0},"s":[{"c":true,"i":[[0,0],[0.61,-0.16],[0,0],[0,0],[0,0],[0,0],[0.32,-0.55]],"o":[[-0.32,0.55],[0,0],[0,0],[0,0],[0,0],[0.16,0.62],[0,0]],"v":[[95.46,146.86],[94.01,147.96],[80.38,151.54],[75.47,132.86],[91.41,128.67],[95.71,145.05],[95.46,146.86]]}],"t":60},{"o":{"x":0.32,"y":0},"i":{"x":0.67,"y":0},"s":[{"c":true,"i":[[0,0],[0.61,-0.16],[0,0],[0,0],[0,0],[0,0],[0.32,-0.55]],"o":[[-0.32,0.55],[0,0],[0,0],[0,0],[0,0],[0.16,0.62],[0,0]],"v":[[95.46,146.86],[94.01,147.96],[80.38,151.54],[75.47,132.86],[91.41,128.67],[95.71,145.05],[95.46,146.86]]}],"t":72},{"s":[{"c":true,"i":[[0,0],[0.61,-0.16],[0,0],[0,0],[0,0],[0,0],[0.32,-0.55]],"o":[[-0.32,0.55],[0,0],[0,0],[0,0],[0,0],[0.16,0.62],[0,0]],"v":[[95.46,146.86],[94.01,147.96],[80.38,151.54],[75.47,132.86],[91.41,128.67],[95.71,145.05],[95.46,146.86]]}],"t":84}]}},{"ty":"sh","bm":0,"hd":false,"nm":"","d":1,"ks":{"a":1,"k":[{"o":{"x":0.32,"y":0},"i":{"x":0.67,"y":0},"s":[{"c":true,"i":[[0,0],[0,0],[-9.04,-0.4],[0,0],[0,0],[0,-0.41],[-0.41,0],[0,0],[0,0.41],[0.41,0],[0,0],[0,0],[0,9.14],[0,0],[0.5,0],[0,0],[0,-0.5],[0,0]],"o":[[0,0],[0,9.14],[0,0],[0,0],[-0.41,0],[0,0.41],[0,0],[0.41,0],[0,-0.41],[0,0],[0,0],[9.04,-0.4],[0,0],[0,-0.5],[0,0],[-0.5,0],[0,0],[0,0]],"v":[[59.54,56.61],[59.54,64.82],[75.82,81.81],[75.82,99.92],[66.97,99.92],[66.22,100.67],[66.97,101.42],[86.17,101.42],[86.92,100.67],[86.17,99.92],[77.32,99.92],[77.32,81.81],[93.6,64.82],[93.6,56.61],[92.69,55.7],[60.44,55.7],[59.53,56.61],[59.54,56.61]]}],"t":0},{"o":{"x":0.32,"y":0},"i":{"x":0.67,"y":0},"s":[{"c":true,"i":[[0,0],[0,0],[-9.04,-0.4],[0,0],[0,0],[0,-0.41],[-0.41,0],[0,0],[0,0.41],[0.41,0],[0,0],[0,0],[0,9.14],[0,0],[0.5,0],[0,0],[0,-0.5],[0,0]],"o":[[0,0],[0,9.14],[0,0],[0,0],[-0.41,0],[0,0.41],[0,0],[0.41,0],[0,-0.41],[0,0],[0,0],[9.04,-0.4],[0,0],[0,-0.5],[0,0],[-0.5,0],[0,0],[0,0]],"v":[[59.54,56.61],[59.54,64.82],[75.82,81.81],[75.82,99.92],[66.97,99.92],[66.22,100.67],[66.97,101.42],[86.17,101.42],[86.92,100.67],[86.17,99.92],[77.32,99.92],[77.32,81.81],[93.6,64.82],[93.6,56.61],[92.69,55.7],[60.44,55.7],[59.53,56.61],[59.54,56.61]]}],"t":12},{"o":{"x":0.32,"y":0},"i":{"x":0.67,"y":0},"s":[{"c":true,"i":[[0,0],[0,0],[-9.04,-0.4],[0,0],[0,0],[0,-0.41],[-0.41,0],[0,0],[0,0.41],[0.41,0],[0,0],[0,0],[0,9.14],[0,0],[0.5,0],[0,0],[0,-0.5],[0,0]],"o":[[0,0],[0,9.14],[0,0],[0,0],[-0.41,0],[0,0.41],[0,0],[0.41,0],[0,-0.41],[0,0],[0,0],[9.04,-0.4],[0,0],[0,-0.5],[0,0],[-0.5,0],[0,0],[0,0]],"v":[[59.54,56.61],[59.54,64.82],[75.82,81.81],[75.82,99.92],[66.97,99.92],[66.22,100.67],[66.97,101.42],[86.17,101.42],[86.92,100.67],[86.17,99.92],[77.32,99.92],[77.32,81.81],[93.6,64.82],[93.6,56.61],[92.69,55.7],[60.44,55.7],[59.53,56.61],[59.54,56.61]]}],"t":60},{"o":{"x":0.32,"y":0},"i":{"x":0.67,"y":0},"s":[{"c":true,"i":[[0,0],[0,0],[-9.04,-0.4],[0,0],[0,0],[0,-0.41],[-0.41,0],[0,0],[0,0.41],[0.41,0],[0,0],[0,0],[0,9.14],[0,0],[0.5,0],[0,0],[0,-0.5],[0,0]],"o":[[0,0],[0,9.14],[0,0],[0,0],[-0.41,0],[0,0.41],[0,0],[0.41,0],[0,-0.41],[0,0],[0,0],[9.04,-0.4],[0,0],[0,-0.5],[0,0],[-0.5,0],[0,0],[0,0]],"v":[[59.54,56.61],[59.54,64.82],[75.82,81.81],[75.82,99.92],[66.97,99.92],[66.22,100.67],[66.97,101.42],[86.17,101.42],[86.92,100.67],[86.17,99.92],[77.32,99.92],[77.32,81.81],[93.6,64.82],[93.6,56.61],[92.69,55.7],[60.44,55.7],[59.53,56.61],[59.54,56.61]]}],"t":72},{"s":[{"c":true,"i":[[0,0],[0,0],[-9.04,-0.4],[0,0],[0,0],[0,-0.41],[-0.41,0],[0,0],[0,0.41],[0.41,0],[0,0],[0,0],[0,9.14],[0,0],[0.5,0],[0,0],[0,-0.5],[0,0]],"o":[[0,0],[0,9.14],[0,0],[0,0],[-0.41,0],[0,0.41],[0,0],[0.41,0],[0,-0.41],[0,0],[0,0],[9.04,-0.4],[0,0],[0,-0.5],[0,0],[-0.5,0],[0,0],[0,0]],"v":[[59.54,56.61],[59.54,64.82],[75.82,81.81],[75.82,99.92],[66.97,99.92],[66.22,100.67],[66.97,101.42],[86.17,101.42],[86.92,100.67],[86.17,99.92],[77.32,99.92],[77.32,81.81],[93.6,64.82],[93.6,56.61],[92.69,55.7],[60.44,55.7],[59.53,56.61],[59.54,56.61]]}],"t":84}]}},{"ty":"sh","bm":0,"hd":false,"nm":"","d":1,"ks":{"a":1,"k":[{"o":{"x":0.32,"y":0},"i":{"x":0.67,"y":0},"s":[{"c":true,"i":[[0,0],[0,0],[0,0],[8.56,0],[0,8.56],[0,0]],"o":[[0,0],[0,0],[0,8.56],[-8.56,0],[0,0],[0,0]],"v":[[61.04,57.2],[92.1,57.2],[92.1,64.81],[76.57,80.34],[61.04,64.81],[61.04,57.2]]}],"t":0},{"o":{"x":0.32,"y":0},"i":{"x":0.67,"y":0},"s":[{"c":true,"i":[[0,0],[0,0],[0,0],[8.56,0],[0,8.56],[0,0]],"o":[[0,0],[0,0],[0,8.56],[-8.56,0],[0,0],[0,0]],"v":[[61.04,57.2],[92.1,57.2],[92.1,64.81],[76.57,80.34],[61.04,64.81],[61.04,57.2]]}],"t":12},{"o":{"x":0.32,"y":0},"i":{"x":0.67,"y":0},"s":[{"c":true,"i":[[0,0],[0,0],[0,0],[8.56,0],[0,8.56],[0,0]],"o":[[0,0],[0,0],[0,8.56],[-8.56,0],[0,0],[0,0]],"v":[[61.04,57.2],[92.1,57.2],[92.1,64.81],[76.57,80.34],[61.04,64.81],[61.04,57.2]]}],"t":60},{"o":{"x":0.32,"y":0},"i":{"x":0.67,"y":0},"s":[{"c":true,"i":[[0,0],[0,0],[0,0],[8.56,0],[0,8.56],[0,0]],"o":[[0,0],[0,0],[0,8.56],[-8.56,0],[0,0],[0,0]],"v":[[61.04,57.2],[92.1,57.2],[92.1,64.81],[76.57,80.34],[61.04,64.81],[61.04,57.2]]}],"t":72},{"s":[{"c":true,"i":[[0,0],[0,0],[0,0],[8.56,0],[0,8.56],[0,0]],"o":[[0,0],[0,0],[0,8.56],[-8.56,0],[0,0],[0,0]],"v":[[61.04,57.2],[92.1,57.2],[92.1,64.81],[76.57,80.34],[61.04,64.81],[61.04,57.2]]}],"t":84}]}},{"ty":"sh","bm":0,"hd":false,"nm":"","d":1,"ks":{"a":1,"k":[{"o":{"x":0.32,"y":0},"i":{"x":0.67,"y":0},"s":[{"c":true,"i":[[0,0],[-0.41,0.07],[-0.07,-0.41],[-3.86,-0.79],[0.09,-0.4],[0.34,0],[0.05,0.02],[0.8,4.47],[0,0]],"o":[[-0.07,-0.41],[0.41,-0.07],[0.69,3.87],[0.41,0.08],[-0.07,0.36],[-0.05,0],[-4.45,-0.91],[0,0],[0,0]],"v":[[65.54,66.81],[66.15,65.94],[67.02,66.55],[74.62,74.34],[75.2,75.22],[74.47,75.82],[74.32,75.8],[65.55,66.8],[65.54,66.81]]}],"t":0},{"o":{"x":0.32,"y":0},"i":{"x":0.67,"y":0},"s":[{"c":true,"i":[[0,0],[-0.41,0.07],[-0.07,-0.41],[-3.86,-0.79],[0.09,-0.4],[0.34,0],[0.05,0.02],[0.8,4.47],[0,0]],"o":[[-0.07,-0.41],[0.41,-0.07],[0.69,3.87],[0.41,0.08],[-0.07,0.36],[-0.05,0],[-4.45,-0.91],[0,0],[0,0]],"v":[[65.54,66.81],[66.15,65.94],[67.02,66.55],[74.62,74.34],[75.2,75.22],[74.47,75.82],[74.32,75.8],[65.55,66.8],[65.54,66.81]]}],"t":12},{"o":{"x":0.32,"y":0},"i":{"x":0.67,"y":0},"s":[{"c":true,"i":[[0,0],[-0.41,0.07],[-0.07,-0.41],[-3.86,-0.79],[0.09,-0.4],[0.34,0],[0.05,0.02],[0.8,4.47],[0,0]],"o":[[-0.07,-0.41],[0.41,-0.07],[0.69,3.87],[0.41,0.08],[-0.07,0.36],[-0.05,0],[-4.45,-0.91],[0,0],[0,0]],"v":[[65.54,66.81],[66.15,65.94],[67.02,66.55],[74.62,74.34],[75.2,75.22],[74.47,75.82],[74.32,75.8],[65.55,66.8],[65.54,66.81]]}],"t":60},{"o":{"x":0.32,"y":0},"i":{"x":0.67,"y":0},"s":[{"c":true,"i":[[0,0],[-0.41,0.07],[-0.07,-0.41],[-3.86,-0.79],[0.09,-0.4],[0.34,0],[0.05,0.02],[0.8,4.47],[0,0]],"o":[[-0.07,-0.41],[0.41,-0.07],[0.69,3.87],[0.41,0.08],[-0.07,0.36],[-0.05,0],[-4.45,-0.91],[0,0],[0,0]],"v":[[65.54,66.81],[66.15,65.94],[67.02,66.55],[74.62,74.34],[75.2,75.22],[74.47,75.82],[74.32,75.8],[65.55,66.8],[65.54,66.81]]}],"t":72},{"s":[{"c":true,"i":[[0,0],[-0.41,0.07],[-0.07,-0.41],[-3.86,-0.79],[0.09,-0.4],[0.34,0],[0.05,0.02],[0.8,4.47],[0,0]],"o":[[-0.07,-0.41],[0.41,-0.07],[0.69,3.87],[0.41,0.08],[-0.07,0.36],[-0.05,0],[-4.45,-0.91],[0,0],[0,0]],"v":[[65.54,66.81],[66.15,65.94],[67.02,66.55],[74.62,74.34],[75.2,75.22],[74.47,75.82],[74.32,75.8],[65.55,66.8],[65.54,66.81]]}],"t":84}]}},{"ty":"sh","bm":0,"hd":false,"nm":"","d":1,"ks":{"a":1,"k":[{"o":{"x":0.32,"y":0},"i":{"x":0.67,"y":0},"s":[{"c":true,"i":[[0,0],[-0.01,0],[-0.56,0.59],[0,0],[0,0.19],[0,0],[1.67,0],[0,0],[0.14,-0.14],[0,0],[0,-0.79],[-0.56,-0.56],[0,0],[-0.79,0],[0,0]],"o":[[0,0],[0.81,-0.01],[0,0],[0.13,-0.14],[0,0],[0,-1.66],[0,0],[-0.2,0],[0,0],[-0.56,0.56],[0,0.79],[0,0],[0.56,0.56],[0,0],[0,0]],"v":[[28.09,130.92],[28.14,130.92],[30.26,129.98],[51.09,107.72],[51.29,107.21],[51.24,90.95],[48.22,87.93],[32,87.93],[31.47,88.15],[9.87,109.75],[9,111.85],[9.87,113.95],[25.98,130.06],[28.08,130.93],[28.09,130.92]]}],"t":0},{"o":{"x":0.32,"y":0},"i":{"x":0.67,"y":0},"s":[{"c":true,"i":[[0,0],[-0.01,0],[-0.56,0.59],[0,0],[0,0.19],[0,0],[1.67,0],[0,0],[0.14,-0.14],[0,0],[0,-0.79],[-0.56,-0.56],[0,0],[-0.79,0],[0,0]],"o":[[0,0],[0.81,-0.01],[0,0],[0.13,-0.14],[0,0],[0,-1.66],[0,0],[-0.2,0],[0,0],[-0.56,0.56],[0,0.79],[0,0],[0.56,0.56],[0,0],[0,0]],"v":[[28.09,130.92],[28.14,130.92],[30.26,129.98],[51.09,107.72],[51.29,107.21],[51.24,90.95],[48.22,87.93],[32,87.93],[31.47,88.15],[9.87,109.75],[9,111.85],[9.87,113.95],[25.98,130.06],[28.08,130.93],[28.09,130.92]]}],"t":12},{"o":{"x":0.32,"y":0},"i":{"x":0.67,"y":0},"s":[{"c":true,"i":[[0,0],[-0.01,0],[-0.56,0.59],[0,0],[0,0.19],[0,0],[1.67,0],[0,0],[0.14,-0.14],[0,0],[0,-0.79],[-0.56,-0.56],[0,0],[-0.79,0],[0,0]],"o":[[0,0],[0.81,-0.01],[0,0],[0.13,-0.14],[0,0],[0,-1.66],[0,0],[-0.2,0],[0,0],[-0.56,0.56],[0,0.79],[0,0],[0.56,0.56],[0,0],[0,0]],"v":[[28.09,130.92],[28.14,130.92],[30.26,129.98],[51.09,107.72],[51.29,107.21],[51.24,90.95],[48.22,87.93],[32,87.93],[31.47,88.15],[9.87,109.75],[9,111.85],[9.87,113.95],[25.98,130.06],[28.08,130.93],[28.09,130.92]]}],"t":60},{"o":{"x":0.32,"y":0},"i":{"x":0.67,"y":0},"s":[{"c":true,"i":[[0,0],[-0.01,0],[-0.56,0.59],[0,0],[0,0.19],[0,0],[1.67,0],[0,0],[0.14,-0.14],[0,0],[0,-0.79],[-0.56,-0.56],[0,0],[-0.79,0],[0,0]],"o":[[0,0],[0.81,-0.01],[0,0],[0.13,-0.14],[0,0],[0,-1.66],[0,0],[-0.2,0],[0,0],[-0.56,0.56],[0,0.79],[0,0],[0.56,0.56],[0,0],[0,0]],"v":[[28.09,130.92],[28.14,130.92],[30.26,129.98],[51.09,107.72],[51.29,107.21],[51.24,90.95],[48.22,87.93],[32,87.93],[31.47,88.15],[9.87,109.75],[9,111.85],[9.87,113.95],[25.98,130.06],[28.08,130.93],[28.09,130.92]]}],"t":72},{"s":[{"c":true,"i":[[0,0],[-0.01,0],[-0.56,0.59],[0,0],[0,0.19],[0,0],[1.67,0],[0,0],[0.14,-0.14],[0,0],[0,-0.79],[-0.56,-0.56],[0,0],[-0.79,0],[0,0]],"o":[[0,0],[0.81,-0.01],[0,0],[0.13,-0.14],[0,0],[0,-1.66],[0,0],[-0.2,0],[0,0],[-0.56,0.56],[0,0.79],[0,0],[0.56,0.56],[0,0],[0,0]],"v":[[28.09,130.92],[28.14,130.92],[30.26,129.98],[51.09,107.72],[51.29,107.21],[51.24,90.95],[48.22,87.93],[32,87.93],[31.47,88.15],[9.87,109.75],[9,111.85],[9.87,113.95],[25.98,130.06],[28.08,130.93],[28.09,130.92]]}],"t":84}]}},{"ty":"sh","bm":0,"hd":false,"nm":"","d":1,"ks":{"a":1,"k":[{"o":{"x":0.32,"y":0},"i":{"x":0.67,"y":0},"s":[{"c":true,"i":[[0,0],[-0.28,0.28],[0,0],[0,0],[0,-0.84],[0,0],[0,0],[0.4,-0.01],[0.28,0.28],[0,0],[0,0.39],[0,0]],"o":[[0,-0.39],[0,0],[0,0],[0.84,0],[0,0],[0,0],[-0.27,0.29],[-0.42,0],[0,0],[-0.28,-0.28],[0,0],[0,0]],"v":[[10.51,111.83],[10.94,110.79],[32.32,89.41],[48.23,89.41],[49.75,90.93],[49.8,106.9],[29.17,128.94],[28.12,129.41],[27.06,128.98],[10.95,112.87],[10.52,111.83],[10.51,111.83]]}],"t":0},{"o":{"x":0.32,"y":0},"i":{"x":0.67,"y":0},"s":[{"c":true,"i":[[0,0],[-0.28,0.28],[0,0],[0,0],[0,-0.84],[0,0],[0,0],[0.4,-0.01],[0.28,0.28],[0,0],[0,0.39],[0,0]],"o":[[0,-0.39],[0,0],[0,0],[0.84,0],[0,0],[0,0],[-0.27,0.29],[-0.42,0],[0,0],[-0.28,-0.28],[0,0],[0,0]],"v":[[10.51,111.83],[10.94,110.79],[32.32,89.41],[48.23,89.41],[49.75,90.93],[49.8,106.9],[29.17,128.94],[28.12,129.41],[27.06,128.98],[10.95,112.87],[10.52,111.83],[10.51,111.83]]}],"t":12},{"o":{"x":0.32,"y":0},"i":{"x":0.67,"y":0},"s":[{"c":true,"i":[[0,0],[-0.28,0.28],[0,0],[0,0],[0,-0.84],[0,0],[0,0],[0.4,-0.01],[0.28,0.28],[0,0],[0,0.39],[0,0]],"o":[[0,-0.39],[0,0],[0,0],[0.84,0],[0,0],[0,0],[-0.27,0.29],[-0.42,0],[0,0],[-0.28,-0.28],[0,0],[0,0]],"v":[[10.51,111.83],[10.94,110.79],[32.32,89.41],[48.23,89.41],[49.75,90.93],[49.8,106.9],[29.17,128.94],[28.12,129.41],[27.06,128.98],[10.95,112.87],[10.52,111.83],[10.51,111.83]]}],"t":60},{"o":{"x":0.32,"y":0},"i":{"x":0.67,"y":0},"s":[{"c":true,"i":[[0,0],[-0.28,0.28],[0,0],[0,0],[0,-0.84],[0,0],[0,0],[0.4,-0.01],[0.28,0.28],[0,0],[0,0.39],[0,0]],"o":[[0,-0.39],[0,0],[0,0],[0.84,0],[0,0],[0,0],[-0.27,0.29],[-0.42,0],[0,0],[-0.28,-0.28],[0,0],[0,0]],"v":[[10.51,111.83],[10.94,110.79],[32.32,89.41],[48.23,89.41],[49.75,90.93],[49.8,106.9],[29.17,128.94],[28.12,129.41],[27.06,128.98],[10.95,112.87],[10.52,111.83],[10.51,111.83]]}],"t":72},{"s":[{"c":true,"i":[[0,0],[-0.28,0.28],[0,0],[0,0],[0,-0.84],[0,0],[0,0],[0.4,-0.01],[0.28,0.28],[0,0],[0,0.39],[0,0]],"o":[[0,-0.39],[0,0],[0,0],[0.84,0],[0,0],[0,0],[-0.27,0.29],[-0.42,0],[0,0],[-0.28,-0.28],[0,0],[0,0]],"v":[[10.51,111.83],[10.94,110.79],[32.32,89.41],[48.23,89.41],[49.75,90.93],[49.8,106.9],[29.17,128.94],[28.12,129.41],[27.06,128.98],[10.95,112.87],[10.52,111.83],[10.51,111.83]]}],"t":84}]}},{"ty":"sh","bm":0,"hd":false,"nm":"","d":1,"ks":{"a":1,"k":[{"o":{"x":0.32,"y":0},"i":{"x":0.67,"y":0},"s":[{"c":true,"i":[[0,0],[-0.75,0.75],[1.5,1.5],[1.5,-1.5],[0,-1.02],[-0.72,-0.72],[-0.98,0],[0,0]],"o":[[0.98,0],[1.5,-1.5],[-1.5,-1.5],[-0.73,0.72],[0,1.02],[0.75,0.75],[0,0],[0,0]],"v":[[42.82,100.23],[45.54,99.11],[45.54,93.68],[40.11,93.68],[38.99,96.39],[40.11,99.1],[42.82,100.22],[42.82,100.23]]}],"t":0},{"o":{"x":0.32,"y":0},"i":{"x":0.67,"y":0},"s":[{"c":true,"i":[[0,0],[-0.75,0.75],[1.5,1.5],[1.5,-1.5],[0,-1.02],[-0.72,-0.72],[-0.98,0],[0,0]],"o":[[0.98,0],[1.5,-1.5],[-1.5,-1.5],[-0.73,0.72],[0,1.02],[0.75,0.75],[0,0],[0,0]],"v":[[42.82,100.23],[45.54,99.11],[45.54,93.68],[40.11,93.68],[38.99,96.39],[40.11,99.1],[42.82,100.22],[42.82,100.23]]}],"t":12},{"o":{"x":0.32,"y":0},"i":{"x":0.67,"y":0},"s":[{"c":true,"i":[[0,0],[-0.75,0.75],[1.5,1.5],[1.5,-1.5],[0,-1.02],[-0.72,-0.72],[-0.98,0],[0,0]],"o":[[0.98,0],[1.5,-1.5],[-1.5,-1.5],[-0.73,0.72],[0,1.02],[0.75,0.75],[0,0],[0,0]],"v":[[42.82,100.23],[45.54,99.11],[45.54,93.68],[40.11,93.68],[38.99,96.39],[40.11,99.1],[42.82,100.22],[42.82,100.23]]}],"t":60},{"o":{"x":0.32,"y":0},"i":{"x":0.67,"y":0},"s":[{"c":true,"i":[[0,0],[-0.75,0.75],[1.5,1.5],[1.5,-1.5],[0,-1.02],[-0.72,-0.72],[-0.98,0],[0,0]],"o":[[0.98,0],[1.5,-1.5],[-1.5,-1.5],[-0.73,0.72],[0,1.02],[0.75,0.75],[0,0],[0,0]],"v":[[42.82,100.23],[45.54,99.11],[45.54,93.68],[40.11,93.68],[38.99,96.39],[40.11,99.1],[42.82,100.22],[42.82,100.23]]}],"t":72},{"s":[{"c":true,"i":[[0,0],[-0.75,0.75],[1.5,1.5],[1.5,-1.5],[0,-1.02],[-0.72,-0.72],[-0.98,0],[0,0]],"o":[[0.98,0],[1.5,-1.5],[-1.5,-1.5],[-0.73,0.72],[0,1.02],[0.75,0.75],[0,0],[0,0]],"v":[[42.82,100.23],[45.54,99.11],[45.54,93.68],[40.11,93.68],[38.99,96.39],[40.11,99.1],[42.82,100.22],[42.82,100.23]]}],"t":84}]}},{"ty":"sh","bm":0,"hd":false,"nm":"","d":1,"ks":{"a":1,"k":[{"o":{"x":0.32,"y":0},"i":{"x":0.67,"y":0},"s":[{"c":true,"i":[[0,0],[-0.59,0],[-0.45,-0.45],[0.91,-0.91],[0.91,0.91],[0,0.62],[-0.45,0.44],[0,0]],"o":[[0.46,-0.46],[0.59,0],[0.91,0.91],[-0.91,0.91],[-0.44,-0.44],[0,-0.62],[0,0],[0,0]],"v":[[41.17,94.73],[42.82,94.05],[44.47,94.73],[44.47,98.04],[41.16,98.04],[40.47,96.39],[41.16,94.74],[41.17,94.73]]}],"t":0},{"o":{"x":0.32,"y":0},"i":{"x":0.67,"y":0},"s":[{"c":true,"i":[[0,0],[-0.59,0],[-0.45,-0.45],[0.91,-0.91],[0.91,0.91],[0,0.62],[-0.45,0.44],[0,0]],"o":[[0.46,-0.46],[0.59,0],[0.91,0.91],[-0.91,0.91],[-0.44,-0.44],[0,-0.62],[0,0],[0,0]],"v":[[41.17,94.73],[42.82,94.05],[44.47,94.73],[44.47,98.04],[41.16,98.04],[40.47,96.39],[41.16,94.74],[41.17,94.73]]}],"t":12},{"o":{"x":0.32,"y":0},"i":{"x":0.67,"y":0},"s":[{"c":true,"i":[[0,0],[-0.59,0],[-0.45,-0.45],[0.91,-0.91],[0.91,0.91],[0,0.62],[-0.45,0.44],[0,0]],"o":[[0.46,-0.46],[0.59,0],[0.91,0.91],[-0.91,0.91],[-0.44,-0.44],[0,-0.62],[0,0],[0,0]],"v":[[41.17,94.73],[42.82,94.05],[44.47,94.73],[44.47,98.04],[41.16,98.04],[40.47,96.39],[41.16,94.74],[41.17,94.73]]}],"t":60},{"o":{"x":0.32,"y":0},"i":{"x":0.67,"y":0},"s":[{"c":true,"i":[[0,0],[-0.59,0],[-0.45,-0.45],[0.91,-0.91],[0.91,0.91],[0,0.62],[-0.45,0.44],[0,0]],"o":[[0.46,-0.46],[0.59,0],[0.91,0.91],[-0.91,0.91],[-0.44,-0.44],[0,-0.62],[0,0],[0,0]],"v":[[41.17,94.73],[42.82,94.05],[44.47,94.73],[44.47,98.04],[41.16,98.04],[40.47,96.39],[41.16,94.74],[41.17,94.73]]}],"t":72},{"s":[{"c":true,"i":[[0,0],[-0.59,0],[-0.45,-0.45],[0.91,-0.91],[0.91,0.91],[0,0.62],[-0.45,0.44],[0,0]],"o":[[0.46,-0.46],[0.59,0],[0.91,0.91],[-0.91,0.91],[-0.44,-0.44],[0,-0.62],[0,0],[0,0]],"v":[[41.17,94.73],[42.82,94.05],[44.47,94.73],[44.47,98.04],[41.16,98.04],[40.47,96.39],[41.16,94.74],[41.17,94.73]]}],"t":84}]}},{"ty":"sh","bm":0,"hd":false,"nm":"","d":1,"ks":{"a":1,"k":[{"o":{"x":0.32,"y":0},"i":{"x":0.67,"y":0},"s":[{"c":true,"i":[[0,0],[-0.29,0.29],[-0.29,-0.29],[0,0],[0.29,-0.29],[0.19,0],[0.15,0.15],[0,0]],"o":[[-0.29,-0.29],[0.29,-0.29],[0,0],[0.29,0.29],[-0.15,0.15],[-0.19,0],[0,0],[0,0]],"v":[[24.53,100.01],[24.53,98.95],[25.59,98.95],[40.26,113.62],[40.26,114.68],[39.73,114.9],[39.2,114.68],[24.53,100.01]]}],"t":0},{"o":{"x":0.32,"y":0},"i":{"x":0.67,"y":0},"s":[{"c":true,"i":[[0,0],[-0.29,0.29],[-0.29,-0.29],[0,0],[0.29,-0.29],[0.19,0],[0.15,0.15],[0,0]],"o":[[-0.29,-0.29],[0.29,-0.29],[0,0],[0.29,0.29],[-0.15,0.15],[-0.19,0],[0,0],[0,0]],"v":[[24.53,100.01],[24.53,98.95],[25.59,98.95],[40.26,113.62],[40.26,114.68],[39.73,114.9],[39.2,114.68],[24.53,100.01]]}],"t":12},{"o":{"x":0.32,"y":0},"i":{"x":0.67,"y":0},"s":[{"c":true,"i":[[0,0],[-0.29,0.29],[-0.29,-0.29],[0,0],[0.29,-0.29],[0.19,0],[0.15,0.15],[0,0]],"o":[[-0.29,-0.29],[0.29,-0.29],[0,0],[0.29,0.29],[-0.15,0.15],[-0.19,0],[0,0],[0,0]],"v":[[24.53,100.01],[24.53,98.95],[25.59,98.95],[40.26,113.62],[40.26,114.68],[39.73,114.9],[39.2,114.68],[24.53,100.01]]}],"t":60},{"o":{"x":0.32,"y":0},"i":{"x":0.67,"y":0},"s":[{"c":true,"i":[[0,0],[-0.29,0.29],[-0.29,-0.29],[0,0],[0.29,-0.29],[0.19,0],[0.15,0.15],[0,0]],"o":[[-0.29,-0.29],[0.29,-0.29],[0,0],[0.29,0.29],[-0.15,0.15],[-0.19,0],[0,0],[0,0]],"v":[[24.53,100.01],[24.53,98.95],[25.59,98.95],[40.26,113.62],[40.26,114.68],[39.73,114.9],[39.2,114.68],[24.53,100.01]]}],"t":72},{"s":[{"c":true,"i":[[0,0],[-0.29,0.29],[-0.29,-0.29],[0,0],[0.29,-0.29],[0.19,0],[0.15,0.15],[0,0]],"o":[[-0.29,-0.29],[0.29,-0.29],[0,0],[0.29,0.29],[-0.15,0.15],[-0.19,0],[0,0],[0,0]],"v":[[24.53,100.01],[24.53,98.95],[25.59,98.95],[40.26,113.62],[40.26,114.68],[39.73,114.9],[39.2,114.68],[24.53,100.01]]}],"t":84}]}},{"ty":"sh","bm":0,"hd":false,"nm":"","d":1,"ks":{"a":1,"k":[{"o":{"x":0.32,"y":0},"i":{"x":0.67,"y":0},"s":[{"c":true,"i":[[0,0],[-0.3,0.29],[-0.29,-0.3],[0,0],[0.3,-0.29],[0.19,0],[0.15,0.15],[0,0]],"o":[[-0.29,-0.29],[0.29,-0.29],[0,0],[0.29,0.29],[-0.15,0.15],[-0.19,0],[0,0],[0,0]],"v":[[21.48,103.29],[21.48,102.23],[22.54,102.23],[37.17,116.72],[37.17,117.78],[36.64,118],[36.11,117.78],[21.48,103.29]]}],"t":0},{"o":{"x":0.32,"y":0},"i":{"x":0.67,"y":0},"s":[{"c":true,"i":[[0,0],[-0.3,0.29],[-0.29,-0.3],[0,0],[0.3,-0.29],[0.19,0],[0.15,0.15],[0,0]],"o":[[-0.29,-0.29],[0.29,-0.29],[0,0],[0.29,0.29],[-0.15,0.15],[-0.19,0],[0,0],[0,0]],"v":[[21.48,103.29],[21.48,102.23],[22.54,102.23],[37.17,116.72],[37.17,117.78],[36.64,118],[36.11,117.78],[21.48,103.29]]}],"t":12},{"o":{"x":0.32,"y":0},"i":{"x":0.67,"y":0},"s":[{"c":true,"i":[[0,0],[-0.3,0.29],[-0.29,-0.3],[0,0],[0.3,-0.29],[0.19,0],[0.15,0.15],[0,0]],"o":[[-0.29,-0.29],[0.29,-0.29],[0,0],[0.29,0.29],[-0.15,0.15],[-0.19,0],[0,0],[0,0]],"v":[[21.48,103.29],[21.48,102.23],[22.54,102.23],[37.17,116.72],[37.17,117.78],[36.64,118],[36.11,117.78],[21.48,103.29]]}],"t":60},{"o":{"x":0.32,"y":0},"i":{"x":0.67,"y":0},"s":[{"c":true,"i":[[0,0],[-0.3,0.29],[-0.29,-0.3],[0,0],[0.3,-0.29],[0.19,0],[0.15,0.15],[0,0]],"o":[[-0.29,-0.29],[0.29,-0.29],[0,0],[0.29,0.29],[-0.15,0.15],[-0.19,0],[0,0],[0,0]],"v":[[21.48,103.29],[21.48,102.23],[22.54,102.23],[37.17,116.72],[37.17,117.78],[36.64,118],[36.11,117.78],[21.48,103.29]]}],"t":72},{"s":[{"c":true,"i":[[0,0],[-0.3,0.29],[-0.29,-0.3],[0,0],[0.3,-0.29],[0.19,0],[0.15,0.15],[0,0]],"o":[[-0.29,-0.29],[0.29,-0.29],[0,0],[0.29,0.29],[-0.15,0.15],[-0.19,0],[0,0],[0,0]],"v":[[21.48,103.29],[21.48,102.23],[22.54,102.23],[37.17,116.72],[37.17,117.78],[36.64,118],[36.11,117.78],[21.48,103.29]]}],"t":84}]}},{"ty":"sh","bm":0,"hd":false,"nm":"","d":1,"ks":{"a":1,"k":[{"o":{"x":0.32,"y":0},"i":{"x":0.67,"y":0},"s":[{"c":true,"i":[[0,0],[-0.29,0.29],[-0.29,-0.29],[0,0],[0.29,-0.29],[0.19,0],[0.15,0.14],[0,0],[0,0]],"o":[[-0.29,-0.29],[0.29,-0.29],[0,0],[0.29,0.29],[-0.15,0.14],[-0.19,0],[0,0],[0,0],[0,0]],"v":[[18.2,106.56],[18.2,105.5],[19.26,105.5],[33.31,119.8],[33.31,120.86],[32.78,121.07],[32.24,120.85],[18.19,106.55],[18.2,106.56]]}],"t":0},{"o":{"x":0.32,"y":0},"i":{"x":0.67,"y":0},"s":[{"c":true,"i":[[0,0],[-0.29,0.29],[-0.29,-0.29],[0,0],[0.29,-0.29],[0.19,0],[0.15,0.14],[0,0],[0,0]],"o":[[-0.29,-0.29],[0.29,-0.29],[0,0],[0.29,0.29],[-0.15,0.14],[-0.19,0],[0,0],[0,0],[0,0]],"v":[[18.2,106.56],[18.2,105.5],[19.26,105.5],[33.31,119.8],[33.31,120.86],[32.78,121.07],[32.24,120.85],[18.19,106.55],[18.2,106.56]]}],"t":12},{"o":{"x":0.32,"y":0},"i":{"x":0.67,"y":0},"s":[{"c":true,"i":[[0,0],[-0.29,0.29],[-0.29,-0.29],[0,0],[0.29,-0.29],[0.19,0],[0.15,0.14],[0,0],[0,0]],"o":[[-0.29,-0.29],[0.29,-0.29],[0,0],[0.29,0.29],[-0.15,0.14],[-0.19,0],[0,0],[0,0],[0,0]],"v":[[18.2,106.56],[18.2,105.5],[19.26,105.5],[33.31,119.8],[33.31,120.86],[32.78,121.07],[32.24,120.85],[18.19,106.55],[18.2,106.56]]}],"t":60},{"o":{"x":0.32,"y":0},"i":{"x":0.67,"y":0},"s":[{"c":true,"i":[[0,0],[-0.29,0.29],[-0.29,-0.29],[0,0],[0.29,-0.29],[0.19,0],[0.15,0.14],[0,0],[0,0]],"o":[[-0.29,-0.29],[0.29,-0.29],[0,0],[0.29,0.29],[-0.15,0.14],[-0.19,0],[0,0],[0,0],[0,0]],"v":[[18.2,106.56],[18.2,105.5],[19.26,105.5],[33.31,119.8],[33.31,120.86],[32.78,121.07],[32.24,120.85],[18.19,106.55],[18.2,106.56]]}],"t":72},{"s":[{"c":true,"i":[[0,0],[-0.29,0.29],[-0.29,-0.29],[0,0],[0.29,-0.29],[0.19,0],[0.15,0.14],[0,0],[0,0]],"o":[[-0.29,-0.29],[0.29,-0.29],[0,0],[0.29,0.29],[-0.15,0.14],[-0.19,0],[0,0],[0,0],[0,0]],"v":[[18.2,106.56],[18.2,105.5],[19.26,105.5],[33.31,119.8],[33.31,120.86],[32.78,121.07],[32.24,120.85],[18.19,106.55],[18.2,106.56]]}],"t":84}]}},{"ty":"sh","bm":0,"hd":false,"nm":"","d":1,"ks":{"a":1,"k":[{"o":{"x":0.32,"y":0},"i":{"x":0.67,"y":0},"s":[{"c":true,"i":[[0,0],[0.29,-0.29],[0.19,0],[0.14,0.15],[0,0],[-0.29,0.29],[-0.29,-0.29],[0,0]],"o":[[0.29,0.29],[-0.15,0.14],[-0.19,0],[0,0],[-0.29,-0.29],[0.29,-0.29],[0,0],[0,0]],"v":[[26.37,119.15],[26.37,120.21],[25.84,120.43],[25.31,120.21],[15.27,110.04],[15.27,108.98],[16.33,108.98],[26.37,119.15]]}],"t":0},{"o":{"x":0.32,"y":0},"i":{"x":0.67,"y":0},"s":[{"c":true,"i":[[0,0],[0.29,-0.29],[0.19,0],[0.14,0.15],[0,0],[-0.29,0.29],[-0.29,-0.29],[0,0]],"o":[[0.29,0.29],[-0.15,0.14],[-0.19,0],[0,0],[-0.29,-0.29],[0.29,-0.29],[0,0],[0,0]],"v":[[26.37,119.15],[26.37,120.21],[25.84,120.43],[25.31,120.21],[15.27,110.04],[15.27,108.98],[16.33,108.98],[26.37,119.15]]}],"t":12},{"o":{"x":0.32,"y":0},"i":{"x":0.67,"y":0},"s":[{"c":true,"i":[[0,0],[0.29,-0.29],[0.19,0],[0.14,0.15],[0,0],[-0.29,0.29],[-0.29,-0.29],[0,0]],"o":[[0.29,0.29],[-0.15,0.14],[-0.19,0],[0,0],[-0.29,-0.29],[0.29,-0.29],[0,0],[0,0]],"v":[[26.37,119.15],[26.37,120.21],[25.84,120.43],[25.31,120.21],[15.27,110.04],[15.27,108.98],[16.33,108.98],[26.37,119.15]]}],"t":60},{"o":{"x":0.32,"y":0},"i":{"x":0.67,"y":0},"s":[{"c":true,"i":[[0,0],[0.29,-0.29],[0.19,0],[0.14,0.15],[0,0],[-0.29,0.29],[-0.29,-0.29],[0,0]],"o":[[0.29,0.29],[-0.15,0.14],[-0.19,0],[0,0],[-0.29,-0.29],[0.29,-0.29],[0,0],[0,0]],"v":[[26.37,119.15],[26.37,120.21],[25.84,120.43],[25.31,120.21],[15.27,110.04],[15.27,108.98],[16.33,108.98],[26.37,119.15]]}],"t":72},{"s":[{"c":true,"i":[[0,0],[0.29,-0.29],[0.19,0],[0.14,0.15],[0,0],[-0.29,0.29],[-0.29,-0.29],[0,0]],"o":[[0.29,0.29],[-0.15,0.14],[-0.19,0],[0,0],[-0.29,-0.29],[0.29,-0.29],[0,0],[0,0]],"v":[[26.37,119.15],[26.37,120.21],[25.84,120.43],[25.31,120.21],[15.27,110.04],[15.27,108.98],[16.33,108.98],[26.37,119.15]]}],"t":84}]}},{"ty":"sh","bm":0,"hd":false,"nm":"","d":1,"ks":{"a":1,"k":[{"o":{"x":0.32,"y":0},"i":{"x":0.67,"y":0},"s":[{"c":true,"i":[[0,0],[-0.34,0.19],[0,0],[0,0],[-0.38,-0.15],[0,0],[-0.1,0],[-0.12,0.29],[0,0],[0,0],[-0.37,0.07],[0,0],[0.05,0.4],[11.61,4.58],[0.17,-0.36],[5.03,1.98],[-0.06,0.17],[0.37,0.14],[0.51,-0.42],[-0.24,-0.32],[0,0],[0,0]],"o":[[0.22,0.31],[0,0],[0,0],[-0.15,0.39],[0,0],[0.09,0.04],[0.3,0],[0,0],[0,0],[0.12,0.36],[0,0],[0.39,-0.08],[-0.09,-0.66],[-0.37,-0.15],[-0.08,0.17],[-4.99,-1.97],[0.12,-0.38],[-11.61,-4.58],[-0.31,0.25],[0,0],[0,0],[0,0]],"v":[[35.72,16.88],[36.7,17.09],[39.55,15.49],[29.17,41.79],[29.59,42.76],[54.84,52.72],[55.12,52.77],[55.82,52.3],[66.2,26],[67.19,29.11],[68.05,29.62],[79.01,27.48],[79.61,26.64],[65.67,5.97],[64.71,6.35],[57.71,8.47],[54.05,2.15],[53.61,1.22],[29.32,6.8],[29.19,7.82],[35.73,16.87],[35.72,16.88]]}],"t":0},{"o":{"x":0.32,"y":0},"i":{"x":0.67,"y":0},"s":[{"c":true,"i":[[0,0],[-0.34,0.19],[0,0],[0,0],[-0.38,-0.15],[0,0],[-0.1,0],[-0.12,0.29],[0,0],[0,0],[-0.37,0.07],[0,0],[0.05,0.4],[11.61,4.58],[0.17,-0.36],[5.03,1.98],[-0.06,0.17],[0.37,0.14],[0.51,-0.42],[-0.24,-0.32],[0,0],[0,0]],"o":[[0.22,0.31],[0,0],[0,0],[-0.15,0.39],[0,0],[0.09,0.04],[0.3,0],[0,0],[0,0],[0.12,0.36],[0,0],[0.39,-0.08],[-0.09,-0.66],[-0.37,-0.15],[-0.08,0.17],[-4.99,-1.97],[0.12,-0.38],[-11.61,-4.58],[-0.31,0.25],[0,0],[0,0],[0,0]],"v":[[35.72,16.88],[36.7,17.09],[39.55,15.49],[29.17,41.79],[29.59,42.76],[54.84,52.72],[55.12,52.77],[55.82,52.3],[66.2,26],[67.19,29.11],[68.05,29.62],[79.01,27.48],[79.61,26.64],[65.67,5.97],[64.71,6.35],[57.71,8.47],[54.05,2.15],[53.61,1.22],[29.32,6.8],[29.19,7.82],[35.73,16.87],[35.72,16.88]]}],"t":12},{"o":{"x":0.32,"y":0},"i":{"x":0.67,"y":0},"s":[{"c":true,"i":[[0,0],[-0.34,0.19],[0,0],[0,0],[-0.38,-0.15],[0,0],[-0.1,0],[-0.12,0.29],[0,0],[0,0],[-0.37,0.07],[0,0],[0.05,0.4],[11.61,4.58],[0.17,-0.36],[5.03,1.98],[-0.06,0.17],[0.37,0.14],[0.51,-0.42],[-0.24,-0.32],[0,0],[0,0]],"o":[[0.22,0.31],[0,0],[0,0],[-0.15,0.39],[0,0],[0.09,0.04],[0.3,0],[0,0],[0,0],[0.12,0.36],[0,0],[0.39,-0.08],[-0.09,-0.66],[-0.37,-0.15],[-0.08,0.17],[-4.99,-1.97],[0.12,-0.38],[-11.61,-4.58],[-0.31,0.25],[0,0],[0,0],[0,0]],"v":[[35.72,16.88],[36.7,17.09],[39.55,15.49],[29.17,41.79],[29.59,42.76],[54.84,52.72],[55.12,52.77],[55.82,52.3],[66.2,26],[67.19,29.11],[68.05,29.62],[79.01,27.48],[79.61,26.64],[65.67,5.97],[64.71,6.35],[57.71,8.47],[54.05,2.15],[53.61,1.22],[29.32,6.8],[29.19,7.82],[35.73,16.87],[35.72,16.88]]}],"t":60},{"o":{"x":0.32,"y":0},"i":{"x":0.67,"y":0},"s":[{"c":true,"i":[[0,0],[-0.34,0.19],[0,0],[0,0],[-0.38,-0.15],[0,0],[-0.1,0],[-0.12,0.29],[0,0],[0,0],[-0.37,0.07],[0,0],[0.05,0.4],[11.61,4.58],[0.17,-0.36],[5.03,1.98],[-0.06,0.17],[0.37,0.14],[0.51,-0.42],[-0.24,-0.32],[0,0],[0,0]],"o":[[0.22,0.31],[0,0],[0,0],[-0.15,0.39],[0,0],[0.09,0.04],[0.3,0],[0,0],[0,0],[0.12,0.36],[0,0],[0.39,-0.08],[-0.09,-0.66],[-0.37,-0.15],[-0.08,0.17],[-4.99,-1.97],[0.12,-0.38],[-11.61,-4.58],[-0.31,0.25],[0,0],[0,0],[0,0]],"v":[[35.72,16.88],[36.7,17.09],[39.55,15.49],[29.17,41.79],[29.59,42.76],[54.84,52.72],[55.12,52.77],[55.82,52.3],[66.2,26],[67.19,29.11],[68.05,29.62],[79.01,27.48],[79.61,26.64],[65.67,5.97],[64.71,6.35],[57.71,8.47],[54.05,2.15],[53.61,1.22],[29.32,6.8],[29.19,7.82],[35.73,16.87],[35.72,16.88]]}],"t":72},{"s":[{"c":true,"i":[[0,0],[-0.34,0.19],[0,0],[0,0],[-0.38,-0.15],[0,0],[-0.1,0],[-0.12,0.29],[0,0],[0,0],[-0.37,0.07],[0,0],[0.05,0.4],[11.61,4.58],[0.17,-0.36],[5.03,1.98],[-0.06,0.17],[0.37,0.14],[0.51,-0.42],[-0.24,-0.32],[0,0],[0,0]],"o":[[0.22,0.31],[0,0],[0,0],[-0.15,0.39],[0,0],[0.09,0.04],[0.3,0],[0,0],[0,0],[0.12,0.36],[0,0],[0.39,-0.08],[-0.09,-0.66],[-0.37,-0.15],[-0.08,0.17],[-4.99,-1.97],[0.12,-0.38],[-11.61,-4.58],[-0.31,0.25],[0,0],[0,0],[0,0]],"v":[[35.72,16.88],[36.7,17.09],[39.55,15.49],[29.17,41.79],[29.59,42.76],[54.84,52.72],[55.12,52.77],[55.82,52.3],[66.2,26],[67.19,29.11],[68.05,29.62],[79.01,27.48],[79.61,26.64],[65.67,5.97],[64.71,6.35],[57.71,8.47],[54.05,2.15],[53.61,1.22],[29.32,6.8],[29.19,7.82],[35.73,16.87],[35.72,16.88]]}],"t":84}]}},{"ty":"sh","bm":0,"hd":false,"nm":"","d":1,"ks":{"a":1,"k":[{"o":{"x":0.32,"y":0},"i":{"x":0.67,"y":0},"s":[{"c":true,"i":[[0,0],[-4.97,-1.96],[-0.91,1.35],[-0.57,-2.96],[0,0],[0,0],[0.32,0.01],[0.11,-0.29],[0,0],[0,0],[0,0],[0.23,0.21],[0.28,-0.16],[0,0],[0,0],[-9.28,-3.23],[0,0]],"o":[[-0.25,1.6],[4.98,1.97],[8.98,3.98],[0,0],[0,0],[-0.1,-0.3],[-0.3,0],[0,0],[0,0],[0,0],[0.12,-0.29],[-0.24,-0.21],[0,0],[0,0],[2.44,-1.78],[0,0],[0,0]],"v":[[52.46,2.41],[57.15,9.88],[65.68,7.62],[77.98,26.15],[68.4,28.02],[66.98,23.54],[66.29,23.02],[65.57,23.49],[54.69,51.06],[30.83,41.65],[41.71,14.08],[41.51,13.24],[40.65,13.15],[36.55,15.45],[30.83,7.54],[52.47,2.4],[52.46,2.41]]}],"t":0},{"o":{"x":0.32,"y":0},"i":{"x":0.67,"y":0},"s":[{"c":true,"i":[[0,0],[-4.97,-1.96],[-0.91,1.35],[-0.57,-2.96],[0,0],[0,0],[0.32,0.01],[0.11,-0.29],[0,0],[0,0],[0,0],[0.23,0.21],[0.28,-0.16],[0,0],[0,0],[-9.28,-3.23],[0,0]],"o":[[-0.25,1.6],[4.98,1.97],[8.98,3.98],[0,0],[0,0],[-0.1,-0.3],[-0.3,0],[0,0],[0,0],[0,0],[0.12,-0.29],[-0.24,-0.21],[0,0],[0,0],[2.44,-1.78],[0,0],[0,0]],"v":[[52.46,2.41],[57.15,9.88],[65.68,7.62],[77.98,26.15],[68.4,28.02],[66.98,23.54],[66.29,23.02],[65.57,23.49],[54.69,51.06],[30.83,41.65],[41.71,14.08],[41.51,13.24],[40.65,13.15],[36.55,15.45],[30.83,7.54],[52.47,2.4],[52.46,2.41]]}],"t":12},{"o":{"x":0.32,"y":0},"i":{"x":0.67,"y":0},"s":[{"c":true,"i":[[0,0],[-4.97,-1.96],[-0.91,1.35],[-0.57,-2.96],[0,0],[0,0],[0.32,0.01],[0.11,-0.29],[0,0],[0,0],[0,0],[0.23,0.21],[0.28,-0.16],[0,0],[0,0],[-9.28,-3.23],[0,0]],"o":[[-0.25,1.6],[4.98,1.97],[8.98,3.98],[0,0],[0,0],[-0.1,-0.3],[-0.3,0],[0,0],[0,0],[0,0],[0.12,-0.29],[-0.24,-0.21],[0,0],[0,0],[2.44,-1.78],[0,0],[0,0]],"v":[[52.46,2.41],[57.15,9.88],[65.68,7.62],[77.98,26.15],[68.4,28.02],[66.98,23.54],[66.29,23.02],[65.57,23.49],[54.69,51.06],[30.83,41.65],[41.71,14.08],[41.51,13.24],[40.65,13.15],[36.55,15.45],[30.83,7.54],[52.47,2.4],[52.46,2.41]]}],"t":60},{"o":{"x":0.32,"y":0},"i":{"x":0.67,"y":0},"s":[{"c":true,"i":[[0,0],[-4.97,-1.96],[-0.91,1.35],[-0.57,-2.96],[0,0],[0,0],[0.32,0.01],[0.11,-0.29],[0,0],[0,0],[0,0],[0.23,0.21],[0.28,-0.16],[0,0],[0,0],[-9.28,-3.23],[0,0]],"o":[[-0.25,1.6],[4.98,1.97],[8.98,3.98],[0,0],[0,0],[-0.1,-0.3],[-0.3,0],[0,0],[0,0],[0,0],[0.12,-0.29],[-0.24,-0.21],[0,0],[0,0],[2.44,-1.78],[0,0],[0,0]],"v":[[52.46,2.41],[57.15,9.88],[65.68,7.62],[77.98,26.15],[68.4,28.02],[66.98,23.54],[66.29,23.02],[65.57,23.49],[54.69,51.06],[30.83,41.65],[41.71,14.08],[41.51,13.24],[40.65,13.15],[36.55,15.45],[30.83,7.54],[52.47,2.4],[52.46,2.41]]}],"t":72},{"s":[{"c":true,"i":[[0,0],[-4.97,-1.96],[-0.91,1.35],[-0.57,-2.96],[0,0],[0,0],[0.32,0.01],[0.11,-0.29],[0,0],[0,0],[0,0],[0.23,0.21],[0.28,-0.16],[0,0],[0,0],[-9.28,-3.23],[0,0]],"o":[[-0.25,1.6],[4.98,1.97],[8.98,3.98],[0,0],[0,0],[-0.1,-0.3],[-0.3,0],[0,0],[0,0],[0,0],[0.12,-0.29],[-0.24,-0.21],[0,0],[0,0],[2.44,-1.78],[0,0],[0,0]],"v":[[52.46,2.41],[57.15,9.88],[65.68,7.62],[77.98,26.15],[68.4,28.02],[66.98,23.54],[66.29,23.02],[65.57,23.49],[54.69,51.06],[30.83,41.65],[41.71,14.08],[41.51,13.24],[40.65,13.15],[36.55,15.45],[30.83,7.54],[52.47,2.4],[52.46,2.41]]}],"t":84}]}},{"ty":"sh","bm":0,"hd":false,"nm":"","d":1,"ks":{"a":1,"k":[{"o":{"x":0.32,"y":0},"i":{"x":0.67,"y":0},"s":[{"c":true,"i":[[0,0],[1.65,-0.89],[0.76,-0.09],[5.95,0],[0,-0.41],[-0.41,0],[-0.45,-5.42],[0.66,0.36],[1.89,0],[0,-6.3],[-2.55,-5.07],[-5.91,0],[-1.37,0.64],[-1.52,0],[0,4.3],[6.3,0],[0,0]],"o":[[-1.89,0],[-0.69,0.37],[-0.47,-6.2],[-0.41,0],[0,0.41],[5.18,0],[-0.72,-0.1],[-1.65,-0.89],[-6.3,0],[0,2.16],[2.23,4.43],[1.52,0],[1.37,0.65],[9.99,0],[0,-6.3],[0,0],[0,0]],"v":[[44.05,153.56],[38.64,154.92],[36.45,155.61],[25.47,144.86],[24.72,145.61],[25.47,146.36],[34.95,155.6],[32.86,154.92],[27.45,153.56],[16.03,164.98],[19.77,177.76],[31.8,187.47],[36.15,186.5],[40.5,187.47],[55.48,164.98],[44.06,153.56],[44.05,153.56]]}],"t":0},{"o":{"x":0.32,"y":0},"i":{"x":0.67,"y":0},"s":[{"c":true,"i":[[0,0],[1.65,-0.89],[0.76,-0.09],[5.95,0],[0,-0.41],[-0.41,0],[-0.45,-5.42],[0.66,0.36],[1.89,0],[0,-6.3],[-2.55,-5.07],[-5.91,0],[-1.37,0.64],[-1.52,0],[0,4.3],[6.3,0],[0,0]],"o":[[-1.89,0],[-0.69,0.37],[-0.47,-6.2],[-0.41,0],[0,0.41],[5.18,0],[-0.72,-0.1],[-1.65,-0.89],[-6.3,0],[0,2.16],[2.23,4.43],[1.52,0],[1.37,0.65],[9.99,0],[0,-6.3],[0,0],[0,0]],"v":[[44.05,153.56],[38.64,154.92],[36.45,155.61],[25.47,144.86],[24.72,145.61],[25.47,146.36],[34.95,155.6],[32.86,154.92],[27.45,153.56],[16.03,164.98],[19.77,177.76],[31.8,187.47],[36.15,186.5],[40.5,187.47],[55.48,164.98],[44.06,153.56],[44.05,153.56]]}],"t":12},{"o":{"x":0.32,"y":0},"i":{"x":0.67,"y":0},"s":[{"c":true,"i":[[0,0],[1.65,-0.89],[0.76,-0.09],[5.95,0],[0,-0.41],[-0.41,0],[-0.45,-5.42],[0.66,0.36],[1.89,0],[0,-6.3],[-2.55,-5.07],[-5.91,0],[-1.37,0.64],[-1.52,0],[0,4.3],[6.3,0],[0,0]],"o":[[-1.89,0],[-0.69,0.37],[-0.47,-6.2],[-0.41,0],[0,0.41],[5.18,0],[-0.72,-0.1],[-1.65,-0.89],[-6.3,0],[0,2.16],[2.23,4.43],[1.52,0],[1.37,0.65],[9.99,0],[0,-6.3],[0,0],[0,0]],"v":[[44.05,153.56],[38.64,154.92],[36.45,155.61],[25.47,144.86],[24.72,145.61],[25.47,146.36],[34.95,155.6],[32.86,154.92],[27.45,153.56],[16.03,164.98],[19.77,177.76],[31.8,187.47],[36.15,186.5],[40.5,187.47],[55.48,164.98],[44.06,153.56],[44.05,153.56]]}],"t":60},{"o":{"x":0.32,"y":0},"i":{"x":0.67,"y":0},"s":[{"c":true,"i":[[0,0],[1.65,-0.89],[0.76,-0.09],[5.95,0],[0,-0.41],[-0.41,0],[-0.45,-5.42],[0.66,0.36],[1.89,0],[0,-6.3],[-2.55,-5.07],[-5.91,0],[-1.37,0.64],[-1.52,0],[0,4.3],[6.3,0],[0,0]],"o":[[-1.89,0],[-0.69,0.37],[-0.47,-6.2],[-0.41,0],[0,0.41],[5.18,0],[-0.72,-0.1],[-1.65,-0.89],[-6.3,0],[0,2.16],[2.23,4.43],[1.52,0],[1.37,0.65],[9.99,0],[0,-6.3],[0,0],[0,0]],"v":[[44.05,153.56],[38.64,154.92],[36.45,155.61],[25.47,144.86],[24.72,145.61],[25.47,146.36],[34.95,155.6],[32.86,154.92],[27.45,153.56],[16.03,164.98],[19.77,177.76],[31.8,187.47],[36.15,186.5],[40.5,187.47],[55.48,164.98],[44.06,153.56],[44.05,153.56]]}],"t":72},{"s":[{"c":true,"i":[[0,0],[1.65,-0.89],[0.76,-0.09],[5.95,0],[0,-0.41],[-0.41,0],[-0.45,-5.42],[0.66,0.36],[1.89,0],[0,-6.3],[-2.55,-5.07],[-5.91,0],[-1.37,0.64],[-1.52,0],[0,4.3],[6.3,0],[0,0]],"o":[[-1.89,0],[-0.69,0.37],[-0.47,-6.2],[-0.41,0],[0,0.41],[5.18,0],[-0.72,-0.1],[-1.65,-0.89],[-6.3,0],[0,2.16],[2.23,4.43],[1.52,0],[1.37,0.65],[9.99,0],[0,-6.3],[0,0],[0,0]],"v":[[44.05,153.56],[38.64,154.92],[36.45,155.61],[25.47,144.86],[24.72,145.61],[25.47,146.36],[34.95,155.6],[32.86,154.92],[27.45,153.56],[16.03,164.98],[19.77,177.76],[31.8,187.47],[36.15,186.5],[40.5,187.47],[55.48,164.98],[44.06,153.56],[44.05,153.56]]}],"t":84}]}},{"ty":"sh","bm":0,"hd":false,"nm":"","d":1,"ks":{"a":1,"k":[{"o":{"x":0.32,"y":0},"i":{"x":0.67,"y":0},"s":[{"c":true,"i":[[0,0],[1.25,0.65],[0.11,0],[0.1,-0.05],[1.4,0],[0,4.01],[-5.47,0],[-1.44,-0.77],[-1.04,-0.08],[-0.24,0],[-0.14,0.18],[-0.95,0.51],[-1.64,0],[0,-5.47],[8.96,0],[0,0]],"o":[[-1.4,0],[-0.11,-0.06],[-0.11,0],[-1.25,0.65],[-9.51,0],[0,-5.47],[1.64,0],[0.95,0.51],[0.14,0.18],[0.24,0],[1.04,-0.08],[1.43,-0.77],[5.47,0],[0,3.54],[0,0],[0,0]],"v":[[40.49,185.97],[36.49,184.99],[36.15,184.91],[35.81,184.99],[31.81,185.97],[17.54,164.98],[27.46,155.06],[32.16,156.24],[35.17,157.12],[35.76,157.43],[36.35,157.12],[39.36,156.24],[44.06,155.06],[53.98,164.98],[40.5,185.97],[40.49,185.97]]}],"t":0},{"o":{"x":0.32,"y":0},"i":{"x":0.67,"y":0},"s":[{"c":true,"i":[[0,0],[1.25,0.65],[0.11,0],[0.1,-0.05],[1.4,0],[0,4.01],[-5.47,0],[-1.44,-0.77],[-1.04,-0.08],[-0.24,0],[-0.14,0.18],[-0.95,0.51],[-1.64,0],[0,-5.47],[8.96,0],[0,0]],"o":[[-1.4,0],[-0.11,-0.06],[-0.11,0],[-1.25,0.65],[-9.51,0],[0,-5.47],[1.64,0],[0.95,0.51],[0.14,0.18],[0.24,0],[1.04,-0.08],[1.43,-0.77],[5.47,0],[0,3.54],[0,0],[0,0]],"v":[[40.49,185.97],[36.49,184.99],[36.15,184.91],[35.81,184.99],[31.81,185.97],[17.54,164.98],[27.46,155.06],[32.16,156.24],[35.17,157.12],[35.76,157.43],[36.35,157.12],[39.36,156.24],[44.06,155.06],[53.98,164.98],[40.5,185.97],[40.49,185.97]]}],"t":12},{"o":{"x":0.32,"y":0},"i":{"x":0.67,"y":0},"s":[{"c":true,"i":[[0,0],[1.25,0.65],[0.11,0],[0.1,-0.05],[1.4,0],[0,4.01],[-5.47,0],[-1.44,-0.77],[-1.04,-0.08],[-0.24,0],[-0.14,0.18],[-0.95,0.51],[-1.64,0],[0,-5.47],[8.96,0],[0,0]],"o":[[-1.4,0],[-0.11,-0.06],[-0.11,0],[-1.25,0.65],[-9.51,0],[0,-5.47],[1.64,0],[0.95,0.51],[0.14,0.18],[0.24,0],[1.04,-0.08],[1.43,-0.77],[5.47,0],[0,3.54],[0,0],[0,0]],"v":[[40.49,185.97],[36.49,184.99],[36.15,184.91],[35.81,184.99],[31.81,185.97],[17.54,164.98],[27.46,155.06],[32.16,156.24],[35.17,157.12],[35.76,157.43],[36.35,157.12],[39.36,156.24],[44.06,155.06],[53.98,164.98],[40.5,185.97],[40.49,185.97]]}],"t":60},{"o":{"x":0.32,"y":0},"i":{"x":0.67,"y":0},"s":[{"c":true,"i":[[0,0],[1.25,0.65],[0.11,0],[0.1,-0.05],[1.4,0],[0,4.01],[-5.47,0],[-1.44,-0.77],[-1.04,-0.08],[-0.24,0],[-0.14,0.18],[-0.95,0.51],[-1.64,0],[0,-5.47],[8.96,0],[0,0]],"o":[[-1.4,0],[-0.11,-0.06],[-0.11,0],[-1.25,0.65],[-9.51,0],[0,-5.47],[1.64,0],[0.95,0.51],[0.14,0.18],[0.24,0],[1.04,-0.08],[1.43,-0.77],[5.47,0],[0,3.54],[0,0],[0,0]],"v":[[40.49,185.97],[36.49,184.99],[36.15,184.91],[35.81,184.99],[31.81,185.97],[17.54,164.98],[27.46,155.06],[32.16,156.24],[35.17,157.12],[35.76,157.43],[36.35,157.12],[39.36,156.24],[44.06,155.06],[53.98,164.98],[40.5,185.97],[40.49,185.97]]}],"t":72},{"s":[{"c":true,"i":[[0,0],[1.25,0.65],[0.11,0],[0.1,-0.05],[1.4,0],[0,4.01],[-5.47,0],[-1.44,-0.77],[-1.04,-0.08],[-0.24,0],[-0.14,0.18],[-0.95,0.51],[-1.64,0],[0,-5.47],[8.96,0],[0,0]],"o":[[-1.4,0],[-0.11,-0.06],[-0.11,0],[-1.25,0.65],[-9.51,0],[0,-5.47],[1.64,0],[0.95,0.51],[0.14,0.18],[0.24,0],[1.04,-0.08],[1.43,-0.77],[5.47,0],[0,3.54],[0,0],[0,0]],"v":[[40.49,185.97],[36.49,184.99],[36.15,184.91],[35.81,184.99],[31.81,185.97],[17.54,164.98],[27.46,155.06],[32.16,156.24],[35.17,157.12],[35.76,157.43],[36.35,157.12],[39.36,156.24],[44.06,155.06],[53.98,164.98],[40.5,185.97],[40.49,185.97]]}],"t":84}]}},{"ty":"sh","bm":0,"hd":false,"nm":"","d":1,"ks":{"a":1,"k":[{"o":{"x":0.32,"y":0},"i":{"x":0.67,"y":0},"s":[{"c":true,"i":[[0,0],[0.5,-0.17],[0.92,-0.01],[1.47,-1.47],[0.09,-1.21],[-0.52,-0.53],[-1.6,0],[-1.34,1],[-0.04,0.21],[0.24,0.16],[0.25,-0.14],[0,0]],"o":[[-0.91,0.5],[-0.79,0.27],[-1.57,0],[-0.88,0.88],[-0.08,1.06],[0.69,0.69],[1.12,0],[4.25,-3.19],[0.04,-0.28],[-0.23,-0.16],[0,0],[0,0]],"v":[[47.24,141.01],[44.2,142.54],[41.61,142.82],[36.79,144.31],[35.28,147.55],[36,150.12],[39.57,151.56],[43.3,150.19],[48.34,141.79],[48.02,141.07],[47.23,141.03],[47.24,141.01]]}],"t":0},{"o":{"x":0.32,"y":0},"i":{"x":0.67,"y":0},"s":[{"c":true,"i":[[0,0],[0.5,-0.17],[0.92,-0.01],[1.47,-1.47],[0.09,-1.21],[-0.52,-0.53],[-1.6,0],[-1.34,1],[-0.04,0.21],[0.24,0.16],[0.25,-0.14],[0,0]],"o":[[-0.91,0.5],[-0.79,0.27],[-1.57,0],[-0.88,0.88],[-0.08,1.06],[0.69,0.69],[1.12,0],[4.25,-3.19],[0.04,-0.28],[-0.23,-0.16],[0,0],[0,0]],"v":[[47.24,141.01],[44.2,142.54],[41.61,142.82],[36.79,144.31],[35.28,147.55],[36,150.12],[39.57,151.56],[43.3,150.19],[48.34,141.79],[48.02,141.07],[47.23,141.03],[47.24,141.01]]}],"t":12},{"o":{"x":0.32,"y":0},"i":{"x":0.67,"y":0},"s":[{"c":true,"i":[[0,0],[0.5,-0.17],[0.92,-0.01],[1.47,-1.47],[0.09,-1.21],[-0.52,-0.53],[-1.6,0],[-1.34,1],[-0.04,0.21],[0.24,0.16],[0.25,-0.14],[0,0]],"o":[[-0.91,0.5],[-0.79,0.27],[-1.57,0],[-0.88,0.88],[-0.08,1.06],[0.69,0.69],[1.12,0],[4.25,-3.19],[0.04,-0.28],[-0.23,-0.16],[0,0],[0,0]],"v":[[47.24,141.01],[44.2,142.54],[41.61,142.82],[36.79,144.31],[35.28,147.55],[36,150.12],[39.57,151.56],[43.3,150.19],[48.34,141.79],[48.02,141.07],[47.23,141.03],[47.24,141.01]]}],"t":60},{"o":{"x":0.32,"y":0},"i":{"x":0.67,"y":0},"s":[{"c":true,"i":[[0,0],[0.5,-0.17],[0.92,-0.01],[1.47,-1.47],[0.09,-1.21],[-0.52,-0.53],[-1.6,0],[-1.34,1],[-0.04,0.21],[0.24,0.16],[0.25,-0.14],[0,0]],"o":[[-0.91,0.5],[-0.79,0.27],[-1.57,0],[-0.88,0.88],[-0.08,1.06],[0.69,0.69],[1.12,0],[4.25,-3.19],[0.04,-0.28],[-0.23,-0.16],[0,0],[0,0]],"v":[[47.24,141.01],[44.2,142.54],[41.61,142.82],[36.79,144.31],[35.28,147.55],[36,150.12],[39.57,151.56],[43.3,150.19],[48.34,141.79],[48.02,141.07],[47.23,141.03],[47.24,141.01]]}],"t":72},{"s":[{"c":true,"i":[[0,0],[0.5,-0.17],[0.92,-0.01],[1.47,-1.47],[0.09,-1.21],[-0.52,-0.53],[-1.6,0],[-1.34,1],[-0.04,0.21],[0.24,0.16],[0.25,-0.14],[0,0]],"o":[[-0.91,0.5],[-0.79,0.27],[-1.57,0],[-0.88,0.88],[-0.08,1.06],[0.69,0.69],[1.12,0],[4.25,-3.19],[0.04,-0.28],[-0.23,-0.16],[0,0],[0,0]],"v":[[47.24,141.01],[44.2,142.54],[41.61,142.82],[36.79,144.31],[35.28,147.55],[36,150.12],[39.57,151.56],[43.3,150.19],[48.34,141.79],[48.02,141.07],[47.23,141.03],[47.24,141.01]]}],"t":84}]}},{"ty":"sh","bm":0,"hd":false,"nm":"","d":1,"ks":{"a":1,"k":[{"o":{"x":0.32,"y":0},"i":{"x":0.67,"y":0},"s":[{"c":true,"i":[[0,0],[0.23,0.23],[-0.06,0.78],[-0.85,0.85],[-1.47,0.01],[-1.02,0.34],[-0.67,0.35],[2.36,-1.77],[0,0]],"o":[[-3.01,2.25],[-0.12,-0.12],[0.04,-0.49],[1.03,-1.03],[1,0],[0.38,-0.13],[-0.53,1.59],[0,0],[0,0]],"v":[[42.41,148.97],[37.07,149.04],[36.79,147.65],[37.87,145.36],[41.64,144.31],[44.69,143.96],[46.46,143.13],[42.42,148.97],[42.41,148.97]]}],"t":0},{"o":{"x":0.32,"y":0},"i":{"x":0.67,"y":0},"s":[{"c":true,"i":[[0,0],[0.23,0.23],[-0.06,0.78],[-0.85,0.85],[-1.47,0.01],[-1.02,0.34],[-0.67,0.35],[2.36,-1.77],[0,0]],"o":[[-3.01,2.25],[-0.12,-0.12],[0.04,-0.49],[1.03,-1.03],[1,0],[0.38,-0.13],[-0.53,1.59],[0,0],[0,0]],"v":[[42.41,148.97],[37.07,149.04],[36.79,147.65],[37.87,145.36],[41.64,144.31],[44.69,143.96],[46.46,143.13],[42.42,148.97],[42.41,148.97]]}],"t":12},{"o":{"x":0.32,"y":0},"i":{"x":0.67,"y":0},"s":[{"c":true,"i":[[0,0],[0.23,0.23],[-0.06,0.78],[-0.85,0.85],[-1.47,0.01],[-1.02,0.34],[-0.67,0.35],[2.36,-1.77],[0,0]],"o":[[-3.01,2.25],[-0.12,-0.12],[0.04,-0.49],[1.03,-1.03],[1,0],[0.38,-0.13],[-0.53,1.59],[0,0],[0,0]],"v":[[42.41,148.97],[37.07,149.04],[36.79,147.65],[37.87,145.36],[41.64,144.31],[44.69,143.96],[46.46,143.13],[42.42,148.97],[42.41,148.97]]}],"t":60},{"o":{"x":0.32,"y":0},"i":{"x":0.67,"y":0},"s":[{"c":true,"i":[[0,0],[0.23,0.23],[-0.06,0.78],[-0.85,0.85],[-1.47,0.01],[-1.02,0.34],[-0.67,0.35],[2.36,-1.77],[0,0]],"o":[[-3.01,2.25],[-0.12,-0.12],[0.04,-0.49],[1.03,-1.03],[1,0],[0.38,-0.13],[-0.53,1.59],[0,0],[0,0]],"v":[[42.41,148.97],[37.07,149.04],[36.79,147.65],[37.87,145.36],[41.64,144.31],[44.69,143.96],[46.46,143.13],[42.42,148.97],[42.41,148.97]]}],"t":72},{"s":[{"c":true,"i":[[0,0],[0.23,0.23],[-0.06,0.78],[-0.85,0.85],[-1.47,0.01],[-1.02,0.34],[-0.67,0.35],[2.36,-1.77],[0,0]],"o":[[-3.01,2.25],[-0.12,-0.12],[0.04,-0.49],[1.03,-1.03],[1,0],[0.38,-0.13],[-0.53,1.59],[0,0],[0,0]],"v":[[42.41,148.97],[37.07,149.04],[36.79,147.65],[37.87,145.36],[41.64,144.31],[44.69,143.96],[46.46,143.13],[42.42,148.97],[42.41,148.97]]}],"t":84}]}},{"ty":"fl","bm":0,"hd":false,"nm":"","c":{"a":1,"k":[{"o":{"x":0.32,"y":0},"i":{"x":0.67,"y":0},"s":[0.3882,0.4471,0.4941,1],"t":0},{"o":{"x":0.32,"y":0},"i":{"x":0.67,"y":0},"s":[0.3882,0.4471,0.4941,1],"t":12},{"o":{"x":0.32,"y":0},"i":{"x":0.67,"y":0},"s":[0.3882,0.4471,0.4941,1],"t":60},{"o":{"x":0.32,"y":0},"i":{"x":0.67,"y":0},"s":[0.3882,0.4471,0.4941,1],"t":72},{"s":[0.3882,0.4471,0.4941,1],"t":84}]},"r":1,"o":{"a":1,"k":[{"o":{"x":0.32,"y":0},"i":{"x":0.67,"y":0},"s":[100],"t":0},{"o":{"x":0.32,"y":0},"i":{"x":0.67,"y":0},"s":[100],"t":12},{"o":{"x":0.32,"y":0},"i":{"x":0.67,"y":0},"s":[100],"t":60},{"o":{"x":0.32,"y":0},"i":{"x":0.67,"y":0},"s":[100],"t":72},{"s":[100],"t":84}]}}],"ind":2}]},{"nm":"[Asset] bagBase","id":"2","layers":[{"ty":4,"nm":"Vector","sr":1,"st":0,"op":85.24,"ip":0,"hd":false,"ddd":0,"bm":0,"hasMask":false,"ao":0,"ks":{"a":{"a":1,"k":[{"o":{"x":0.32,"y":0},"i":{"x":0.67,"y":0},"s":[35.24,20.1],"t":0},{"o":{"x":0.32,"y":0},"i":{"x":0.67,"y":0},"s":[35.24,18.28],"t":12},{"o":{"x":0.32,"y":0},"i":{"x":0.67,"y":0},"s":[35.24,18.28],"t":60},{"o":{"x":0.32,"y":0},"i":{"x":0.67,"y":0},"s":[39.15,16.45],"t":72},{"s":[35.24,20.1],"t":84}]},"s":{"a":1,"k":[{"o":{"x":0.32,"y":0},"i":{"x":0.67,"y":0},"s":[100,100],"t":0},{"o":{"x":0.32,"y":0},"i":{"x":0.67,"y":0},"s":[100,100],"t":12},{"o":{"x":0.32,"y":0},"i":{"x":0.67,"y":0},"s":[100,100],"t":60},{"o":{"x":0.32,"y":0},"i":{"x":0.67,"y":0},"s":[100,100],"t":72},{"s":[100,100],"t":84}]},"sk":{"a":0,"k":0},"p":{"a":1,"k":[{"o":{"x":0.32,"y":0},"i":{"x":0.67,"y":0},"s":[62.94,26.05],"t":0},{"o":{"x":0.32,"y":0},"i":{"x":0.67,"y":0},"s":[62.94,23.69],"t":12},{"o":{"x":0.32,"y":0},"i":{"x":0.67,"y":0},"s":[62.94,23.69],"t":60},{"o":{"x":0.32,"y":0},"i":{"x":0.67,"y":0},"s":[69.93,21.32],"t":72},{"s":[62.94,26.05],"t":84}]},"r":{"a":1,"k":[{"o":{"x":0.32,"y":0},"i":{"x":0.67,"y":0},"s":[0],"t":0},{"o":{"x":0.32,"y":0},"i":{"x":0.67,"y":0},"s":[0],"t":12},{"o":{"x":0.32,"y":0},"i":{"x":0.67,"y":0},"s":[0],"t":60},{"o":{"x":0.32,"y":0},"i":{"x":0.67,"y":0},"s":[0],"t":72},{"s":[0],"t":84}]},"sa":{"a":0,"k":0},"o":{"a":1,"k":[{"o":{"x":0.32,"y":0},"i":{"x":0.67,"y":0},"s":[100],"t":0},{"o":{"x":0.32,"y":0},"i":{"x":0.67,"y":0},"s":[100],"t":12},{"o":{"x":0.32,"y":0},"i":{"x":0.67,"y":0},"s":[100],"t":60},{"o":{"x":0.32,"y":0},"i":{"x":0.67,"y":0},"s":[100],"t":72},{"s":[100],"t":84}]}},"ef":[],"shapes":[{"ty":"sh","bm":0,"hd":false,"nm":"","d":1,"ks":{"a":1,"k":[{"o":{"x":0.32,"y":0},"i":{"x":0.67,"y":0},"s":[{"c":true,"i":[[0,0],[0,-2.21],[-1.98,-0.23],[16.88,0],[0.12,16.99],[0,2.01],[2.19,0],[0,-2.21],[-1.75,-0.41],[-17.73,0],[-0.06,17.85],[0,1.84],[2.19,0]],"o":[[-2.19,0],[0,2.05],[-0.13,16.98],[-16.88,0],[1.92,-0.28],[0,-2.21],[-2.19,0],[0,1.89],[0.09,17.84],[17.73,0],[1.69,-0.46],[0,-2.21],[0,0]],"v":[[66.5,0.01],[62.53,4.01],[66.05,7.96],[35.3,38.71],[4.55,7.94],[7.94,4],[3.97,0],[0,4],[3.06,7.88],[35.3,40.21],[67.54,7.85],[70.47,4.01],[66.5,0.01]]}],"t":0},{"o":{"x":0.32,"y":0},"i":{"x":0.67,"y":0},"s":[{"c":true,"i":[[0,0],[0,-2.01],[-1.98,-0.21],[16.88,0],[0.12,15.45],[0,1.83],[2.19,0],[0,-2.01],[-1.75,-0.37],[-17.73,0],[-0.06,16.23],[0,1.67],[2.19,0]],"o":[[-2.19,0],[0,1.86],[-0.13,15.44],[-16.88,0],[1.92,-0.25],[0,-2.01],[-2.19,0],[0,1.72],[0.09,16.22],[17.73,0],[1.69,-0.42],[0,-2.01],[0,0]],"v":[[66.5,0.01],[62.53,3.65],[66.05,7.24],[35.3,35.19],[4.55,7.22],[7.94,3.64],[3.97,0],[0,3.64],[3.06,7.16],[35.3,36.55],[67.54,7.14],[70.47,3.65],[66.5,0.01]]}],"t":12},{"o":{"x":0.32,"y":0},"i":{"x":0.67,"y":0},"s":[{"c":true,"i":[[0,0],[0,-2.01],[-1.98,-0.21],[16.88,0],[0.12,15.45],[0,1.83],[2.19,0],[0,-2.01],[-1.75,-0.37],[-17.73,0],[-0.06,16.23],[0,1.67],[2.19,0]],"o":[[-2.19,0],[0,1.86],[-0.13,15.44],[-16.88,0],[1.92,-0.25],[0,-2.01],[-2.19,0],[0,1.72],[0.09,16.22],[17.73,0],[1.69,-0.42],[0,-2.01],[0,0]],"v":[[66.5,0.01],[62.53,3.65],[66.05,7.24],[35.3,35.19],[4.55,7.22],[7.94,3.64],[3.97,0],[0,3.64],[3.06,7.16],[35.3,36.55],[67.54,7.14],[70.47,3.65],[66.5,0.01]]}],"t":60},{"o":{"x":0.32,"y":0},"i":{"x":0.67,"y":0},"s":[{"c":true,"i":[[0,0],[0,-1.81],[-2.19,-0.19],[18.76,0],[0.13,13.9],[0,1.64],[2.44,0],[0,-1.81],[-1.94,-0.34],[-19.7,0],[-0.07,14.6],[0,1.51],[2.44,0]],"o":[[-2.44,0],[0,1.68],[-0.14,13.89],[-18.76,0],[2.13,-0.23],[0,-1.81],[-2.44,0],[0,1.55],[0.1,14.6],[19.7,0],[1.87,-0.38],[0,-1.81],[0,0]],"v":[[73.89,0.01],[69.48,3.28],[73.39,6.51],[39.22,31.67],[5.05,6.5],[8.82,3.27],[4.41,0],[0,3.27],[3.4,6.45],[39.22,32.9],[75.04,6.42],[78.3,3.28],[73.89,0.01]]}],"t":72},{"s":[{"c":true,"i":[[0,0],[0,-2.21],[-1.98,-0.23],[16.88,0],[0.12,16.99],[0,2.01],[2.19,0],[0,-2.21],[-1.75,-0.41],[-17.73,0],[-0.06,17.85],[0,1.84],[2.19,0]],"o":[[-2.19,0],[0,2.05],[-0.13,16.98],[-16.88,0],[1.92,-0.28],[0,-2.21],[-2.19,0],[0,1.89],[0.09,17.84],[17.73,0],[1.69,-0.46],[0,-2.21],[0,0]],"v":[[66.5,0.01],[62.53,4.01],[66.05,7.96],[35.3,38.71],[4.55,7.94],[7.94,4],[3.97,0],[0,4],[3.06,7.88],[35.3,40.21],[67.54,7.85],[70.47,4.01],[66.5,0.01]]}],"t":84}]}},{"ty":"sh","bm":0,"hd":false,"nm":"","d":1,"ks":{"a":1,"k":[{"o":{"x":0.32,"y":0},"i":{"x":0.67,"y":0},"s":[{"c":true,"i":[[0,0],[-1.37,0],[0,-1.38],[1.37,0],[0,1.38]],"o":[[0,-1.38],[1.37,0],[0,1.38],[-1.37,0],[0,0]],"v":[[1.49,4.01],[3.97,1.51],[6.45,4.01],[3.97,6.51],[1.49,4.01]]}],"t":0},{"o":{"x":0.32,"y":0},"i":{"x":0.67,"y":0},"s":[{"c":true,"i":[[0,0],[-1.37,0],[0,-1.25],[1.37,0],[0,1.25]],"o":[[0,-1.25],[1.37,0],[0,1.25],[-1.37,0],[0,0]],"v":[[1.49,3.65],[3.97,1.37],[6.45,3.65],[3.97,5.92],[1.49,3.65]]}],"t":12},{"o":{"x":0.32,"y":0},"i":{"x":0.67,"y":0},"s":[{"c":true,"i":[[0,0],[-1.37,0],[0,-1.25],[1.37,0],[0,1.25]],"o":[[0,-1.25],[1.37,0],[0,1.25],[-1.37,0],[0,0]],"v":[[1.49,3.65],[3.97,1.37],[6.45,3.65],[3.97,5.92],[1.49,3.65]]}],"t":60},{"o":{"x":0.32,"y":0},"i":{"x":0.67,"y":0},"s":[{"c":true,"i":[[0,0],[-1.52,0],[0,-1.13],[1.52,0],[0,1.13]],"o":[[0,-1.13],[1.52,0],[0,1.13],[-1.52,0],[0,0]],"v":[[1.65,3.28],[4.41,1.24],[7.17,3.28],[4.41,5.33],[1.65,3.28]]}],"t":72},{"s":[{"c":true,"i":[[0,0],[-1.37,0],[0,-1.38],[1.37,0],[0,1.38]],"o":[[0,-1.38],[1.37,0],[0,1.38],[-1.37,0],[0,0]],"v":[[1.49,4.01],[3.97,1.51],[6.45,4.01],[3.97,6.51],[1.49,4.01]]}],"t":84}]}},{"ty":"sh","bm":0,"hd":false,"nm":"","d":1,"ks":{"a":1,"k":[{"o":{"x":0.32,"y":0},"i":{"x":0.67,"y":0},"s":[{"c":true,"i":[[0,0],[0,1.38],[-1.37,0],[0,-1.38],[1.37,0]],"o":[[-1.37,0],[0,-1.38],[1.37,0],[0,1.38],[0,0]],"v":[[66.5,6.51],[64.02,4.01],[66.5,1.51],[68.99,4.01],[66.5,6.51]]}],"t":0},{"o":{"x":0.32,"y":0},"i":{"x":0.67,"y":0},"s":[{"c":true,"i":[[0,0],[0,1.25],[-1.37,0],[0,-1.25],[1.37,0]],"o":[[-1.37,0],[0,-1.25],[1.37,0],[0,1.25],[0,0]],"v":[[66.5,5.92],[64.02,3.65],[66.5,1.37],[68.99,3.65],[66.5,5.92]]}],"t":12},{"o":{"x":0.32,"y":0},"i":{"x":0.67,"y":0},"s":[{"c":true,"i":[[0,0],[0,1.25],[-1.37,0],[0,-1.25],[1.37,0]],"o":[[-1.37,0],[0,-1.25],[1.37,0],[0,1.25],[0,0]],"v":[[66.5,5.92],[64.02,3.65],[66.5,1.37],[68.99,3.65],[66.5,5.92]]}],"t":60},{"o":{"x":0.32,"y":0},"i":{"x":0.67,"y":0},"s":[{"c":true,"i":[[0,0],[0,1.13],[-1.52,0],[0,-1.13],[1.52,0]],"o":[[-1.52,0],[0,-1.13],[1.52,0],[0,1.13],[0,0]],"v":[[73.89,5.33],[71.14,3.28],[73.89,1.24],[76.65,3.28],[73.89,5.33]]}],"t":72},{"s":[{"c":true,"i":[[0,0],[0,1.38],[-1.37,0],[0,-1.38],[1.37,0]],"o":[[-1.37,0],[0,-1.38],[1.37,0],[0,1.38],[0,0]],"v":[[66.5,6.51],[64.02,4.01],[66.5,1.51],[68.99,4.01],[66.5,6.51]]}],"t":84}]}},{"ty":"fl","bm":0,"hd":false,"nm":"","c":{"a":1,"k":[{"o":{"x":0.32,"y":0},"i":{"x":0.67,"y":0},"s":[0.3882,0.4471,0.4941,1],"t":0},{"o":{"x":0.32,"y":0},"i":{"x":0.67,"y":0},"s":[0.3882,0.4471,0.4941,1],"t":12},{"o":{"x":0.32,"y":0},"i":{"x":0.67,"y":0},"s":[0.3882,0.4471,0.4941,1],"t":60},{"o":{"x":0.32,"y":0},"i":{"x":0.67,"y":0},"s":[0.3882,0.4471,0.4941,1],"t":72},{"s":[0.3882,0.4471,0.4941,1],"t":84}]},"r":1,"o":{"a":1,"k":[{"o":{"x":0.32,"y":0},"i":{"x":0.67,"y":0},"s":[100],"t":0},{"o":{"x":0.32,"y":0},"i":{"x":0.67,"y":0},"s":[100],"t":12},{"o":{"x":0.32,"y":0},"i":{"x":0.67,"y":0},"s":[100],"t":60},{"o":{"x":0.32,"y":0},"i":{"x":0.67,"y":0},"s":[100],"t":72},{"s":[100],"t":84}]}}],"ind":1},{"ty":4,"nm":"Vector","sr":1,"st":0,"op":85.24,"ip":0,"hd":false,"ddd":0,"bm":0,"hasMask":false,"ao":0,"ks":{"a":{"a":1,"k":[{"o":{"x":0.32,"y":0},"i":{"x":0.67,"y":0},"s":[63,55],"t":0},{"o":{"x":0.32,"y":0},"i":{"x":0.67,"y":0},"s":[63,50],"t":12},{"o":{"x":0.32,"y":0},"i":{"x":0.67,"y":0},"s":[63,50],"t":60},{"o":{"x":0.32,"y":0},"i":{"x":0.67,"y":0},"s":[70,45],"t":72},{"s":[63,55],"t":84}]},"s":{"a":1,"k":[{"o":{"x":0.32,"y":0},"i":{"x":0.67,"y":0},"s":[100,100],"t":0},{"o":{"x":0.32,"y":0},"i":{"x":0.67,"y":0},"s":[100,100],"t":12},{"o":{"x":0.32,"y":0},"i":{"x":0.67,"y":0},"s":[100,100],"t":60},{"o":{"x":0.32,"y":0},"i":{"x":0.67,"y":0},"s":[100,100],"t":72},{"s":[100,100],"t":84}]},"sk":{"a":0,"k":0},"p":{"a":1,"k":[{"o":{"x":0.32,"y":0},"i":{"x":0.67,"y":0},"s":[63,55],"t":0},{"o":{"x":0.32,"y":0},"i":{"x":0.67,"y":0},"s":[63,50],"t":12},{"o":{"x":0.32,"y":0},"i":{"x":0.67,"y":0},"s":[63,50],"t":60},{"o":{"x":0.32,"y":0},"i":{"x":0.67,"y":0},"s":[70,45],"t":72},{"s":[63,55],"t":84}]},"r":{"a":1,"k":[{"o":{"x":0.32,"y":0},"i":{"x":0.67,"y":0},"s":[0],"t":0},{"o":{"x":0.32,"y":0},"i":{"x":0.67,"y":0},"s":[0],"t":12},{"o":{"x":0.32,"y":0},"i":{"x":0.67,"y":0},"s":[0],"t":60},{"o":{"x":0.32,"y":0},"i":{"x":0.67,"y":0},"s":[0],"t":72},{"s":[0],"t":84}]},"sa":{"a":0,"k":0},"o":{"a":1,"k":[{"o":{"x":0.32,"y":0},"i":{"x":0.67,"y":0},"s":[100],"t":0},{"o":{"x":0.32,"y":0},"i":{"x":0.67,"y":0},"s":[100],"t":12},{"o":{"x":0.32,"y":0},"i":{"x":0.67,"y":0},"s":[100],"t":60},{"o":{"x":0.32,"y":0},"i":{"x":0.67,"y":0},"s":[100],"t":72},{"s":[100],"t":84}]}},"ef":[],"shapes":[{"ty":"sh","bm":0,"hd":false,"nm":"","d":1,"ks":{"a":1,"k":[{"o":{"x":0.32,"y":0},"i":{"x":0.67,"y":0},"s":[{"c":true,"i":[[0,0],[0,0],[0,0],[0,0],[0,0]],"o":[[0,0],[0,0],[0,0],[0,0],[0,0]],"v":[[2.72,0],[0,110],[126,110],[123.29,0],[2.72,0]]}],"t":0},{"o":{"x":0.32,"y":0},"i":{"x":0.67,"y":0},"s":[{"c":true,"i":[[0,0],[0,0],[0,0],[0,0],[0,0]],"o":[[0,0],[0,0],[0,0],[0,0],[0,0]],"v":[[2.72,0],[0,100],[126,100],[123.29,0],[2.72,0]]}],"t":12},{"o":{"x":0.32,"y":0},"i":{"x":0.67,"y":0},"s":[{"c":true,"i":[[0,0],[0,0],[0,0],[0,0],[0,0]],"o":[[0,0],[0,0],[0,0],[0,0],[0,0]],"v":[[2.72,0],[0,100],[126,100],[123.29,0],[2.72,0]]}],"t":60},{"o":{"x":0.32,"y":0},"i":{"x":0.67,"y":0},"s":[{"c":true,"i":[[0,0],[0,0],[0,0],[0,0],[0,0]],"o":[[0,0],[0,0],[0,0],[0,0],[0,0]],"v":[[3.02,0],[0,90],[140,90],[136.99,0],[3.02,0]]}],"t":72},{"s":[{"c":true,"i":[[0,0],[0,0],[0,0],[0,0],[0,0]],"o":[[0,0],[0,0],[0,0],[0,0],[0,0]],"v":[[2.72,0],[0,110],[126,110],[123.29,0],[2.72,0]]}],"t":84}]}},{"ty":"fl","bm":0,"hd":false,"nm":"","c":{"a":1,"k":[{"o":{"x":0.32,"y":0},"i":{"x":0.67,"y":0},"s":[0.6436,0.9164,0.6436,1],"t":0},{"o":{"x":0.32,"y":0},"i":{"x":0.67,"y":0},"s":[0.6436,0.9164,0.6436,1],"t":12},{"o":{"x":0.32,"y":0},"i":{"x":0.67,"y":0},"s":[0.6436,0.9164,0.6436,1],"t":60},{"o":{"x":0.32,"y":0},"i":{"x":0.67,"y":0},"s":[0.6436,0.9164,0.6436,1],"t":72},{"s":[0.6436,0.9164,0.6436,1],"t":84}]},"r":1,"o":{"a":1,"k":[{"o":{"x":0.32,"y":0},"i":{"x":0.67,"y":0},"s":[100],"t":0},{"o":{"x":0.32,"y":0},"i":{"x":0.67,"y":0},"s":[100],"t":12},{"o":{"x":0.32,"y":0},"i":{"x":0.67,"y":0},"s":[100],"t":60},{"o":{"x":0.32,"y":0},"i":{"x":0.67,"y":0},"s":[100],"t":72},{"s":[100],"t":84}]}}],"ind":2}]}]}