{"v":"5.4.1","fr":60,"ip":0,"op":58,"w":1847,"h":1042,"nm":"Wallet Animation","ddd":0,"assets":[],"layers":[{"ddd":0,"ind":1,"ty":1,"nm":"Mask","td":1,"sr":1,"ks":{"o":{"a":0,"k":100,"ix":11},"r":{"a":0,"k":0,"ix":10},"p":{"a":0,"k":[923.5,307.5,0],"ix":2},"a":{"a":0,"k":[923.5,734.5,0],"ix":1},"s":{"a":0,"k":[100,100,100],"ix":6}},"ao":0,"hasMask":true,"masksProperties":[{"inv":false,"mode":"a","pt":{"a":0,"k":{"i":[[0,0],[0,0],[0,0],[0,0]],"o":[[0,0],[0,0],[0,0],[0,0]],"v":[[1886.661,-24.834],[-32.699,-29.668],[-44.699,1102.351],[1914.661,1103.175]],"c":true},"ix":1},"o":{"a":0,"k":100,"ix":3},"x":{"a":0,"k":0,"ix":4},"nm":"Mask 1"}],"sw":1847,"sh":1469,"sc":"#f2f2f2","ip":0,"op":58,"st":-6,"bm":0},{"ddd":0,"ind":2,"ty":4,"nm":"dollar-left","tt":1,"sr":1,"ks":{"o":{"a":0,"k":100,"ix":11},"r":{"a":1,"k":[{"i":{"x":[0.667],"y":[1]},"o":{"x":[0.333],"y":[0]},"n":["0p667_1_0p333_0"],"t":0,"s":[17.6],"e":[90]},{"i":{"x":[0.667],"y":[1]},"o":{"x":[0.333],"y":[0]},"n":["0p667_1_0p333_0"],"t":32,"s":[90],"e":[17.6]},{"t":52}],"ix":10},"p":{"a":1,"k":[{"i":{"x":1,"y":1},"o":{"x":0,"y":0},"n":"1_1_0_0","t":0,"s":[-261.867,227.968,0],"e":[914.37,937.235,0],"to":[-0.5130198597908,-0.5293562412262,0],"ti":[4.51302003860474,-949.470642089844,0]},{"i":{"x":1,"y":1},"o":{"x":0,"y":0},"n":"1_1_0_0","t":32,"s":[914.37,937.235,0],"e":[-289.988,1012.732,0],"to":[-0.99287909269333,208.886627197266,0],"ti":[0,0,0]},{"i":{"x":1,"y":1},"o":{"x":0,"y":0},"n":"1_1_0_0","t":33,"s":[-289.988,1012.732,0],"e":[-261.867,-40.032,0],"to":[0,0,0],"ti":[0,0,0]},{"t":52}],"ix":2},"a":{"a":0,"k":[224.536,101.218,0],"ix":1},"s":{"a":0,"k":[100,100,100],"ix":6}},"ao":0,"shapes":[{"ty":"gr","it":[{"ind":0,"ty":"sh","ix":1,"ks":{"a":0,"k":{"i":[[-5.146,0],[0,0],[0,-10.735],[0,0],[1.34,-2.64],[0,5.586],[0,0],[10.731,0],[0,0],[3.215,-6.334]],"o":[[0,0],[10.73,0],[0,0],[0,3.157],[3.781,-3.553],[0,0],[0,-10.735],[0,0],[-7.574,0],[3.484,-3.274]],"v":[[-200.676,-83.675],[190.47,-83.675],[209.934,-64.211],[209.934,80.299],[207.822,89.071],[213.981,74.903],[213.981,-69.606],[194.516,-89.071],[-196.629,-89.071],[-213.981,-78.378]],"c":true},"ix":2},"nm":"Path 1","mn":"ADBE Vector Shape - Group","hd":false},{"ty":"fl","c":{"a":0,"k":[1,1,1,1],"ix":4},"o":{"a":0,"k":100,"ix":5},"r":1,"nm":"Fill 1","mn":"ADBE Vector Graphic - Fill","hd":false},{"ty":"tr","p":{"a":0,"k":[225.593,98.57],"ix":2},"a":{"a":0,"k":[0,0],"ix":1},"s":{"a":0,"k":[100,100],"ix":3},"r":{"a":0,"k":0,"ix":6},"o":{"a":0,"k":100,"ix":7},"sk":{"a":0,"k":0,"ix":4},"sa":{"a":0,"k":0,"ix":5},"nm":"Transform"}],"nm":"Group 1","np":2,"cix":2,"ix":1,"mn":"ADBE Vector Group","hd":false},{"ty":"gr","it":[{"ind":0,"ty":"sh","ix":1,"ks":{"a":0,"k":{"i":[[2.183,-20.943],[0,0],[20.943,2.184],[0,0],[-2.183,20.943],[0,0],[-20.943,-2.183],[0,0]],"o":[[0,0],[-2.182,-20.943],[0,0],[20.943,-2.183],[0,0],[2.184,20.943],[0,0],[-20.943,2.184]],"v":[[175.425,91.719],[-175.425,91.719],[-215.037,52.105],[-215.037,-52.107],[-175.425,-91.719],[175.425,-91.719],[215.037,-52.107],[215.037,52.105]],"c":true},"ix":2},"nm":"Path 1","mn":"ADBE Vector Shape - Group","hd":false},{"ind":1,"ty":"sh","ix":2,"ks":{"a":0,"k":{"i":[[15.833,0],[0,0],[0,-15.833],[0,0],[-15.833,0],[0,0],[0,15.833],[0,0]],"o":[[0,0],[-15.833,0],[0,0],[0,15.833],[0,0],[15.833,0],[0,0],[0,-15.833]],"v":[[195.573,-100.968],[-195.573,-100.968],[-224.286,-72.255],[-224.286,72.255],[-195.573,100.968],[195.573,100.968],[224.286,72.255],[224.286,-72.255]],"c":true},"ix":2},"nm":"Path 2","mn":"ADBE Vector Shape - Group","hd":false},{"ty":"mm","mm":1,"nm":"Merge Paths 1","mn":"ADBE Vector Filter - Merge","hd":false},{"ty":"fl","c":{"a":0,"k":[0.128999986836,0.176000004189,0.226999993418,1],"ix":4},"o":{"a":0,"k":100,"ix":5},"r":1,"nm":"Fill 1","mn":"ADBE Vector Graphic - Fill","hd":false},{"ty":"tr","p":{"a":0,"k":[224.536,101.218],"ix":2},"a":{"a":0,"k":[0,0],"ix":1},"s":{"a":0,"k":[100,100],"ix":3},"r":{"a":0,"k":0,"ix":6},"o":{"a":0,"k":100,"ix":7},"sk":{"a":0,"k":0,"ix":4},"sa":{"a":0,"k":0,"ix":5},"nm":"Transform"}],"nm":"Group 2","np":4,"cix":2,"ix":2,"mn":"ADBE Vector Group","hd":false},{"ty":"gr","it":[{"ind":0,"ty":"sh","ix":1,"ks":{"a":0,"k":{"i":[[0,-19.581],[19.581,0],[0,19.581],[-19.581,0]],"o":[[0,19.581],[-19.581,0],[0,-19.581],[19.581,0]],"v":[[35.454,0],[0,35.454],[-35.454,0],[0,-35.454]],"c":true},"ix":2},"nm":"Path 1","mn":"ADBE Vector Shape - Group","hd":false},{"ty":"fl","c":{"a":0,"k":[1,1,1,1],"ix":4},"o":{"a":0,"k":100,"ix":5},"r":1,"nm":"Fill 1","mn":"ADBE Vector Graphic - Fill","hd":false},{"ty":"tr","p":{"a":0,"k":[353.651,101.217],"ix":2},"a":{"a":0,"k":[0,0],"ix":1},"s":{"a":0,"k":[100,100],"ix":3},"r":{"a":0,"k":0,"ix":6},"o":{"a":0,"k":100,"ix":7},"sk":{"a":0,"k":0,"ix":4},"sa":{"a":0,"k":0,"ix":5},"nm":"Transform"}],"nm":"Group 3","np":2,"cix":2,"ix":3,"mn":"ADBE Vector Group","hd":false},{"ty":"gr","it":[{"ind":0,"ty":"sh","ix":1,"ks":{"a":0,"k":{"i":[[0,-35.969],[24.141,0],[0,35.969],[-24.14,0]],"o":[[0,35.969],[-24.14,0],[0,-35.969],[24.141,0]],"v":[[43.71,-0.001],[0,65.127],[-43.71,-0.001],[0,-65.127]],"c":true},"ix":2},"nm":"Path 1","mn":"ADBE Vector Shape - Group","hd":false},{"ty":"fl","c":{"a":0,"k":[1,1,1,1],"ix":4},"o":{"a":0,"k":100,"ix":5},"r":1,"nm":"Fill 1","mn":"ADBE Vector Graphic - Fill","hd":false},{"ty":"tr","p":{"a":0,"k":[224.536,101.603],"ix":2},"a":{"a":0,"k":[0,0],"ix":1},"s":{"a":0,"k":[100,100],"ix":3},"r":{"a":0,"k":0,"ix":6},"o":{"a":0,"k":100,"ix":7},"sk":{"a":0,"k":0,"ix":4},"sa":{"a":0,"k":0,"ix":5},"nm":"Transform"}],"nm":"Group 4","np":2,"cix":2,"ix":4,"mn":"ADBE Vector Group","hd":false},{"ty":"gr","it":[{"ind":0,"ty":"sh","ix":1,"ks":{"a":0,"k":{"i":[[0,-19.581],[19.581,0],[0,19.581],[-19.581,0]],"o":[[0,19.581],[-19.581,0],[0,-19.581],[19.581,0]],"v":[[35.454,0],[0,35.454],[-35.454,0],[0,-35.454]],"c":true},"ix":2},"nm":"Path 1","mn":"ADBE Vector Shape - Group","hd":false},{"ty":"fl","c":{"a":0,"k":[1,1,1,1],"ix":4},"o":{"a":0,"k":100,"ix":5},"r":1,"nm":"Fill 1","mn":"ADBE Vector Graphic - Fill","hd":false},{"ty":"tr","p":{"a":0,"k":[95.422,101.217],"ix":2},"a":{"a":0,"k":[0,0],"ix":1},"s":{"a":0,"k":[100,100],"ix":3},"r":{"a":0,"k":0,"ix":6},"o":{"a":0,"k":100,"ix":7},"sk":{"a":0,"k":0,"ix":4},"sa":{"a":0,"k":0,"ix":5},"nm":"Transform"}],"nm":"Group 5","np":2,"cix":2,"ix":5,"mn":"ADBE Vector Group","hd":false},{"ty":"gr","it":[{"ind":0,"ty":"sh","ix":1,"ks":{"a":0,"k":{"i":[[0,0],[0,-10.735],[0,0],[-10.73,0],[0,0],[0,10.734],[0,0],[10.73,0]],"o":[[-10.73,0],[0,0],[0,10.734],[0,0],[10.73,0],[0,0],[0,-10.735],[0,0]],"v":[[-195.573,-91.719],[-215.037,-72.255],[-215.037,72.255],[-195.573,91.719],[195.573,91.719],[215.037,72.255],[215.037,-72.255],[195.573,-91.719]],"c":true},"ix":2},"nm":"Path 1","mn":"ADBE Vector Shape - Group","hd":false},{"ty":"fl","c":{"a":0,"k":[0.46699999641,0.779999976065,0.442999985639,1],"ix":4},"o":{"a":0,"k":100,"ix":5},"r":1,"nm":"Fill 1","mn":"ADBE Vector Graphic - Fill","hd":false},{"ty":"tr","p":{"a":0,"k":[224.536,101.218],"ix":2},"a":{"a":0,"k":[0,0],"ix":1},"s":{"a":0,"k":[100,100],"ix":3},"r":{"a":0,"k":0,"ix":6},"o":{"a":0,"k":100,"ix":7},"sk":{"a":0,"k":0,"ix":4},"sa":{"a":0,"k":0,"ix":5},"nm":"Transform"}],"nm":"Group 6","np":2,"cix":2,"ix":6,"mn":"ADBE Vector Group","hd":false}],"ip":0,"op":58,"st":-6,"bm":0},{"ddd":0,"ind":3,"ty":1,"nm":"Mask","td":1,"sr":1,"ks":{"o":{"a":0,"k":100,"ix":11},"r":{"a":0,"k":0,"ix":10},"p":{"a":0,"k":[923.5,307.5,0],"ix":2},"a":{"a":0,"k":[923.5,734.5,0],"ix":1},"s":{"a":0,"k":[100,100,100],"ix":6}},"ao":0,"hasMask":true,"masksProperties":[{"inv":false,"mode":"a","pt":{"a":0,"k":{"i":[[0,0],[0,0],[0,0],[0,0]],"o":[[0,0],[0,0],[0,0],[0,0]],"v":[[1886.661,-24.834],[-32.699,-29.668],[-44.699,1102.351],[1914.661,1103.175]],"c":true},"ix":1},"o":{"a":0,"k":100,"ix":3},"x":{"a":0,"k":0,"ix":4},"nm":"Mask 1"}],"sw":1847,"sh":1469,"sc":"#f2f2f2","ip":0,"op":58,"st":-6,"bm":0},{"ddd":0,"ind":4,"ty":4,"nm":"dollar-right","tt":1,"sr":1,"ks":{"o":{"a":0,"k":100,"ix":11},"r":{"a":1,"k":[{"i":{"x":[0.667],"y":[1]},"o":{"x":[0.333],"y":[0]},"n":["0p667_1_0p333_0"],"t":26,"s":[-17.6],"e":[-90]},{"t":58}],"ix":10},"p":{"a":1,"k":[{"i":{"x":1,"y":1},"o":{"x":0,"y":0},"n":"1_1_0_0","t":26,"s":[2107,227.968,0],"e":[914.37,937.235,0],"to":[-0.5130198597908,-0.5293562412262,0],"ti":[-1.48698008060455,-959.470642089844,0]},{"t":58}],"ix":2},"a":{"a":0,"k":[224.536,101.218,0],"ix":1},"s":{"a":0,"k":[100,100,100],"ix":6}},"ao":0,"shapes":[{"ty":"gr","it":[{"ind":0,"ty":"sh","ix":1,"ks":{"a":0,"k":{"i":[[-5.146,0],[0,0],[0,-10.735],[0,0],[1.34,-2.64],[0,5.586],[0,0],[10.731,0],[0,0],[3.215,-6.334]],"o":[[0,0],[10.73,0],[0,0],[0,3.157],[3.781,-3.553],[0,0],[0,-10.735],[0,0],[-7.574,0],[3.484,-3.274]],"v":[[-200.676,-83.675],[190.47,-83.675],[209.934,-64.211],[209.934,80.299],[207.822,89.071],[213.981,74.903],[213.981,-69.606],[194.516,-89.071],[-196.629,-89.071],[-213.981,-78.378]],"c":true},"ix":2},"nm":"Path 1","mn":"ADBE Vector Shape - Group","hd":false},{"ty":"fl","c":{"a":0,"k":[1,1,1,1],"ix":4},"o":{"a":0,"k":100,"ix":5},"r":1,"nm":"Fill 1","mn":"ADBE Vector Graphic - Fill","hd":false},{"ty":"tr","p":{"a":0,"k":[225.593,98.57],"ix":2},"a":{"a":0,"k":[0,0],"ix":1},"s":{"a":0,"k":[100,100],"ix":3},"r":{"a":0,"k":0,"ix":6},"o":{"a":0,"k":100,"ix":7},"sk":{"a":0,"k":0,"ix":4},"sa":{"a":0,"k":0,"ix":5},"nm":"Transform"}],"nm":"Group 1","np":2,"cix":2,"ix":1,"mn":"ADBE Vector Group","hd":false},{"ty":"gr","it":[{"ind":0,"ty":"sh","ix":1,"ks":{"a":0,"k":{"i":[[2.183,-20.943],[0,0],[20.943,2.184],[0,0],[-2.183,20.943],[0,0],[-20.943,-2.183],[0,0]],"o":[[0,0],[-2.182,-20.943],[0,0],[20.943,-2.183],[0,0],[2.184,20.943],[0,0],[-20.943,2.184]],"v":[[175.425,91.719],[-175.425,91.719],[-215.037,52.105],[-215.037,-52.107],[-175.425,-91.719],[175.425,-91.719],[215.037,-52.107],[215.037,52.105]],"c":true},"ix":2},"nm":"Path 1","mn":"ADBE Vector Shape - Group","hd":false},{"ind":1,"ty":"sh","ix":2,"ks":{"a":0,"k":{"i":[[15.833,0],[0,0],[0,-15.833],[0,0],[-15.833,0],[0,0],[0,15.833],[0,0]],"o":[[0,0],[-15.833,0],[0,0],[0,15.833],[0,0],[15.833,0],[0,0],[0,-15.833]],"v":[[195.573,-100.968],[-195.573,-100.968],[-224.286,-72.255],[-224.286,72.255],[-195.573,100.968],[195.573,100.968],[224.286,72.255],[224.286,-72.255]],"c":true},"ix":2},"nm":"Path 2","mn":"ADBE Vector Shape - Group","hd":false},{"ty":"mm","mm":1,"nm":"Merge Paths 1","mn":"ADBE Vector Filter - Merge","hd":false},{"ty":"fl","c":{"a":0,"k":[0.128999986836,0.176000004189,0.226999993418,1],"ix":4},"o":{"a":0,"k":100,"ix":5},"r":1,"nm":"Fill 1","mn":"ADBE Vector Graphic - Fill","hd":false},{"ty":"tr","p":{"a":0,"k":[224.536,101.218],"ix":2},"a":{"a":0,"k":[0,0],"ix":1},"s":{"a":0,"k":[100,100],"ix":3},"r":{"a":0,"k":0,"ix":6},"o":{"a":0,"k":100,"ix":7},"sk":{"a":0,"k":0,"ix":4},"sa":{"a":0,"k":0,"ix":5},"nm":"Transform"}],"nm":"Group 2","np":4,"cix":2,"ix":2,"mn":"ADBE Vector Group","hd":false},{"ty":"gr","it":[{"ind":0,"ty":"sh","ix":1,"ks":{"a":0,"k":{"i":[[0,-19.581],[19.581,0],[0,19.581],[-19.581,0]],"o":[[0,19.581],[-19.581,0],[0,-19.581],[19.581,0]],"v":[[35.454,0],[0,35.454],[-35.454,0],[0,-35.454]],"c":true},"ix":2},"nm":"Path 1","mn":"ADBE Vector Shape - Group","hd":false},{"ty":"fl","c":{"a":0,"k":[1,1,1,1],"ix":4},"o":{"a":0,"k":100,"ix":5},"r":1,"nm":"Fill 1","mn":"ADBE Vector Graphic - Fill","hd":false},{"ty":"tr","p":{"a":0,"k":[353.651,101.217],"ix":2},"a":{"a":0,"k":[0,0],"ix":1},"s":{"a":0,"k":[100,100],"ix":3},"r":{"a":0,"k":0,"ix":6},"o":{"a":0,"k":100,"ix":7},"sk":{"a":0,"k":0,"ix":4},"sa":{"a":0,"k":0,"ix":5},"nm":"Transform"}],"nm":"Group 3","np":2,"cix":2,"ix":3,"mn":"ADBE Vector Group","hd":false},{"ty":"gr","it":[{"ind":0,"ty":"sh","ix":1,"ks":{"a":0,"k":{"i":[[0,-35.969],[24.141,0],[0,35.969],[-24.14,0]],"o":[[0,35.969],[-24.14,0],[0,-35.969],[24.141,0]],"v":[[43.71,-0.001],[0,65.127],[-43.71,-0.001],[0,-65.127]],"c":true},"ix":2},"nm":"Path 1","mn":"ADBE Vector Shape - Group","hd":false},{"ty":"fl","c":{"a":0,"k":[1,1,1,1],"ix":4},"o":{"a":0,"k":100,"ix":5},"r":1,"nm":"Fill 1","mn":"ADBE Vector Graphic - Fill","hd":false},{"ty":"tr","p":{"a":0,"k":[224.536,101.603],"ix":2},"a":{"a":0,"k":[0,0],"ix":1},"s":{"a":0,"k":[100,100],"ix":3},"r":{"a":0,"k":0,"ix":6},"o":{"a":0,"k":100,"ix":7},"sk":{"a":0,"k":0,"ix":4},"sa":{"a":0,"k":0,"ix":5},"nm":"Transform"}],"nm":"Group 4","np":2,"cix":2,"ix":4,"mn":"ADBE Vector Group","hd":false},{"ty":"gr","it":[{"ind":0,"ty":"sh","ix":1,"ks":{"a":0,"k":{"i":[[0,-19.581],[19.581,0],[0,19.581],[-19.581,0]],"o":[[0,19.581],[-19.581,0],[0,-19.581],[19.581,0]],"v":[[35.454,0],[0,35.454],[-35.454,0],[0,-35.454]],"c":true},"ix":2},"nm":"Path 1","mn":"ADBE Vector Shape - Group","hd":false},{"ty":"fl","c":{"a":0,"k":[1,1,1,1],"ix":4},"o":{"a":0,"k":100,"ix":5},"r":1,"nm":"Fill 1","mn":"ADBE Vector Graphic - Fill","hd":false},{"ty":"tr","p":{"a":0,"k":[95.422,101.217],"ix":2},"a":{"a":0,"k":[0,0],"ix":1},"s":{"a":0,"k":[100,100],"ix":3},"r":{"a":0,"k":0,"ix":6},"o":{"a":0,"k":100,"ix":7},"sk":{"a":0,"k":0,"ix":4},"sa":{"a":0,"k":0,"ix":5},"nm":"Transform"}],"nm":"Group 5","np":2,"cix":2,"ix":5,"mn":"ADBE Vector Group","hd":false},{"ty":"gr","it":[{"ind":0,"ty":"sh","ix":1,"ks":{"a":0,"k":{"i":[[0,0],[0,-10.735],[0,0],[-10.73,0],[0,0],[0,10.734],[0,0],[10.73,0]],"o":[[-10.73,0],[0,0],[0,10.734],[0,0],[10.73,0],[0,0],[0,-10.735],[0,0]],"v":[[-195.573,-91.719],[-215.037,-72.255],[-215.037,72.255],[-195.573,91.719],[195.573,91.719],[215.037,72.255],[215.037,-72.255],[195.573,-91.719]],"c":true},"ix":2},"nm":"Path 1","mn":"ADBE Vector Shape - Group","hd":false},{"ty":"fl","c":{"a":0,"k":[0.46699999641,0.779999976065,0.442999985639,1],"ix":4},"o":{"a":0,"k":100,"ix":5},"r":1,"nm":"Fill 1","mn":"ADBE Vector Graphic - Fill","hd":false},{"ty":"tr","p":{"a":0,"k":[224.536,101.218],"ix":2},"a":{"a":0,"k":[0,0],"ix":1},"s":{"a":0,"k":[100,100],"ix":3},"r":{"a":0,"k":0,"ix":6},"o":{"a":0,"k":100,"ix":7},"sk":{"a":0,"k":0,"ix":4},"sa":{"a":0,"k":0,"ix":5},"nm":"Transform"}],"nm":"Group 6","np":2,"cix":2,"ix":6,"mn":"ADBE Vector Group","hd":false}],"ip":0,"op":58,"st":-6,"bm":0},{"ddd":0,"ind":5,"ty":4,"nm":"wallet Outlines","sr":1,"ks":{"o":{"a":0,"k":100,"ix":11},"r":{"a":0,"k":0,"ix":10},"p":{"a":0,"k":[923.856,837.717,0],"ix":2},"a":{"a":0,"k":[279.41,218.18,0],"ix":1},"s":{"a":0,"k":[100,100,100],"ix":6}},"ao":0,"shapes":[{"ty":"gr","it":[{"ind":0,"ty":"sh","ix":1,"ks":{"a":0,"k":{"i":[[0,0],[14.659,0],[0,0],[1.042,2.38],[-15.063,0],[0,0],[0,-14.66]],"o":[[0,-14.66],[0,0],[-10.117,0],[-0.362,0.827],[0,0],[14.659,0],[0,0]],"v":[[229.209,16.119],[202.623,-10.467],[-210.3,-10.467],[-228.848,-21.516],[-208.951,-5.07],[202.623,-5.07],[229.209,21.516]],"c":true},"ix":2},"nm":"Path 1","mn":"ADBE Vector Shape - Group","hd":false},{"ty":"fl","c":{"a":0,"k":[1,1,1,1],"ix":4},"o":{"a":0,"k":100,"ix":5},"r":1,"nm":"Fill 1","mn":"ADBE Vector Graphic - Fill","hd":false},{"ty":"tr","p":{"a":0,"k":[278.895,83.607],"ix":2},"a":{"a":0,"k":[0,0],"ix":1},"s":{"a":0,"k":[100,100],"ix":3},"r":{"a":0,"k":0,"ix":6},"o":{"a":0,"k":100,"ix":7},"sk":{"a":0,"k":0,"ix":4},"sa":{"a":0,"k":0,"ix":5},"nm":"Transform"}],"nm":"Group 1","np":2,"cix":2,"ix":1,"mn":"ADBE Vector Group","hd":false},{"ty":"gr","it":[{"ind":0,"ty":"sh","ix":1,"ks":{"a":0,"k":{"i":[[0,0],[0,0],[0,0],[0,5.581]],"o":[[0,0],[0,0],[-5.582,0],[0,0]],"v":[[208.819,-3.01],[208.815,5.057],[-198.712,5.051],[-208.818,-5.057]],"c":false},"ix":2},"nm":"Path 1","mn":"ADBE Vector Shape - Group","hd":false},{"ty":"st","c":{"a":0,"k":[0.128999986836,0.176000004189,0.226999993418,1],"ix":3},"o":{"a":0,"k":100,"ix":4},"w":{"a":0,"k":10,"ix":5},"lc":2,"lj":2,"nm":"Stroke 1","mn":"ADBE Vector Graphic - Stroke","hd":false},{"ty":"tr","p":{"a":0,"k":[264.637,61.339],"ix":2},"a":{"a":0,"k":[0,0],"ix":1},"s":{"a":0,"k":[100,100],"ix":3},"r":{"a":0,"k":0,"ix":6},"o":{"a":0,"k":100,"ix":7},"sk":{"a":0,"k":0,"ix":4},"sa":{"a":0,"k":0,"ix":5},"nm":"Transform"}],"nm":"Group 2","np":2,"cix":2,"ix":2,"mn":"ADBE Vector Group","hd":false},{"ty":"gr","it":[{"ind":0,"ty":"sh","ix":1,"ks":{"a":0,"k":{"i":[[0,0],[0,0],[0,0],[0,0],[0,0]],"o":[[0,0],[0,0],[0,0],[0,0],[0,0]],"v":[[161.535,-36.084],[75.878,106.229],[-186.491,106.229],[-186.491,-106.229],[186.491,-106.229]],"c":true},"ix":2},"nm":"Path 1","mn":"ADBE Vector Shape - Group","hd":false},{"ty":"fl","c":{"a":0,"k":[0.984000052658,0.732999973671,0.282000014361,1],"ix":4},"o":{"a":0,"k":100,"ix":5},"r":1,"nm":"Fill 1","mn":"ADBE Vector Graphic - Fill","hd":false},{"ty":"tr","p":{"a":0,"k":[262.288,172.625],"ix":2},"a":{"a":0,"k":[0,0],"ix":1},"s":{"a":0,"k":[100,100],"ix":3},"r":{"a":0,"k":0,"ix":6},"o":{"a":0,"k":100,"ix":7},"sk":{"a":0,"k":0,"ix":4},"sa":{"a":0,"k":0,"ix":5},"nm":"Transform"}],"nm":"Group 3","np":2,"cix":2,"ix":3,"mn":"ADBE Vector Group","hd":false},{"ty":"gr","it":[{"ind":0,"ty":"sh","ix":1,"ks":{"a":0,"k":{"i":[[13.932,0],[0,-13.932],[-13.932,0],[0,13.931]],"o":[[-13.932,0],[0,13.931],[13.932,0],[0,-13.932]],"v":[[-0.001,-25.226],[-25.225,0.001],[-0.001,25.225],[25.225,0.001]],"c":true},"ix":2},"nm":"Path 1","mn":"ADBE Vector Shape - Group","hd":false},{"ind":1,"ty":"sh","ix":2,"ks":{"a":0,"k":{"i":[[-8.395,0],[0,-8.396],[8.396,0],[0,8.395]],"o":[[8.396,0],[0,8.395],[-8.395,0],[0,-8.396]],"v":[[-0.001,-15.226],[15.225,0.001],[-0.001,15.225],[-15.225,0.001]],"c":true},"ix":2},"nm":"Path 2","mn":"ADBE Vector Shape - Group","hd":false},{"ty":"mm","mm":1,"nm":"Merge Paths 1","mn":"ADBE Vector Filter - Merge","hd":false},{"ty":"fl","c":{"a":0,"k":[0.128999986836,0.176000004189,0.226999993418,1],"ix":4},"o":{"a":0,"k":100,"ix":5},"r":1,"nm":"Fill 1","mn":"ADBE Vector Graphic - Fill","hd":false},{"ty":"tr","p":{"a":0,"k":[423.865,241.896],"ix":2},"a":{"a":0,"k":[0,0],"ix":1},"s":{"a":0,"k":[100,100],"ix":3},"r":{"a":0,"k":0,"ix":6},"o":{"a":0,"k":100,"ix":7},"sk":{"a":0,"k":0,"ix":4},"sa":{"a":0,"k":0,"ix":5},"nm":"Transform"}],"nm":"Group 4","np":4,"cix":2,"ix":4,"mn":"ADBE Vector Group","hd":false},{"ty":"gr","it":[{"ind":0,"ty":"sh","ix":1,"ks":{"a":0,"k":{"i":[[11.152,0],[0,11.153],[-11.152,0],[0,-11.152]],"o":[[-11.152,0],[0,-11.152],[11.152,0],[0,11.153]],"v":[[0,20.225],[-20.225,0],[0,-20.225],[20.225,0]],"c":true},"ix":2},"nm":"Path 1","mn":"ADBE Vector Shape - Group","hd":false},{"ty":"fl","c":{"a":0,"k":[1,1,1,1],"ix":4},"o":{"a":0,"k":100,"ix":5},"r":1,"nm":"Fill 1","mn":"ADBE Vector Graphic - Fill","hd":false},{"ty":"tr","p":{"a":0,"k":[423.864,241.896],"ix":2},"a":{"a":0,"k":[0,0],"ix":1},"s":{"a":0,"k":[100,100],"ix":3},"r":{"a":0,"k":0,"ix":6},"o":{"a":0,"k":100,"ix":7},"sk":{"a":0,"k":0,"ix":4},"sa":{"a":0,"k":0,"ix":5},"nm":"Transform"}],"nm":"Group 5","np":2,"cix":2,"ix":5,"mn":"ADBE Vector Group","hd":false},{"ty":"gr","it":[{"ind":0,"ty":"sh","ix":1,"ks":{"a":0,"k":{"i":[[13.083,0],[0,0],[0,23.934],[-23.934,0],[0,0],[0,-13.083],[0,0]],"o":[[0,0],[-23.934,0],[0,-23.934],[0,0],[13.083,0],[0,0],[0,13.084]],"v":[[52.634,43.336],[-32.987,43.336],[-76.323,0],[-32.987,-43.336],[52.634,-43.336],[76.323,-19.646],[76.323,19.647]],"c":true},"ix":2},"nm":"Path 1","mn":"ADBE Vector Shape - Group","hd":false},{"ty":"st","c":{"a":0,"k":[0.128999986836,0.176000004189,0.226999993418,1],"ix":3},"o":{"a":0,"k":100,"ix":4},"w":{"a":0,"k":10,"ix":5},"lc":1,"lj":1,"ml":10,"ml2":{"a":0,"k":10,"ix":8},"nm":"Stroke 1","mn":"ADBE Vector Graphic - Stroke","hd":false},{"ty":"tr","p":{"a":0,"k":[457.498,242.542],"ix":2},"a":{"a":0,"k":[0,0],"ix":1},"s":{"a":0,"k":[100,100],"ix":3},"r":{"a":0,"k":0,"ix":6},"o":{"a":0,"k":100,"ix":7},"sk":{"a":0,"k":0,"ix":4},"sa":{"a":0,"k":0,"ix":5},"nm":"Transform"}],"nm":"Group 6","np":2,"cix":2,"ix":6,"mn":"ADBE Vector Group","hd":false},{"ty":"gr","it":[{"ind":0,"ty":"sh","ix":1,"ks":{"a":0,"k":{"i":[[12.202,0],[0,0],[0,22.322],[-22.321,0],[0,0],[0,-12.201],[0,0]],"o":[[0,0],[-22.321,0],[0,-22.321],[0,0],[12.202,0],[0,0],[0,12.202]],"v":[[47.738,37.719],[-29.416,37.719],[-69.831,2.698],[-29.416,-37.718],[47.738,-37.718],[69.831,-15.625],[69.831,15.625]],"c":true},"ix":2},"nm":"Path 1","mn":"ADBE Vector Shape - Group","hd":false},{"ty":"fl","c":{"a":0,"k":[0.728999956916,0.728999956916,0.728999956916,1],"ix":4},"o":{"a":0,"k":100,"ix":5},"r":1,"nm":"Fill 1","mn":"ADBE Vector Graphic - Fill","hd":false},{"ty":"tr","p":{"a":0,"k":[451.006,236.925],"ix":2},"a":{"a":0,"k":[0,0],"ix":1},"s":{"a":0,"k":[100,100],"ix":3},"r":{"a":0,"k":0,"ix":6},"o":{"a":0,"k":100,"ix":7},"sk":{"a":0,"k":0,"ix":4},"sa":{"a":0,"k":0,"ix":5},"nm":"Transform"}],"nm":"Group 7","np":2,"cix":2,"ix":7,"mn":"ADBE Vector Group","hd":false},{"ty":"gr","it":[{"ind":0,"ty":"sh","ix":1,"ks":{"a":0,"k":{"i":[[13.083,0],[0,0],[0,23.934],[-23.934,0],[0,0],[0,-13.083],[0,0]],"o":[[0,0],[-23.934,0],[0,-23.934],[0,0],[13.083,0],[0,0],[0,13.084]],"v":[[52.634,43.336],[-32.987,43.336],[-76.323,0],[-32.987,-43.336],[52.634,-43.336],[76.323,-19.646],[76.323,19.647]],"c":true},"ix":2},"nm":"Path 1","mn":"ADBE Vector Shape - Group","hd":false},{"ty":"fl","c":{"a":0,"k":[0.57599995931,0.57599995931,0.57599995931,1],"ix":4},"o":{"a":0,"k":100,"ix":5},"r":1,"nm":"Fill 1","mn":"ADBE Vector Graphic - Fill","hd":false},{"ty":"tr","p":{"a":0,"k":[457.498,242.542],"ix":2},"a":{"a":0,"k":[0,0],"ix":1},"s":{"a":0,"k":[100,100],"ix":3},"r":{"a":0,"k":0,"ix":6},"o":{"a":0,"k":100,"ix":7},"sk":{"a":0,"k":0,"ix":4},"sa":{"a":0,"k":0,"ix":5},"nm":"Transform"}],"nm":"Group 8","np":2,"cix":2,"ix":8,"mn":"ADBE Vector Group","hd":false},{"ty":"gr","it":[{"ind":0,"ty":"sh","ix":1,"ks":{"a":0,"k":{"i":[[-5.375,-4.868],[0,4.697],[0,0],[-14.66,0],[0,0],[-4.72,-4.274],[9.962,0],[0,0],[0,-14.66],[0,0]],"o":[[-2.146,-3.833],[0,0],[0,-14.66],[0,0],[6.854,0],[-4.553,-8.132],[0,0],[-14.66,0],[0,0],[0,7.805]],"v":[[-207.014,182.982],[-210.395,170.044],[-210.395,-149.652],[-183.809,-176.239],[197.981,-176.239],[215.791,-169.334],[192.587,-182.982],[-189.204,-182.982],[-215.791,-156.396],[-215.791,163.301]],"c":true},"ix":2},"nm":"Path 1","mn":"ADBE Vector Shape - Group","hd":false},{"ty":"fl","c":{"a":0,"k":[1,1,1,1],"ix":4},"o":{"a":0,"k":100,"ix":5},"r":1,"nm":"Fill 1","mn":"ADBE Vector Graphic - Fill","hd":false},{"ty":"tr","p":{"a":0,"k":[247.536,214.728],"ix":2},"a":{"a":0,"k":[0,0],"ix":1},"s":{"a":0,"k":[100,100],"ix":3},"r":{"a":0,"k":0,"ix":6},"o":{"a":0,"k":100,"ix":7},"sk":{"a":0,"k":0,"ix":4},"sa":{"a":0,"k":0,"ix":5},"nm":"Transform"}],"nm":"Group 9","np":2,"cix":2,"ix":9,"mn":"ADBE Vector Group","hd":false},{"ty":"gr","it":[{"ind":0,"ty":"sh","ix":1,"ks":{"a":0,"k":{"i":[[0,-7.912],[0,0],[0,0],[-1.227,-0.113],[6.05,6.08]],"o":[[0,0],[0,0],[1.255,0],[-1.173,-8.919],[3.973,6.22]],"v":[[0.623,10.004],[0.623,11.324],[1.942,11.324],[5.665,11.504],[-5.665,-11.504]],"c":true},"ix":2},"nm":"Path 1","mn":"ADBE Vector Shape - Group","hd":false},{"ty":"fl","c":{"a":0,"k":[1,1,1,1],"ix":4},"o":{"a":0,"k":100,"ix":5},"r":1,"nm":"Fill 1","mn":"ADBE Vector Graphic - Fill","hd":false},{"ty":"tr","p":{"a":0,"k":[479.576,48.327],"ix":2},"a":{"a":0,"k":[0,0],"ix":1},"s":{"a":0,"k":[100,100],"ix":3},"r":{"a":0,"k":0,"ix":6},"o":{"a":0,"k":100,"ix":7},"sk":{"a":0,"k":0,"ix":4},"sa":{"a":0,"k":0,"ix":5},"nm":"Transform"}],"nm":"Group 10","np":2,"cix":2,"ix":10,"mn":"ADBE Vector Group","hd":false},{"ty":"gr","it":[{"ind":0,"ty":"sh","ix":1,"ks":{"a":0,"k":{"i":[[0,0],[0,0],[18.408,0],[0,0],[0,-18.408],[0,0],[-18.408,0],[0,0],[0,18.408],[0,0],[18.408,0]],"o":[[0,0],[0,-18.408],[0,0],[-18.408,0],[0,0],[0,18.408],[0,0],[18.408,0],[0,0],[0,-18.408],[0,0]],"v":[[203.529,-151.784],[203.529,-159.848],[170.198,-193.18],[-211.593,-193.18],[-244.924,-159.848],[-244.924,159.848],[-211.593,193.179],[211.594,193.179],[244.925,159.848],[244.925,-118.452],[211.594,-151.784]],"c":true},"ix":2},"nm":"Path 1","mn":"ADBE Vector Shape - Group","hd":false},{"ty":"st","c":{"a":0,"k":[0.128999986836,0.176000004189,0.226999993418,1],"ix":3},"o":{"a":0,"k":100,"ix":4},"w":{"a":0,"k":10,"ix":5},"lc":2,"lj":2,"nm":"Stroke 1","mn":"ADBE Vector Graphic - Stroke","hd":false},{"ty":"tr","p":{"a":0,"k":[269.924,218.18],"ix":2},"a":{"a":0,"k":[0,0],"ix":1},"s":{"a":0,"k":[100,100],"ix":3},"r":{"a":0,"k":0,"ix":6},"o":{"a":0,"k":100,"ix":7},"sk":{"a":0,"k":0,"ix":4},"sa":{"a":0,"k":0,"ix":5},"nm":"Transform"}],"nm":"Group 11","np":2,"cix":2,"ix":11,"mn":"ADBE Vector Group","hd":false},{"ty":"gr","it":[{"ind":0,"ty":"sh","ix":1,"ks":{"a":0,"k":{"i":[[0,0],[0,-28.131],[0,0],[-28.131,0],[0,0],[0,0]],"o":[[-28.131,0],[0,0],[0,28.13],[0,0],[0,0],[0,0]],"v":[[-15.9,-50.937],[-66.837,0],[-66.837,0.001],[-15.9,50.937],[66.837,50.937],[66.837,-50.937]],"c":true},"ix":2},"nm":"Path 1","mn":"ADBE Vector Shape - Group","hd":false},{"ty":"fl","c":{"a":0,"k":[0.917999985639,0.638999968884,0.195999998205,1],"ix":4},"o":{"a":0,"k":100,"ix":5},"r":1,"nm":"Fill 1","mn":"ADBE Vector Graphic - Fill","hd":false},{"ty":"tr","p":{"a":0,"k":[448.012,250.144],"ix":2},"a":{"a":0,"k":[0,0],"ix":1},"s":{"a":0,"k":[100,100],"ix":3},"r":{"a":0,"k":0,"ix":6},"o":{"a":0,"k":100,"ix":7},"sk":{"a":0,"k":0,"ix":4},"sa":{"a":0,"k":0,"ix":5},"nm":"Transform"}],"nm":"Group 12","np":2,"cix":2,"ix":12,"mn":"ADBE Vector Group","hd":false},{"ty":"gr","it":[{"ind":0,"ty":"sh","ix":1,"ks":{"a":0,"k":{"i":[[-5.582,0.001],[0,0],[0,-6.978],[0,0],[0,0],[0,5.582]],"o":[[0,0],[6.979,0],[0,0],[0,0],[-5.582,0],[0,-5.581]],"v":[[-198.713,-9.871],[196.183,-10.35],[208.818,2.284],[208.815,10.35],[-198.712,10.343],[-208.819,0.236]],"c":true},"ix":2},"nm":"Path 1","mn":"ADBE Vector Shape - Group","hd":false},{"ty":"st","c":{"a":0,"k":[0.128999986836,0.176000004189,0.226999993418,1],"ix":3},"o":{"a":0,"k":100,"ix":4},"w":{"a":0,"k":10,"ix":5},"lc":2,"lj":2,"nm":"Stroke 1","mn":"ADBE Vector Graphic - Stroke","hd":false},{"ty":"fl","c":{"a":0,"k":[0.128999986836,0.176000004189,0.226999993418,1],"ix":4},"o":{"a":0,"k":100,"ix":5},"r":1,"nm":"Fill 1","mn":"ADBE Vector Graphic - Fill","hd":false},{"ty":"tr","p":{"a":0,"k":[264.637,56.046],"ix":2},"a":{"a":0,"k":[0,0],"ix":1},"s":{"a":0,"k":[100,100],"ix":3},"r":{"a":0,"k":0,"ix":6},"o":{"a":0,"k":100,"ix":7},"sk":{"a":0,"k":0,"ix":4},"sa":{"a":0,"k":0,"ix":5},"nm":"Transform"}],"nm":"Group 13","np":3,"cix":2,"ix":13,"mn":"ADBE Vector Group","hd":false},{"ty":"gr","it":[{"ind":0,"ty":"sh","ix":1,"ks":{"a":0,"k":{"i":[[18.408,0],[0,0],[0,-10.069],[0,0],[10.94,0],[0,0],[3.983,10.545],[0,0],[-18.408,0],[0,0],[0,18.408],[0,0]],"o":[[0,0],[10.817,3.144],[0,0],[0,10.94],[0,0],[-9.797,0],[0,0],[0,18.408],[0,0],[18.408,0],[0,0],[0,-18.408]],"v":[[211.593,-172.482],[202.205,-172.482],[227.387,-139.15],[227.387,135.103],[207.546,154.945],[-211.594,154.945],[-244.925,131.54],[-244.925,139.15],[-211.594,172.481],[211.593,172.481],[244.924,139.15],[244.924,-139.15]],"c":true},"ix":2},"nm":"Path 1","mn":"ADBE Vector Shape - Group","hd":false},{"ty":"fl","c":{"a":0,"k":[0.917999985639,0.638999968884,0.195999998205,1],"ix":4},"o":{"a":0,"k":100,"ix":5},"r":1,"nm":"Fill 1","mn":"ADBE Vector Graphic - Fill","hd":false},{"ty":"tr","p":{"a":0,"k":[269.924,238.878],"ix":2},"a":{"a":0,"k":[0,0],"ix":1},"s":{"a":0,"k":[100,100],"ix":3},"r":{"a":0,"k":0,"ix":6},"o":{"a":0,"k":100,"ix":7},"sk":{"a":0,"k":0,"ix":4},"sa":{"a":0,"k":0,"ix":5},"nm":"Transform"}],"nm":"Group 14","np":2,"cix":2,"ix":14,"mn":"ADBE Vector Group","hd":false},{"ty":"gr","it":[{"ind":0,"ty":"sh","ix":1,"ks":{"a":0,"k":{"i":[[0,0],[0,0],[18.408,0],[0,0],[0,-18.408],[0,0],[-18.408,0],[0,0],[0,18.408],[0,0],[18.408,0]],"o":[[0,0],[0,-18.408],[0,0],[-18.408,0],[0,0],[0,18.408],[0,0],[18.408,0],[0,0],[0,-18.408],[0,0]],"v":[[203.529,-151.784],[203.529,-159.848],[170.198,-193.18],[-211.593,-193.18],[-244.924,-159.848],[-244.924,159.848],[-211.593,193.179],[211.594,193.179],[244.925,159.848],[244.925,-118.452],[211.594,-151.784]],"c":true},"ix":2},"nm":"Path 1","mn":"ADBE Vector Shape - Group","hd":false},{"ty":"fl","c":{"a":0,"k":[0.984000052658,0.732999973671,0.282000014361,1],"ix":4},"o":{"a":0,"k":100,"ix":5},"r":1,"nm":"Fill 1","mn":"ADBE Vector Graphic - Fill","hd":false},{"ty":"tr","p":{"a":0,"k":[269.924,218.18],"ix":2},"a":{"a":0,"k":[0,0],"ix":1},"s":{"a":0,"k":[100,100],"ix":3},"r":{"a":0,"k":0,"ix":6},"o":{"a":0,"k":100,"ix":7},"sk":{"a":0,"k":0,"ix":4},"sa":{"a":0,"k":0,"ix":5},"nm":"Transform"}],"nm":"Group 15","np":2,"cix":2,"ix":15,"mn":"ADBE Vector Group","hd":false}],"ip":0,"op":58,"st":-82,"bm":0}],"markers":[]}