{"v":"4.8.0","meta":{"g":"LottieFiles AE 3.1.0","a":"","k":"","d":"","tc":""},"fr":29.9700012207031,"ip":0,"op":120.0000048877,"w":568,"h":322,"nm":"Group 18864","ddd":0,"assets":[],"layers":[{"ddd":0,"ind":1,"ty":4,"nm":"Shape Layer 5","sr":1,"ks":{"o":{"a":1,"k":[{"i":{"x":[0.833],"y":[0.833]},"o":{"x":[0.167],"y":[0.167]},"t":0,"s":[100]},{"i":{"x":[0.833],"y":[0.833]},"o":{"x":[0.167],"y":[0.167]},"t":110,"s":[100]},{"t":119.000004846969,"s":[0]}],"ix":11},"r":{"a":1,"k":[{"i":{"x":[0.833],"y":[0.833]},"o":{"x":[0.167],"y":[0.167]},"t":0,"s":[43]},{"i":{"x":[0.833],"y":[0.833]},"o":{"x":[0.167],"y":[0.167]},"t":11,"s":[43]},{"i":{"x":[0.833],"y":[0.833]},"o":{"x":[0.167],"y":[0.167]},"t":21,"s":[11]},{"i":{"x":[0.833],"y":[0.833]},"o":{"x":[0.167],"y":[0.167]},"t":51,"s":[23]},{"i":{"x":[0.833],"y":[0.833]},"o":{"x":[0.167],"y":[0.167]},"t":61,"s":[42]},{"i":{"x":[0.833],"y":[0.833]},"o":{"x":[0.167],"y":[0.167]},"t":80,"s":[82]},{"i":{"x":[0.833],"y":[0.833]},"o":{"x":[0.167],"y":[0.167]},"t":110,"s":[226]},{"t":119.000004846969,"s":[239]}],"ix":10},"p":{"a":1,"k":[{"i":{"x":0.833,"y":0.833},"o":{"x":0.167,"y":0.167},"t":0,"s":[744,395,0],"to":[-11.833,-16.667,0],"ti":[0,0,0]},{"i":{"x":0.833,"y":0.833},"o":{"x":0.167,"y":0.167},"t":11,"s":[673,295,0],"to":[-39.167,-44.167,0],"ti":[22.375,-10.773,0]},{"i":{"x":0.833,"y":0.833},"o":{"x":0.167,"y":0.167},"t":21,"s":[563,280,0],"to":[-32.885,15.833,0],"ti":[26.5,1.5,0]},{"i":{"x":0.833,"y":0.833},"o":{"x":0.167,"y":0.167},"t":31,"s":[482,296,0],"to":[-26.5,-1.5,0],"ti":[0,0,0]},{"i":{"x":0.833,"y":0.833},"o":{"x":0.167,"y":0.167},"t":41,"s":[426.5,288,0],"to":[0,0,0],"ti":[0,0,0]},{"i":{"x":0.833,"y":0.833},"o":{"x":0.167,"y":0.167},"t":51,"s":[373,270,0],"to":[0,0,0],"ti":[0,0,0]},{"i":{"x":0.833,"y":0.833},"o":{"x":0.167,"y":0.167},"t":61,"s":[320,235,0],"to":[0,0,0],"ti":[0,0,0]},{"i":{"x":0.833,"y":0.833},"o":{"x":0.167,"y":0.167},"t":71,"s":[248,167,0],"to":[0,0,0],"ti":[10.5,16,0]},{"i":{"x":0.833,"y":0.833},"o":{"x":0.167,"y":0.167},"t":80,"s":[182,109.5,0],"to":[-10.5,-16,0],"ti":[0,0,0]},{"i":{"x":0.833,"y":0.833},"o":{"x":0.167,"y":0.167},"t":90,"s":[156.5,61.5,0],"to":[0,0,0],"ti":[-14.625,-13.5,0]},{"i":{"x":0.833,"y":0.833},"o":{"x":0.167,"y":0.167},"t":100,"s":[187.625,74,0],"to":[14.625,13.5,0],"ti":[56.625,-2.5,0]},{"i":{"x":0.833,"y":0.833},"o":{"x":0.167,"y":0.167},"t":110,"s":[116.375,110.75,0],"to":[-56.625,2.5,0],"ti":[1.083,0,0]},{"t":119.000004846969,"s":[-47.375,63.75,0]}],"ix":2},"a":{"a":0,"k":[18,-10,0],"ix":1},"s":{"a":0,"k":[75,75,100],"ix":6}},"ao":0,"shapes":[{"ty":"gr","it":[{"ty":"gr","it":[{"ty":"gr","it":[{"ind":0,"ty":"sh","ix":1,"ks":{"a":1,"k":[{"i":{"x":0.833,"y":0.833},"o":{"x":0.167,"y":0.167},"t":21,"s":[{"i":[[-8.215,0],[0,-8.215],[8.215,0],[0.802,7.459]],"o":[[8.215,0],[0,8.215],[-7.672,0],[-0.057,-0.528]],"v":[[0,-14.875],[14.875,0],[0,14.875],[-14.789,1.608]],"c":true}]},{"i":{"x":0.833,"y":0.833},"o":{"x":0.167,"y":0.167},"t":30,"s":[{"i":[[-8.215,0],[0,-8.215],[8.215,0],[0.802,7.459]],"o":[[8.215,0],[0,8.215],[-7.672,0],[-0.057,-0.528]],"v":[[5.217,-30.425],[20.092,-15.55],[5.217,-0.675],[-9.572,-13.941]],"c":true}]},{"i":{"x":0.833,"y":0.833},"o":{"x":0.167,"y":0.167},"t":41,"s":[{"i":[[-8.215,0],[0,-8.215],[8.215,0],[0.744,6.795]],"o":[[8.215,0],[0,8.215],[-7.672,0],[-0.053,-0.481]],"v":[[27.291,-11.942],[41.557,-4.86],[26.182,4.259],[11.887,-3.324]],"c":true}]},{"i":{"x":0.833,"y":0.833},"o":{"x":0.167,"y":0.167},"t":50,"s":[{"i":[[-8.215,0],[0,-8.215],[8.215,0],[0.744,6.795]],"o":[[8.215,0],[0,8.215],[-7.672,0],[-0.053,-0.481]],"v":[[26.456,-30.719],[41.331,-15.844],[25.956,-6.725],[11.661,-14.308]],"c":true}]},{"i":{"x":0.833,"y":0.833},"o":{"x":0.167,"y":0.167},"t":60,"s":[{"i":[[-9.001,2.741],[-2.128,-7.935],[7.853,-2.05],[0.695,0.993]],"o":[[7.859,-2.393],[0.562,2.094],[-7.423,1.938],[-0.049,-0.07]],"v":[[22.609,-49.646],[34.67,-51.819],[19.17,-45.893],[8.235,-43.641]],"c":true}]},{"i":{"x":0.833,"y":0.833},"o":{"x":0.167,"y":0.167},"t":70,"s":[{"i":[[-9.001,2.741],[-2.128,-7.935],[7.853,-2.05],[0.695,0.993]],"o":[[7.859,-2.393],[0.562,2.094],[-7.423,1.938],[-0.049,-0.07]],"v":[[22.609,-49.646],[34.67,-51.819],[19.17,-45.893],[8.235,-43.641]],"c":true}]},{"i":{"x":0.833,"y":0.833},"o":{"x":0.167,"y":0.167},"t":80,"s":[{"i":[[-9.001,2.741],[0.211,-1.379],[7.853,-2.05],[0.695,0.993]],"o":[[7.859,-2.393],[-0.328,2.143],[-7.423,1.938],[-0.049,-0.07]],"v":[[-68.87,61.065],[-58.691,59.194],[-69.893,63.743],[-80.714,64.171]],"c":true}]},{"i":{"x":0.833,"y":0.833},"o":{"x":0.167,"y":0.167},"t":90,"s":[{"i":[[-9.001,2.741],[-2.128,-7.935],[7.853,-2.05],[0.695,0.993]],"o":[[7.859,-2.393],[0.562,2.094],[-7.423,1.938],[-0.049,-0.07]],"v":[[-62.18,62.292],[-50.119,60.119],[-65.618,66.045],[-76.554,68.297]],"c":true}]},{"i":{"x":0.833,"y":0.833},"o":{"x":0.167,"y":0.167},"t":100,"s":[{"i":[[-2.055,3.158],[-7.825,-2.503],[3.701,-6.045],[2.079,0.779]],"o":[[4.48,-6.886],[2.726,0.872],[-1.288,2.104],[-0.147,-0.055]],"v":[[-178.258,47.368],[-158.842,43.349],[-152.855,56.335],[-162.938,53.281]],"c":true}]},{"i":{"x":0.833,"y":0.833},"o":{"x":0.167,"y":0.167},"t":110,"s":[{"i":[[-2.055,3.158],[-7.825,-2.503],[3.701,-6.045],[4.579,0.944]],"o":[[4.48,-6.886],[2.726,0.872],[-1.207,1.972],[-4.579,-0.944]],"v":[[-198.805,5.708],[-182.552,2.14],[-177.914,17.33],[-188.758,22.32]],"c":true}]},{"t":119.000004846969,"s":[{"i":[[-2.055,3.158],[-7.825,-2.503],[3.701,-6.045],[6.961,3.148]],"o":[[4.48,-6.886],[2.726,0.872],[-1.207,1.972],[-6.439,-2.912]],"v":[[-191.143,12.274],[-174.89,8.706],[-170.252,23.896],[-183.883,27.538]],"c":true}]}],"ix":2},"nm":"Path 1","mn":"ADBE Vector Shape - Group","hd":false},{"ty":"st","c":{"a":0,"k":[0,0.4,0,1],"ix":3},"o":{"a":0,"k":100,"ix":4},"w":{"a":0,"k":3,"ix":5},"lc":1,"lj":1,"ml":4,"bm":0,"nm":"Stroke 1","mn":"ADBE Vector Graphic - Stroke","hd":false},{"ty":"fl","c":{"a":0,"k":[0,0.4,0,1],"ix":4},"o":{"a":0,"k":100,"ix":5},"r":1,"bm":0,"nm":"Fill 1","mn":"ADBE Vector Graphic - Fill","hd":false},{"ty":"tr","p":{"a":0,"k":[39.875,-8.125],"ix":2},"a":{"a":0,"k":[7.5,-6.5],"ix":1},"s":{"a":0,"k":[29.735,29.735],"ix":3},"r":{"a":0,"k":0,"ix":6},"o":{"a":0,"k":100,"ix":7},"sk":{"a":0,"k":0,"ix":4},"sa":{"a":0,"k":0,"ix":5},"nm":"Transform"}],"nm":"Ellipse 3","np":3,"cix":2,"bm":0,"ix":1,"mn":"ADBE Vector Group","hd":false},{"ty":"gr","it":[{"ind":0,"ty":"sh","ix":1,"ks":{"a":1,"k":[{"i":{"x":0.833,"y":0.833},"o":{"x":0.167,"y":0.167},"t":21,"s":[{"i":[[-8.215,0],[0,-8.215],[8.215,0],[0,8.215]],"o":[[8.215,0],[0,8.215],[-8.215,0],[0,-8.215]],"v":[[-6.895,20.154],[7.98,35.029],[-6.895,49.904],[-21.77,35.029]],"c":true}]},{"i":{"x":0.833,"y":0.833},"o":{"x":0.167,"y":0.167},"t":30,"s":[{"i":[[-8.215,0],[0,-8.215],[8.215,0],[0,8.215]],"o":[[8.215,0],[0,8.215],[-8.215,0],[0,-8.215]],"v":[[-7.031,6.289],[8.858,20.61],[-5.935,36.912],[-23.381,23.285]],"c":true}]},{"i":{"x":0.833,"y":0.833},"o":{"x":0.167,"y":0.167},"t":41,"s":[{"i":[[-8.215,0],[1.188,-8.129],[8.215,0],[1.488,1.202]],"o":[[8.215,0],[-0.199,1.361],[-8.215,0],[-6.39,-5.163]],"v":[[14.406,-3.761],[23.036,2.39],[10.04,3.252],[-2.166,-0.322]],"c":true}]},{"i":{"x":0.833,"y":0.833},"o":{"x":0.167,"y":0.167},"t":50,"s":[{"i":[[-8.215,0],[1.188,-8.129],[8.215,0],[1.488,1.202]],"o":[[8.215,0],[-0.199,1.361],[-8.215,0],[-6.39,-5.163]],"v":[[20.434,-41.787],[28.577,-31.023],[15.582,-30.16],[3.376,-33.735]],"c":true}]},{"i":{"x":0.833,"y":0.833},"o":{"x":0.167,"y":0.167},"t":60,"s":[{"i":[[-8.215,0],[-0.012,-3.034],[8.215,0],[1.488,1.202]],"o":[[8.215,0],[0.005,1.375],[-8.215,0],[-6.39,-5.163]],"v":[[20.434,-41.787],[29.435,-38.706],[16.835,-37.81],[3.534,-37.898]],"c":true}]},{"i":{"x":0.833,"y":0.833},"o":{"x":0.167,"y":0.167},"t":70,"s":[{"i":[[-8.215,0],[-0.012,-3.034],[8.215,0],[1.488,1.202]],"o":[[8.215,0],[0.005,1.375],[-8.215,0],[-6.39,-5.163]],"v":[[20.434,-41.787],[29.435,-38.706],[16.835,-37.81],[3.534,-37.898]],"c":true}]},{"i":{"x":0.833,"y":0.833},"o":{"x":0.167,"y":0.167},"t":80,"s":[{"i":[[-8.215,0],[-0.012,-3.034],[8.215,0],[0.456,1.858]],"o":[[8.215,0],[0.005,1.375],[-8.215,0],[-2.125,-8.657]],"v":[[27.107,-53.018],[37.323,-38.447],[25.816,-27.208],[14.83,-37.725]],"c":true}]},{"i":{"x":0.833,"y":0.833},"o":{"x":0.167,"y":0.167},"t":90,"s":[{"i":[[-8.215,0],[-0.012,-3.034],[8.215,0],[0.456,1.858]],"o":[[8.215,0],[0.005,1.375],[-8.215,0],[-2.125,-8.657]],"v":[[60.998,-90.237],[71.214,-75.665],[59.707,-64.427],[48.721,-74.943]],"c":true}]},{"i":{"x":0.833,"y":0.833},"o":{"x":0.167,"y":0.167},"t":100,"s":[{"i":[[-8.215,0],[-0.012,-3.034],[8.215,0],[0.456,1.858]],"o":[[8.215,0],[0.005,1.375],[-8.215,0],[-2.125,-8.657]],"v":[[108.345,-96.996],[118.561,-82.424],[107.054,-71.186],[96.068,-81.703]],"c":true}]},{"i":{"x":0.833,"y":0.833},"o":{"x":0.167,"y":0.167},"t":110,"s":[{"i":[[-8.215,0],[-0.012,-3.034],[8.215,0],[0.456,1.858]],"o":[[8.215,0],[0.005,1.375],[-8.215,0],[-2.125,-8.657]],"v":[[155.318,-131.113],[165.534,-116.542],[154.027,-105.303],[143.041,-115.82]],"c":true}]},{"t":119.000004846969,"s":[{"i":[[-8.215,0],[-0.012,-3.034],[8.215,0],[0.456,1.858]],"o":[[8.215,0],[0.005,1.375],[-8.215,0],[-2.125,-8.657]],"v":[[199.745,-81.532],[209.961,-66.96],[198.454,-55.722],[187.468,-66.239]],"c":true}]}],"ix":2},"nm":"Path 1","mn":"ADBE Vector Shape - Group","hd":false},{"ty":"st","c":{"a":0,"k":[0,0.4,0,1],"ix":3},"o":{"a":0,"k":100,"ix":4},"w":{"a":0,"k":3,"ix":5},"lc":1,"lj":1,"ml":4,"bm":0,"nm":"Stroke 1","mn":"ADBE Vector Graphic - Stroke","hd":false},{"ty":"fl","c":{"a":0,"k":[0,0.4,0,1],"ix":4},"o":{"a":0,"k":100,"ix":5},"r":1,"bm":0,"nm":"Fill 1","mn":"ADBE Vector Graphic - Fill","hd":false},{"ty":"tr","p":{"a":0,"k":[-17.625,-8.125],"ix":2},"a":{"a":0,"k":[7.5,-6.5],"ix":1},"s":{"a":0,"k":[29.735,29.735],"ix":3},"r":{"a":0,"k":0,"ix":6},"o":{"a":0,"k":100,"ix":7},"sk":{"a":0,"k":0,"ix":4},"sa":{"a":0,"k":0,"ix":5},"nm":"Transform"}],"nm":"Ellipse 2","np":3,"cix":2,"bm":0,"ix":2,"mn":"ADBE Vector Group","hd":false},{"ty":"gr","it":[{"ind":0,"ty":"sh","ix":1,"ks":{"a":1,"k":[{"i":{"x":0.833,"y":0.833},"o":{"x":0.167,"y":0.167},"t":21,"s":[{"i":[[-8.215,0],[0,-8.215],[8.215,0],[0,8.215]],"o":[[8.215,0],[0,8.215],[-8.215,0],[0,-8.215]],"v":[[0,-14.875],[14.875,0],[0,14.875],[-14.875,0]],"c":true}]},{"i":{"x":0.833,"y":0.833},"o":{"x":0.167,"y":0.167},"t":30,"s":[{"i":[[-8.215,0],[0,-8.215],[8.215,0],[0,8.215]],"o":[[8.215,0],[0,8.215],[-8.215,0],[0,-8.215]],"v":[[0,-14.875],[13.975,-3.124],[-0.173,7.6],[-14.934,-1.879]],"c":true}]},{"i":{"x":0.833,"y":0.833},"o":{"x":0.167,"y":0.167},"t":41,"s":[{"i":[[-8.215,0],[-0.109,-1.895],[8.215,0],[0.295,1.229]],"o":[[8.215,0],[0.2,3.481],[-8.215,0],[-0.42,-1.754]],"v":[[5.034,-4.093],[20.453,-0.948],[7.389,-0.644],[-6.978,0.493]],"c":true}]},{"i":{"x":0.833,"y":0.833},"o":{"x":0.167,"y":0.167},"t":50,"s":[{"i":[[-8.215,0],[1.143,-1.516],[8.215,0],[0.009,1.156]],"o":[[8.215,0],[-0.12,0.53],[-8.215,0],[-0.014,-1.803]],"v":[[5.703,-9.426],[17.827,-7.257],[5.748,-7.79],[-6.039,-7.66]],"c":true}]},{"i":{"x":0.833,"y":0.833},"o":{"x":0.167,"y":0.167},"t":60,"s":[{"i":[[-8.215,0],[1.143,-1.516],[8.215,0],[0.009,1.156]],"o":[[8.215,0],[-0.12,0.53],[-8.215,0],[-0.014,-1.803]],"v":[[5.783,-8.296],[17.492,-10.242],[5.748,-7.79],[-5.959,-6.53]],"c":true}]},{"i":{"x":0.833,"y":0.833},"o":{"x":0.167,"y":0.167},"t":70,"s":[{"i":[[-8.215,0],[1.143,-1.516],[8.215,0],[0.009,1.156]],"o":[[8.215,0],[-0.12,0.53],[-8.215,0],[-0.014,-1.803]],"v":[[5.783,-8.296],[17.492,-10.242],[5.748,-7.79],[-5.959,-6.53]],"c":true}]},{"i":{"x":0.833,"y":0.833},"o":{"x":0.167,"y":0.167},"t":80,"s":[{"i":[[-8.135,-1.148],[-2.007,-4.381],[2.546,0.722],[0.9,0.726]],"o":[[4.377,0.618],[2.007,4.381],[-4.725,-1.34],[-1.842,-1.485]],"v":[[-15.729,2.566],[-9.879,10.568],[-5.538,17.131],[-17.067,8.74]],"c":true}]},{"i":{"x":0.833,"y":0.833},"o":{"x":0.167,"y":0.167},"t":90,"s":[{"i":[[-8.135,-1.148],[-2.007,-4.381],[2.546,0.722],[1.473,4.482]],"o":[[4.377,0.618],[2.007,4.381],[-4.725,-1.34],[-2.745,-8.352]],"v":[[-12.721,-10.184],[-4.854,7.222],[-5.538,17.131],[-19.469,5.099]],"c":true}]},{"i":{"x":0.833,"y":0.833},"o":{"x":0.167,"y":0.167},"t":100,"s":[{"i":[[-8.135,-1.148],[2.216,-4.279],[2.546,0.722],[-1.403,3.008]],"o":[[4.377,0.618],[-3.195,6.17],[-4.725,-1.34],[3.715,-7.968]],"v":[[-9.99,-16.759],[-5.338,-2.801],[-18.617,4.834],[-23.869,-7.396]],"c":true}]},{"i":{"x":0.833,"y":0.833},"o":{"x":0.167,"y":0.167},"t":110,"s":[{"i":[[-8.135,-1.148],[2.216,-4.279],[2.546,0.722],[-1.403,3.008]],"o":[[4.377,0.618],[-3.195,6.17],[-4.725,-1.34],[3.715,-7.968]],"v":[[-3.899,-29.065],[0.753,-15.107],[-12.526,-7.472],[-17.778,-19.702]],"c":true}]},{"t":119.000004846969,"s":[{"i":[[-8.135,-1.148],[2.216,-4.279],[2.546,0.722],[-1.403,3.008]],"o":[[4.377,0.618],[-3.195,6.17],[-4.725,-1.34],[3.715,-7.968]],"v":[[7.27,-17.882],[11.922,-3.924],[-1.357,3.711],[-6.609,-8.519]],"c":true}]}],"ix":2},"nm":"Path 1","mn":"ADBE Vector Shape - Group","hd":false},{"ty":"st","c":{"a":0,"k":[0,0.4,0,1],"ix":3},"o":{"a":0,"k":100,"ix":4},"w":{"a":0,"k":3,"ix":5},"lc":1,"lj":1,"ml":4,"bm":0,"nm":"Stroke 1","mn":"ADBE Vector Graphic - Stroke","hd":false},{"ty":"fl","c":{"a":0,"k":[0,0.4,0,1],"ix":4},"o":{"a":0,"k":100,"ix":5},"r":1,"bm":0,"nm":"Fill 1","mn":"ADBE Vector Graphic - Fill","hd":false},{"ty":"tr","p":{"a":0,"k":[15.625,-12.125],"ix":2},"a":{"a":0,"k":[7.5,-6.5],"ix":1},"s":{"a":0,"k":[100,100],"ix":3},"r":{"a":0,"k":0,"ix":6},"o":{"a":0,"k":100,"ix":7},"sk":{"a":0,"k":0,"ix":4},"sa":{"a":0,"k":0,"ix":5},"nm":"Transform"}],"nm":"Ellipse 1","np":3,"cix":2,"bm":0,"ix":3,"mn":"ADBE Vector Group","hd":false},{"ty":"tr","p":{"a":0,"k":[8.636,-9.522],"ix":2},"a":{"a":0,"k":[8.895,-5.625],"ix":1},"s":{"a":0,"k":[100,100],"ix":3},"r":{"a":0,"k":0,"ix":6},"o":{"a":0,"k":100,"ix":7},"sk":{"a":0,"k":0,"ix":4},"sa":{"a":0,"k":0,"ix":5},"nm":"Transform"}],"nm":"Group 1","np":3,"cix":2,"bm":0,"ix":1,"mn":"ADBE Vector Group","hd":false},{"ind":1,"ty":"sh","ix":2,"ks":{"a":1,"k":[{"i":{"x":0.833,"y":0.833},"o":{"x":0.167,"y":0.167},"t":11,"s":[{"i":[[5.669,26.069],[0,0],[0,0],[-37.441,-8.279]],"o":[[-35.774,-2.806],[0,0],[0,0],[0.557,0.123]],"v":[[62.707,-45.758],[-46.083,-37.439],[-47.584,26.686],[57.134,30.827]],"c":true}]},{"i":{"x":0.833,"y":0.833},"o":{"x":0.167,"y":0.167},"t":21,"s":[{"i":[[5.669,26.069],[0,0],[16.482,-11.065],[-47.253,-26.229]],"o":[[-35.774,-2.806],[0,0],[30.578,5.55],[0.499,0.277]],"v":[[62.707,-45.758],[-39.058,-18.769],[-54.482,20.896],[57.134,30.827]],"c":true}]},{"i":{"x":0.833,"y":0.833},"o":{"x":0.167,"y":0.167},"t":31,"s":[{"i":[[22.628,23.634],[0,0],[21.444,-9.993],[-47.253,-26.229]],"o":[[-51.187,1.139],[0,0],[26.76,10.367],[0.499,0.277]],"v":[[62.707,-45.758],[-38.95,-14.716],[-50.673,5.553],[54.681,12.967]],"c":true}]},{"i":{"x":0.833,"y":0.833},"o":{"x":0.167,"y":0.167},"t":41,"s":[{"i":[[22.628,23.634],[0,0],[-10.241,4.316],[-42.995,-27.906]],"o":[[-39.177,22.744],[0,0],[1.681,11.931],[0.479,0.311]],"v":[[61.656,-32.82],[-38.95,-14.716],[-9.944,-9.834],[54.245,2.864]],"c":true}]},{"i":{"x":0.833,"y":0.833},"o":{"x":0.167,"y":0.167},"t":51,"s":[{"i":[[22.628,23.634],[0,0],[-12.949,0.683],[-26.344,-12.211]],"o":[[-39.177,22.744],[0,0],[14.324,-0.754],[0.518,0.24]],"v":[[61.656,-32.82],[-38.95,-14.716],[-6.03,-15.116],[55.186,-9.847]],"c":true}]},{"i":{"x":0.833,"y":0.833},"o":{"x":0.167,"y":0.167},"t":61,"s":[{"i":[[1.173,1.226],[0,0],[-12.949,0.683],[-19.431,10.704]],"o":[[-39.177,22.744],[0,0],[14.324,-0.754],[0.5,-0.275]],"v":[[61.656,-32.82],[-33.127,-15.473],[-6.03,-15.116],[61.214,-32.544]],"c":true}]},{"i":{"x":0.833,"y":0.833},"o":{"x":0.167,"y":0.167},"t":71,"s":[{"i":[[-0.316,0.679],[0.574,2.754],[-6.916,24.53],[4.636,-7.042]],"o":[[-21.389,-6.443],[-0.437,-2.097],[-2.714,14.793],[-0.866,7.643]],"v":[[-21.114,3.308],[-35.744,-19.31],[-17.049,-52.362],[-43.345,-11.647]],"c":true}]},{"i":{"x":0.833,"y":0.833},"o":{"x":0.167,"y":0.167},"t":80,"s":[{"i":[[-1.657,0.186],[1.09,5.233],[-7.478,1.648],[-4.554,-6.87]],"o":[[-25.793,-5.015],[-0.83,-3.984],[-1.963,22.283],[-6.301,33.109]],"v":[[10.645,9.198],[-21.604,-22.016],[-14.402,-58.538],[2.33,-24.62]],"c":true}]},{"i":{"x":0.833,"y":0.833},"o":{"x":0.167,"y":0.167},"t":90,"s":[{"i":[[-1.657,0.186],[-4.174,21.865],[-7.478,1.648],[-4.554,-6.87]],"o":[[-31.171,0.919],[3.275,-17.159],[-1.963,22.283],[-31.242,36.925]],"v":[[20.429,10.237],[-20.192,-34.881],[17.864,-65.731],[23.073,-34.496]],"c":true}]},{"i":{"x":0.833,"y":0.833},"o":{"x":0.167,"y":0.167},"t":100,"s":[{"i":[[-1.657,0.186],[-5.157,26.208],[-21.88,1.138],[-4.554,-6.87]],"o":[[-22.914,-6.336],[4.877,-24.785],[-1.963,22.283],[-35.173,-2.169]],"v":[[2.821,9.782],[-22.041,-20.678],[32.775,-61.216],[47.452,-21.14]],"c":true}]},{"i":{"x":0.833,"y":0.833},"o":{"x":0.167,"y":0.167},"t":110,"s":[{"i":[[-1.657,0.186],[1.859,15.831],[-21.88,1.138],[-4.554,-6.87]],"o":[[-22.914,-6.336],[9.466,-21.726],[-1.963,22.283],[-35.173,-2.169]],"v":[[-8.19,19.173],[-41.122,-14.051],[47.484,-76.828],[59.645,-35.789]],"c":true}]},{"t":119.000004846969,"s":[{"i":[[-1.657,0.186],[1.859,15.831],[-21.88,1.138],[-4.554,-6.87]],"o":[[-22.914,-6.336],[9.466,-21.726],[-1.963,22.283],[-35.173,-2.169]],"v":[[-6.317,25.251],[-28.983,-9],[57.946,-51.385],[68.297,-17.339]],"c":true}]}],"ix":2},"nm":"Path 1","mn":"ADBE Vector Shape - Group","hd":false},{"ty":"st","c":{"a":0,"k":[0,0.4,0,1],"ix":3},"o":{"a":0,"k":100,"ix":4},"w":{"a":0,"k":3,"ix":5},"lc":1,"lj":1,"ml":4,"bm":0,"nm":"Stroke 1","mn":"ADBE Vector Graphic - Stroke","hd":false},{"ty":"fl","c":{"a":0,"k":[0.3137,0.7569,0.3294,1],"ix":4},"o":{"a":0,"k":100,"ix":5},"r":1,"bm":0,"nm":"Fill 1","mn":"ADBE Vector Graphic - Fill","hd":false},{"ty":"tr","p":{"a":0,"k":[17,-10.5],"ix":2},"a":{"a":0,"k":[7.5,-6.5],"ix":1},"s":{"a":0,"k":[100,100],"ix":3},"r":{"a":0,"k":0,"ix":6},"o":{"a":1,"k":[{"i":{"x":[0.833],"y":[0.833]},"o":{"x":[0.167],"y":[0.167]},"t":60,"s":[100]},{"i":{"x":[0.833],"y":[0.833]},"o":{"x":[0.167],"y":[0.167]},"t":61,"s":[0]},{"i":{"x":[0.833],"y":[0.833]},"o":{"x":[0.167],"y":[0.167]},"t":72,"s":[0]},{"t":74.0000030140818,"s":[100]}],"ix":7},"sk":{"a":0,"k":0,"ix":4},"sa":{"a":0,"k":0,"ix":5},"nm":"Transform"}],"nm":"Shape 2","np":4,"cix":2,"bm":0,"ix":1,"mn":"ADBE Vector Group","hd":false},{"ty":"gr","it":[{"ind":0,"ty":"sh","ix":1,"ks":{"a":1,"k":[{"i":{"x":0.833,"y":0.833},"o":{"x":0.167,"y":0.167},"t":11,"s":[{"i":[[-5.457,25.57],[22.471,-4.69],[0,0],[0,0],[-18.52,-4.386]],"o":[[-25.122,-1.97],[-4.273,0.892],[0,0],[0,0],[10.232,-15.2]],"v":[[62.707,-45.758],[-26.361,-35.457],[-42,-32],[-42,19],[54.035,27.642]],"c":true}]},{"i":{"x":0.833,"y":0.833},"o":{"x":0.167,"y":0.167},"t":21,"s":[{"i":[[-5.457,25.57],[20.851,-10.458],[0,0],[-8.151,-3.602],[-13.46,-29.35]],"o":[[-25.122,-1.97],[-3.965,1.989],[0,0],[26.541,11.728],[10.232,-15.2]],"v":[[62.707,-45.758],[-22.021,-20.002],[-36.484,-12.358],[-31.938,13.988],[54.035,27.642]],"c":true}]},{"i":{"x":0.833,"y":0.833},"o":{"x":0.167,"y":0.167},"t":31,"s":[{"i":[[-5.457,25.57],[20.367,-9.273],[0,0],[6.415,-2.508],[-30.107,-24.586]],"o":[[-25.388,-0.432],[-3.873,1.763],[0,0],[30.498,5.396],[-0.511,-21.256]],"v":[[61.745,-43.673],[-20.996,-19.285],[-36.74,-12.58],[-43.726,6.53],[54.599,12.286]],"c":true}]},{"i":{"x":0.833,"y":0.833},"o":{"x":0.167,"y":0.167},"t":41,"s":[{"i":[[-5.457,25.57],[18.766,-0.607],[0,0],[-20.544,-4.101],[-36.244,-5.057]],"o":[[-27.777,13.41],[-3.569,0.116],[0,0],[20.544,4.101],[-0.511,-21.256]],"v":[[62.467,-31.704],[-9.769,-14.275],[-39.038,-14.578],[-15.818,-2.632],[54.264,3.488]],"c":true}]},{"i":{"x":0.833,"y":0.833},"o":{"x":0.167,"y":0.167},"t":51,"s":[{"i":[[-5.457,25.57],[18.384,-0.926],[0,0],[-10.043,-5.421],[-36.244,-5.057]],"o":[[-26.031,12.567],[-4.964,0.25],[0,0],[27.802,19.821],[3.213,-9.275]],"v":[[62.467,-31.704],[-6.147,-14.425],[-39.038,-14.578],[-5.524,-45.06],[56.609,-10.182]],"c":true}]},{"i":{"x":0.833,"y":0.833},"o":{"x":0.167,"y":0.167},"t":61,"s":[{"i":[[-11.161,-7.457],[25.146,2.393],[0,0],[-10.043,-5.421],[-36.243,-5.057]],"o":[[-26.031,12.567],[-25.146,-2.393],[0,0],[27.802,19.821],[3.213,-9.275]],"v":[[66.955,-18.251],[-10.182,1.767],[-43.583,-8.916],[-10.085,-39.503],[64.669,-31.12]],"c":true}]},{"i":{"x":0.833,"y":0.833},"o":{"x":0.167,"y":0.167},"t":71,"s":[{"i":[[-11.161,-7.457],[25.146,2.393],[0,0],[-3.964,22.408],[-36.243,-5.057]],"o":[[-26.031,12.567],[-25.146,-2.393],[0,0],[27.802,19.821],[9.634,12.518]],"v":[[67.888,-2.271],[-4.755,6.3],[-46.903,-8.618],[-16.951,-52.608],[64.024,-36.818]],"c":true}]},{"i":{"x":0.833,"y":0.833},"o":{"x":0.167,"y":0.167},"t":80,"s":[{"i":[[-11.161,-7.457],[25.146,2.393],[0,0],[-3.964,22.408],[-25.758,19.012]],"o":[[-18.28,17.532],[-25.146,-2.393],[0,0],[11.655,38.19],[9.634,12.518]],"v":[[59.145,-11.915],[10.419,9.106],[2.722,-25.206],[-14.413,-55.702],[38.771,-51.139]],"c":true}]},{"i":{"x":0.833,"y":0.833},"o":{"x":0.167,"y":0.167},"t":88,"s":[{"i":[[-12.731,-6.275],[14.551,-0.223],[0,0],[-3.964,22.408],[-25.758,19.012]],"o":[[-18.28,17.532],[-25.182,1.007],[0,0],[11.655,38.19],[9.634,12.518]],"v":[[51.709,-14.575],[17.945,10.164],[2.722,-25.206],[-7.866,-36.377],[25.236,-41.057]],"c":true}]},{"i":{"x":0.833,"y":0.833},"o":{"x":0.167,"y":0.167},"t":90,"s":[{"i":[[-13.124,-5.979],[11.902,-0.877],[0,0],[-3.964,22.408],[-25.758,19.012]],"o":[[-18.28,17.532],[-25.191,1.857],[0,0],[11.655,38.19],[9.634,12.518]],"v":[[49.85,-15.24],[19.826,10.428],[2.722,-25.206],[-11.523,-48.08],[21.853,-38.537]],"c":true}]},{"i":{"x":0.833,"y":0.833},"o":{"x":0.167,"y":0.167},"t":100,"s":[{"i":[[-13.124,-5.979],[-0.482,-0.177],[0,0],[-9.366,18.91],[-8.18,-4.268]],"o":[[-0.07,0.231],[-20.898,-7.002],[0,0],[0.855,4.862],[-0.883,12.073]],"v":[[2.933,7.829],[2.948,9.571],[-17.166,-9.236],[-1.239,-38.178],[-1.917,-22.691]],"c":true}]},{"i":{"x":0.833,"y":0.833},"o":{"x":0.167,"y":0.167},"t":110,"s":[{"i":[[-13.124,-5.979],[-0.482,-0.177],[0,0],[-9.366,18.91],[-8.18,-4.268]],"o":[[-0.07,0.231],[-20.898,-7.002],[0,0],[0.855,4.862],[-0.883,12.073]],"v":[[-6.179,1.203],[-6.164,2.944],[-28.628,-15.306],[-10.686,-41.449],[-1.917,-22.691]],"c":true}]},{"t":119.000004846969,"s":[{"i":[[-13.124,-5.979],[-0.482,-0.177],[0,0],[-9.366,18.91],[-8.18,-4.268]],"o":[[-0.07,0.231],[-20.898,-7.002],[0,0],[0.855,4.862],[-0.883,12.073]],"v":[[-6.179,1.203],[-6.164,2.944],[-20.913,-10.671],[15.968,-35.384],[19.126,-13.558]],"c":true}]}],"ix":2},"nm":"Path 1","mn":"ADBE Vector Shape - Group","hd":false},{"ty":"st","c":{"a":0,"k":[0,0.4,0,1],"ix":3},"o":{"a":0,"k":100,"ix":4},"w":{"a":0,"k":3,"ix":5},"lc":1,"lj":1,"ml":4,"bm":0,"nm":"Stroke 1","mn":"ADBE Vector Graphic - Stroke","hd":false},{"ty":"fl","c":{"a":0,"k":[0,0.4,0,1],"ix":4},"o":{"a":0,"k":100,"ix":5},"r":1,"bm":0,"nm":"Fill 1","mn":"ADBE Vector Graphic - Fill","hd":false},{"ty":"tr","p":{"a":0,"k":[17,-10.5],"ix":2},"a":{"a":0,"k":[7.5,-6.5],"ix":1},"s":{"a":0,"k":[100,100],"ix":3},"r":{"a":0,"k":0,"ix":6},"o":{"a":1,"k":[{"i":{"x":[0.833],"y":[0.833]},"o":{"x":[0.167],"y":[0.167]},"t":58,"s":[100]},{"t":61.0000024845809,"s":[100]}],"ix":7},"sk":{"a":0,"k":0,"ix":4},"sa":{"a":0,"k":0,"ix":5},"nm":"Transform"}],"nm":"Shape 1","np":3,"cix":2,"bm":0,"ix":2,"mn":"ADBE Vector Group","hd":false}],"ip":0,"op":120.0000048877,"st":0,"bm":0},{"ddd":0,"ind":2,"ty":4,"nm":"Shape Layer 3","sr":1,"ks":{"o":{"a":1,"k":[{"i":{"x":[0.833],"y":[0.833]},"o":{"x":[0.167],"y":[0.167]},"t":15,"s":[100]},{"i":{"x":[0.833],"y":[0.833]},"o":{"x":[0.167],"y":[0.167]},"t":112,"s":[100]},{"i":{"x":[0.833],"y":[0.833]},"o":{"x":[0.167],"y":[0.167]},"t":119,"s":[0]},{"i":{"x":[0.833],"y":[0.833]},"o":{"x":[0.167],"y":[0.167]},"t":125,"s":[100]},{"t":134.000005457932,"s":[0]}],"ix":11},"r":{"a":1,"k":[{"i":{"x":[0.833],"y":[0.833]},"o":{"x":[0.167],"y":[0.167]},"t":38.9,"s":[32]},{"i":{"x":[0.833],"y":[0.833]},"o":{"x":[0.167],"y":[0.167]},"t":47,"s":[4.5]},{"i":{"x":[0.833],"y":[0.833]},"o":{"x":[0.167],"y":[0.167]},"t":55.1,"s":[-12]},{"i":{"x":[0.833],"y":[0.833]},"o":{"x":[0.167],"y":[0.167]},"t":71.3,"s":[-8]},{"i":{"x":[0.833],"y":[0.833]},"o":{"x":[0.167],"y":[0.167]},"t":79.4,"s":[14]},{"i":{"x":[0.833],"y":[0.833]},"o":{"x":[0.167],"y":[0.167]},"t":87.5,"s":[35]},{"t":103.700004223788,"s":[15]}],"ix":10},"p":{"a":1,"k":[{"i":{"x":0.833,"y":0.833},"o":{"x":0.167,"y":0.167},"t":38.9,"s":[632,281,0],"to":[-9.583,-9.417,0],"ti":[25.083,4.917,0]},{"i":{"x":0.833,"y":0.833},"o":{"x":0.167,"y":0.167},"t":47,"s":[568.5,251.5,0],"to":[-25.083,-4.917,0],"ti":[27,-3.75,0]},{"i":{"x":0.833,"y":0.833},"o":{"x":0.167,"y":0.167},"t":55.1,"s":[477,246.25,0],"to":[-27,3.75,0],"ti":[16.5,-3.75,0]},{"i":{"x":0.833,"y":0.833},"o":{"x":0.167,"y":0.167},"t":63.2,"s":[411.5,258.25,0],"to":[-16.5,3.75,0],"ti":[16.812,0.344,0]},{"i":{"x":0.833,"y":0.833},"o":{"x":0.167,"y":0.167},"t":71.3,"s":[348.5,288.75,0],"to":[-16.812,-0.344,0],"ti":[0.417,-0.083,0]},{"i":{"x":0.833,"y":0.833},"o":{"x":0.167,"y":0.167},"t":79.4,"s":[276,257.25,0],"to":[-0.417,0.083,0],"ti":[16.25,10.25,0]},{"i":{"x":0.833,"y":0.833},"o":{"x":0.167,"y":0.167},"t":87.5,"s":[197,201.25,0],"to":[-16.25,-10.25,0],"ti":[36.5,18.25,0]},{"i":{"x":0.833,"y":0.833},"o":{"x":0.167,"y":0.167},"t":95.6,"s":[122,163.25,0],"to":[-36.5,-18.25,0],"ti":[34.5,5.75,0]},{"i":{"x":0.833,"y":0.833},"o":{"x":0.167,"y":0.167},"t":103.7,"s":[28,143.25,0],"to":[-34.5,-5.75,0],"ti":[0.333,0.042,0]},{"t":111.800004553707,"s":[-95,132,0]}],"ix":2},"a":{"a":0,"k":[0,0,0],"ix":1},"s":{"a":1,"k":[{"i":{"x":[0.833,0.833,0.833],"y":[0.833,0.833,0.833]},"o":{"x":[0.167,0.167,0.167],"y":[0.167,0.167,0.167]},"t":63.2,"s":[73,73,100]},{"i":{"x":[0.833,0.833,0.833],"y":[0.833,0.833,0.833]},"o":{"x":[0.167,0.167,0.167],"y":[0.167,0.167,0.167]},"t":79.4,"s":[63,63,100]},{"t":95.6000038938678,"s":[53,53,100]}],"ix":6}},"ao":0,"shapes":[{"ty":"gr","it":[{"ty":"gr","it":[{"ty":"gr","it":[{"ind":0,"ty":"sh","ix":1,"ks":{"a":1,"k":[{"i":{"x":0.833,"y":0.833},"o":{"x":0.167,"y":0.167},"t":30.8,"s":[{"i":[[-8.215,0],[0,-8.215],[8.215,0],[0,8.215]],"o":[[8.215,0],[0,8.215],[-8.215,0],[0,-8.215]],"v":[[0.032,-32.211],[14.907,-17.336],[0.032,-2.461],[-14.843,-17.336]],"c":true}]},{"i":{"x":0.833,"y":0.833},"o":{"x":0.167,"y":0.167},"t":47,"s":[{"i":[[-8.215,0],[0,-8.215],[8.215,0],[0,8.215]],"o":[[8.215,0],[0,8.215],[-8.215,0],[0,-8.215]],"v":[[64.777,-9.579],[79.652,5.296],[64.777,20.171],[49.902,5.296]],"c":true}]},{"i":{"x":0.833,"y":0.833},"o":{"x":0.167,"y":0.167},"t":55.1,"s":[{"i":[[-8.215,0],[0,-8.215],[8.215,0],[0,8.215]],"o":[[8.215,0],[0,8.215],[-8.215,0],[0,-8.215]],"v":[[100.12,-15.902],[114.928,-4.868],[100.353,8.599],[86.178,-8.188]],"c":true}]},{"i":{"x":0.833,"y":0.833},"o":{"x":0.167,"y":0.167},"t":87.5,"s":[{"i":[[-8.215,0],[0,-8.215],[8.215,0],[0,8.215]],"o":[[8.215,0],[0,8.215],[-8.215,0],[0,-8.215]],"v":[[88.024,17.524],[102.832,28.558],[88.256,42.025],[74.082,25.239]],"c":true}]},{"i":{"x":0.833,"y":0.833},"o":{"x":0.167,"y":0.167},"t":95.6,"s":[{"i":[[-8.215,0],[0.935,-3.911],[8.215,0],[0,8.215]],"o":[[8.215,0],[-1.91,7.99],[-8.215,0],[0,-8.215]],"v":[[50.13,46.632],[63.44,65.354],[40.987,70.104],[25.907,58.187]],"c":true}]},{"t":103.700004223788,"s":[{"i":[[-8.215,0],[1.184,-17.089],[14.521,0.874],[-2.319,12.699]],"o":[[8.215,0],[-0.568,8.196],[-8.2,-0.494],[2.426,-13.28]],"v":[[44.78,40.017],[64.88,59.602],[40.987,70.104],[19.693,58.362]],"c":true}]}],"ix":2},"nm":"Path 1","mn":"ADBE Vector Shape - Group","hd":false},{"ty":"st","c":{"a":0,"k":[0,0.4,0,1],"ix":3},"o":{"a":0,"k":100,"ix":4},"w":{"a":0,"k":3,"ix":5},"lc":1,"lj":1,"ml":4,"bm":0,"nm":"Stroke 1","mn":"ADBE Vector Graphic - Stroke","hd":false},{"ty":"fl","c":{"a":0,"k":[0,0.4,0,1],"ix":4},"o":{"a":0,"k":100,"ix":5},"r":1,"bm":0,"nm":"Fill 1","mn":"ADBE Vector Graphic - Fill","hd":false},{"ty":"tr","p":{"a":0,"k":[39.875,-8.125],"ix":2},"a":{"a":0,"k":[7.5,-6.5],"ix":1},"s":{"a":0,"k":[29.735,29.735],"ix":3},"r":{"a":0,"k":0,"ix":6},"o":{"a":0,"k":100,"ix":7},"sk":{"a":0,"k":0,"ix":4},"sa":{"a":0,"k":0,"ix":5},"nm":"Transform"}],"nm":"Ellipse 3","np":3,"cix":2,"bm":0,"ix":1,"mn":"ADBE Vector Group","hd":false},{"ty":"gr","it":[{"ind":0,"ty":"sh","ix":1,"ks":{"a":1,"k":[{"i":{"x":0.833,"y":0.833},"o":{"x":0.167,"y":0.167},"t":30.8,"s":[{"i":[[-8.215,0],[0,-8.215],[8.215,0],[0,8.215]],"o":[[8.215,0],[0,8.215],[-8.215,0],[0,-8.215]],"v":[[-0.18,-46.678],[14.421,-44.194],[3.789,-35.026],[-14.78,-41.142]],"c":true}]},{"i":{"x":0.833,"y":0.833},"o":{"x":0.167,"y":0.167},"t":55.1,"s":[{"i":[[-8.215,0],[0,-8.215],[8.215,0],[0,8.215]],"o":[[8.215,0],[0,8.215],[-8.215,0],[0,-8.215]],"v":[[-0.437,-44.083],[14.59,-39.449],[3.789,-35.026],[-16.403,-37.66]],"c":true}]},{"i":{"x":0.833,"y":0.833},"o":{"x":0.167,"y":0.167},"t":95.6,"s":[{"i":[[-8.215,0],[-0.048,-2.687],[8.215,0],[-0.289,2.465]],"o":[[8.215,0],[0.054,3.023],[-8.215,0],[0.957,-8.159]],"v":[[2.231,49.188],[24.418,48.737],[2.546,50.538],[-16.567,46.13]],"c":true}]},{"t":103.700004223788,"s":[{"i":[[-8.215,0],[0.81,-9.792],[9.086,0.547],[-0.148,2.477]],"o":[[8.215,0],[-0.689,8.332],[-9.086,-0.547],[1.07,-17.884]],"v":[[12.345,6.832],[26.562,26.7],[5.441,35.752],[-9.437,21.564]],"c":true}]}],"ix":2},"nm":"Path 1","mn":"ADBE Vector Shape - Group","hd":false},{"ty":"st","c":{"a":0,"k":[0,0.4,0,1],"ix":3},"o":{"a":0,"k":100,"ix":4},"w":{"a":0,"k":3,"ix":5},"lc":1,"lj":1,"ml":4,"bm":0,"nm":"Stroke 1","mn":"ADBE Vector Graphic - Stroke","hd":false},{"ty":"fl","c":{"a":0,"k":[0,0.4,0,1],"ix":4},"o":{"a":0,"k":100,"ix":5},"r":1,"bm":0,"nm":"Fill 1","mn":"ADBE Vector Graphic - Fill","hd":false},{"ty":"tr","p":{"a":0,"k":[-17.625,-8.125],"ix":2},"a":{"a":0,"k":[7.5,-6.5],"ix":1},"s":{"a":0,"k":[29.735,29.735],"ix":3},"r":{"a":0,"k":0,"ix":6},"o":{"a":0,"k":100,"ix":7},"sk":{"a":0,"k":0,"ix":4},"sa":{"a":0,"k":0,"ix":5},"nm":"Transform"}],"nm":"Ellipse 2","np":3,"cix":2,"bm":0,"ix":2,"mn":"ADBE Vector Group","hd":false},{"ty":"gr","it":[{"ind":0,"ty":"sh","ix":1,"ks":{"a":1,"k":[{"i":{"x":0.833,"y":0.833},"o":{"x":0.167,"y":0.167},"t":30.8,"s":[{"i":[[-8.215,0],[0.725,-4.896],[8.215,0],[-0.518,2.456]],"o":[[8.215,0],[-0.429,2.899],[-8.215,0],[1.696,-8.038]],"v":[[0,-14.875],[14.531,-4.429],[-0.406,-5.163],[-14.965,-8.222]],"c":true}]},{"i":{"x":0.833,"y":0.833},"o":{"x":0.167,"y":0.167},"t":47,"s":[{"i":[[-8.215,0],[0.725,-4.896],[7.815,1.813],[-0.35,2.486]],"o":[[8.215,0],[-0.429,2.899],[-8.003,-1.856],[0.719,-5.104]],"v":[[14.435,-13.692],[29.586,-5.184],[13.769,-6.193],[-1.614,-10.991]],"c":true}]},{"i":{"x":0.833,"y":0.833},"o":{"x":0.167,"y":0.167},"t":55.1,"s":[{"i":[[-8.215,0],[0.725,-4.896],[7.815,1.813],[-0.042,2.51]],"o":[[8.215,0],[-0.429,2.899],[-8.003,-1.856],[0.037,-2.166]],"v":[[20.732,-13.667],[37.349,-8.348],[20.059,-9.845],[10.564,-12.691]],"c":true}]},{"i":{"x":0.833,"y":0.833},"o":{"x":0.167,"y":0.167},"t":87.5,"s":[{"i":[[-8.215,0],[0.725,-4.896],[7.815,1.813],[-0.042,2.51]],"o":[[8.215,0],[-0.429,2.899],[-8.003,-1.856],[0.037,-2.166]],"v":[[17.864,-7.164],[31.465,0.266],[6.553,8.183],[1.897,-1.187]],"c":true}]},{"i":{"x":0.833,"y":0.833},"o":{"x":0.167,"y":0.167},"t":95.6,"s":[{"i":[[-8.215,0],[-0.239,-0.505],[7.815,1.813],[-0.042,2.51]],"o":[[8.215,0],[-0.974,1.16],[-8.003,-1.856],[0.037,-2.166]],"v":[[9.17,9.643],[22.776,16.882],[5.299,16.23],[-3.238,11.504]],"c":true}]},{"t":103.700004223788,"s":[{"i":[[-8.215,0],[-0.505,-5.934],[7.815,1.813],[-0.042,2.51]],"o":[[8.215,0],[-0.974,1.16],[-8.003,-1.856],[0.037,-2.166]],"v":[[6.198,0.866],[22.776,16.882],[5.299,16.23],[-8.105,13.518]],"c":true}]}],"ix":2},"nm":"Path 1","mn":"ADBE Vector Shape - Group","hd":false},{"ty":"st","c":{"a":0,"k":[0,0.4,0,1],"ix":3},"o":{"a":0,"k":100,"ix":4},"w":{"a":0,"k":3,"ix":5},"lc":1,"lj":1,"ml":4,"bm":0,"nm":"Stroke 1","mn":"ADBE Vector Graphic - Stroke","hd":false},{"ty":"fl","c":{"a":0,"k":[0,0.4,0,1],"ix":4},"o":{"a":0,"k":100,"ix":5},"r":1,"bm":0,"nm":"Fill 1","mn":"ADBE Vector Graphic - Fill","hd":false},{"ty":"tr","p":{"a":0,"k":[15.625,-12.125],"ix":2},"a":{"a":0,"k":[7.5,-6.5],"ix":1},"s":{"a":0,"k":[100,100],"ix":3},"r":{"a":0,"k":0,"ix":6},"o":{"a":0,"k":100,"ix":7},"sk":{"a":0,"k":0,"ix":4},"sa":{"a":0,"k":0,"ix":5},"nm":"Transform"}],"nm":"Ellipse 1","np":3,"cix":2,"bm":0,"ix":3,"mn":"ADBE Vector Group","hd":false},{"ty":"tr","p":{"a":0,"k":[6.136,-10.022],"ix":2},"a":{"a":0,"k":[8.895,-5.625],"ix":1},"s":{"a":0,"k":[100,100],"ix":3},"r":{"a":0,"k":0,"ix":6},"o":{"a":0,"k":100,"ix":7},"sk":{"a":0,"k":0,"ix":4},"sa":{"a":0,"k":0,"ix":5},"nm":"Transform"}],"nm":"Group 1","np":3,"cix":2,"bm":0,"ix":1,"mn":"ADBE Vector Group","hd":false},{"ty":"tr","p":{"a":0,"k":[0,0],"ix":2},"a":{"a":0,"k":[0,0],"ix":1},"s":{"a":0,"k":[100,100],"ix":3},"r":{"a":0,"k":0,"ix":6},"o":{"a":0,"k":100,"ix":7},"sk":{"a":0,"k":0,"ix":4},"sa":{"a":0,"k":0,"ix":5},"nm":"Transform"}],"nm":"Group 1","np":1,"cix":2,"bm":0,"ix":1,"mn":"ADBE Vector Group","hd":false},{"ty":"gr","it":[{"ind":0,"ty":"sh","ix":1,"ks":{"a":1,"k":[{"i":{"x":0.833,"y":0.833},"o":{"x":0.167,"y":0.167},"t":38.9,"s":[{"i":[[-7.75,1],[23.375,-8.5],[0,0],[-28.5,-36]],"o":[[-26.75,-37.5],[0,-0.5],[0,0],[10.5,-5]],"v":[[98.75,7.5],[-41,-21.75],[-41.25,-21.75],[59.75,16.75]],"c":true}]},{"i":{"x":0.833,"y":0.833},"o":{"x":0.167,"y":0.167},"t":47,"s":[{"i":[[-7.75,1],[23.375,-8.5],[0,0],[-28.5,-36]],"o":[[-26.75,-37.5],[0,-0.5],[0,0],[10.5,-5]],"v":[[98.75,7.5],[-41,-21.75],[-41.25,-21.75],[59.179,11.078]],"c":true}]},{"i":{"x":0.833,"y":0.833},"o":{"x":0.167,"y":0.167},"t":55.1,"s":[{"i":[[-7.75,1],[23.375,-8.5],[0,0],[-28.5,-36]],"o":[[-26.75,-37.5],[0,-0.5],[0,0],[10.5,-5]],"v":[[98.75,7.5],[-41,-21.75],[-41.25,-21.75],[62.804,1.241]],"c":true}]},{"i":{"x":0.833,"y":0.833},"o":{"x":0.167,"y":0.167},"t":63.2,"s":[{"i":[[-0.887,0.139],[23.375,-8.5],[0,0],[-31.217,-22.386]],"o":[[-18.84,-25.722],[0,-0.5],[0,0],[8.672,3.983]],"v":[[86.579,-0.774],[-41,-21.75],[-41.25,-21.75],[76.948,-8.787]],"c":true}]},{"i":{"x":0.833,"y":0.833},"o":{"x":0.167,"y":0.167},"t":71.3,"s":[{"i":[[-0.887,0.139],[23.375,-8.5],[0,0],[-31.66,-26.314]],"o":[[-18.84,-25.722],[0,-0.5],[0,0],[3.043,-5.008]],"v":[[96.297,-26.95],[-41,-21.75],[-41.25,-21.75],[94.727,-27.5]],"c":true}]},{"i":{"x":0.833,"y":0.833},"o":{"x":0.167,"y":0.167},"t":79.4,"s":[{"i":[[-0.887,0.139],[20.849,6.548],[0,0],[-40.445,4.432]],"o":[[-41.388,7.817],[0,-0.5],[0,0],[0.206,-0.324]],"v":[[84.114,-21.948],[-48.354,-42.977],[-48.876,-43.037],[83.762,-19.677]],"c":true}]},{"i":{"x":0.833,"y":0.833},"o":{"x":0.167,"y":0.167},"t":87.5,"s":[{"i":[[-0.887,0.139],[20.849,6.548],[0,0],[-40.445,4.432]],"o":[[-41.388,7.817],[0,-0.5],[0,0],[0.206,-0.324]],"v":[[68.079,12.277],[-35.046,13.752],[-35.716,15.434],[67.48,12.015]],"c":true}]},{"i":{"x":0.833,"y":0.833},"o":{"x":0.167,"y":0.167},"t":95.6,"s":[{"i":[[5.512,-4.127],[20.849,6.548],[0,0],[-52.381,22.983]],"o":[[-40.444,-10.724],[0,-0.5],[0,0],[4.002,8.274]],"v":[[68.238,15.041],[-33.532,0.987],[-32.323,1.77],[81.75,-14.7]],"c":true}]},{"i":{"x":0.833,"y":0.833},"o":{"x":0.167,"y":0.167},"t":103.7,"s":[{"i":[[5.512,-4.127],[20.849,6.548],[0,0],[-52.381,22.983]],"o":[[-40.444,-10.724],[-8.779,-10.036],[0,0],[4.002,8.274]],"v":[[68.238,15.041],[-34.17,2.576],[-33.365,-48.43],[81.294,-26.987]],"c":true}]},{"t":111.800004553707,"s":[{"i":[[5.512,-4.127],[20.849,6.548],[0,0],[-52.381,22.983]],"o":[[-43.041,6.217],[-8.779,-10.036],[0,0],[4.002,8.274]],"v":[[68.238,15.041],[-33.972,1.991],[-32.254,-51.563],[81.294,-26.987]],"c":true}]}],"ix":2},"nm":"Path 1","mn":"ADBE Vector Shape - Group","hd":false},{"ty":"st","c":{"a":0,"k":[0,0.4,0,1],"ix":3},"o":{"a":0,"k":100,"ix":4},"w":{"a":0,"k":3,"ix":5},"lc":1,"lj":1,"ml":4,"bm":0,"nm":"Stroke 1","mn":"ADBE Vector Graphic - Stroke","hd":false},{"ty":"fl","c":{"a":0,"k":[0.3137,0.7569,0.3294,1],"ix":4},"o":{"a":0,"k":100,"ix":5},"r":1,"bm":0,"nm":"Fill 1","mn":"ADBE Vector Graphic - Fill","hd":false},{"ty":"tr","p":{"a":0,"k":[0,0],"ix":2},"a":{"a":0,"k":[0,0],"ix":1},"s":{"a":0,"k":[100,100],"ix":3},"r":{"a":0,"k":0,"ix":6},"o":{"a":0,"k":100,"ix":7},"sk":{"a":0,"k":0,"ix":4},"sa":{"a":0,"k":0,"ix":5},"nm":"Transform"}],"nm":"Shape 2","np":3,"cix":2,"bm":0,"ix":2,"mn":"ADBE Vector Group","hd":false},{"ty":"gr","it":[{"ind":0,"ty":"sh","ix":1,"ks":{"a":1,"k":[{"i":{"x":0.833,"y":0.833},"o":{"x":0.167,"y":0.167},"t":38.9,"s":[{"i":[[-1.25,6.25],[35,-10.75],[0,0],[-47.25,-16.75]],"o":[[-45.75,-13.5],[0.25,12],[0,0],[23.5,5]],"v":[[71,-12.75],[-49,-19.5],[-42.355,-9.192],[40.75,-7]],"c":true}]},{"i":{"x":0.833,"y":0.833},"o":{"x":0.167,"y":0.167},"t":47,"s":[{"i":[[-1.25,6.25],[35,-10.75],[0,0],[-47.25,-16.75]],"o":[[-45.75,-13.5],[0.25,12],[0,0],[23.5,5]],"v":[[71,-12.75],[-49,-19.5],[-41.719,5.024],[40.75,-7]],"c":true}]},{"i":{"x":0.833,"y":0.833},"o":{"x":0.167,"y":0.167},"t":55.1,"s":[{"i":[[-1.25,6.25],[35,-10.75],[0,0],[-47.25,-16.75]],"o":[[-45.75,-13.5],[0.25,12],[0,0],[23.5,5]],"v":[[71,-12.75],[-49,-19.5],[-38.697,26.88],[55.875,-4.807]],"c":true}]},{"i":{"x":0.833,"y":0.833},"o":{"x":0.167,"y":0.167},"t":63.2,"s":[{"i":[[-1.25,6.25],[35,-10.75],[0,0],[-42.778,-15.923]],"o":[[-20.843,-23.616],[0.25,12],[0,0],[2.696,-1.401]],"v":[[86.943,-1.182],[-49,-19.5],[-32.412,26.171],[78.17,4.532]],"c":true}]},{"i":{"x":0.833,"y":0.833},"o":{"x":0.167,"y":0.167},"t":71.3,"s":[{"i":[[-2.468,22.205],[36.917,9.009],[-20.724,-13.702],[-42.778,-15.923]],"o":[[-20.843,-23.616],[0.25,12],[25.15,6.789],[2.696,-1.401]],"v":[[96.522,-27.005],[-56.88,-32.932],[-33.995,18.635],[76.767,11.135]],"c":true}]},{"i":{"x":0.833,"y":0.833},"o":{"x":0.167,"y":0.167},"t":79.4,"s":[{"i":[[-2.468,22.205],[36.917,9.009],[-7.678,-15.524],[-37.37,12.538]],"o":[[-40.178,3.939],[-10.97,7.046],[25.15,6.789],[2.696,-1.401]],"v":[[83.575,-19.418],[-46.679,-47.865],[-27.98,15.382],[67.61,12.645]],"c":true}]},{"i":{"x":0.833,"y":0.833},"o":{"x":0.167,"y":0.167},"t":87.5,"s":[{"i":[[3.804,15.122],[36.917,9.009],[-21.932,-20.413],[-37.37,12.538]],"o":[[-40.178,3.939],[0.25,12],[25.15,6.789],[2.696,-1.401]],"v":[[81.177,-13.169],[-38.745,-48.573],[-35.067,14.85],[67.61,12.645]],"c":true}]},{"i":{"x":0.833,"y":0.833},"o":{"x":0.167,"y":0.167},"t":95.6,"s":[{"i":[[9.195,-3.6],[52.665,60.597],[-21.932,-20.413],[-37.37,12.538]],"o":[[-40.178,3.939],[0.25,12],[25.15,6.789],[2.696,-1.401]],"v":[[63.251,-7.724],[-38.745,-48.573],[-34.311,2.197],[74.214,-11.211]],"c":true}]},{"t":103.700004223788,"s":[{"i":[[9.195,-3.6],[36.917,9.009],[-1.276,-23.862],[-37.37,12.538]],"o":[[-40.178,3.939],[0.25,12],[25.15,6.789],[2.696,-1.401]],"v":[[63.251,-7.724],[-30.666,-34.96],[-34.311,2.197],[74.214,-11.211]],"c":true}]}],"ix":2},"nm":"Path 1","mn":"ADBE Vector Shape - Group","hd":false},{"ty":"st","c":{"a":0,"k":[0,0.4,0,1],"ix":3},"o":{"a":0,"k":100,"ix":4},"w":{"a":0,"k":3,"ix":5},"lc":1,"lj":1,"ml":4,"bm":0,"nm":"Stroke 1","mn":"ADBE Vector Graphic - Stroke","hd":false},{"ty":"fl","c":{"a":0,"k":[0,0.4,0,1],"ix":4},"o":{"a":0,"k":100,"ix":5},"r":1,"bm":0,"nm":"Fill 1","mn":"ADBE Vector Graphic - Fill","hd":false},{"ty":"tr","p":{"a":0,"k":[0,0],"ix":2},"a":{"a":0,"k":[0,0],"ix":1},"s":{"a":0,"k":[100,100],"ix":3},"r":{"a":0,"k":0,"ix":6},"o":{"a":0,"k":100,"ix":7},"sk":{"a":0,"k":0,"ix":4},"sa":{"a":0,"k":0,"ix":5},"nm":"Transform"}],"nm":"Shape 1","np":3,"cix":2,"bm":0,"ix":3,"mn":"ADBE Vector Group","hd":false}],"ip":0,"op":120.0000048877,"st":0,"bm":0},{"ddd":0,"ind":3,"ty":4,"nm":"Shape Layer 4","sr":1,"ks":{"o":{"a":1,"k":[{"i":{"x":[0.833],"y":[0.833]},"o":{"x":[0.167],"y":[0.167]},"t":0,"s":[100]},{"i":{"x":[0.833],"y":[0.833]},"o":{"x":[0.167],"y":[0.167]},"t":107,"s":[100]},{"t":114.000004643315,"s":[0]}],"ix":11},"r":{"a":1,"k":[{"i":{"x":[0.833],"y":[0.833]},"o":{"x":[0.167],"y":[0.167]},"t":38.969,"s":[57]},{"i":{"x":[0.833],"y":[0.833]},"o":{"x":[0.167],"y":[0.167]},"t":61.696,"s":[47]},{"i":{"x":[0.833],"y":[0.833]},"o":{"x":[0.167],"y":[0.167]},"t":69.273,"s":[23]},{"i":{"x":[0.833],"y":[0.833]},"o":{"x":[0.167],"y":[0.167]},"t":76.848,"s":[-4]},{"i":{"x":[0.833],"y":[0.833]},"o":{"x":[0.167],"y":[0.167]},"t":84.424,"s":[-1]},{"t":99.5750040557729,"s":[35]}],"ix":10},"p":{"a":1,"k":[{"i":{"x":0.833,"y":0.833},"o":{"x":0.167,"y":0.167},"t":38.969,"s":[561,416,0],"to":[-33,-22,0],"ti":[12.75,21,0]},{"i":{"x":0.833,"y":0.833},"o":{"x":0.167,"y":0.167},"t":46.545,"s":[439,265.25,0],"to":[-12.75,-21,0],"ti":[0.333,0.667,0]},{"i":{"x":0.833,"y":0.833},"o":{"x":0.167,"y":0.167},"t":54.12,"s":[384,196.25,0],"to":[-0.333,-0.667,0],"ti":[27,22.25,0]},{"i":{"x":0.833,"y":0.833},"o":{"x":0.167,"y":0.167},"t":61.696,"s":[307,119.25,0],"to":[-27,-22.25,0],"ti":[29,-2.25,0]},{"i":{"x":0.833,"y":0.833},"o":{"x":0.167,"y":0.167},"t":69.273,"s":[240,82.75,0],"to":[-29,2.25,0],"ti":[5.5,-13.75,0]},{"i":{"x":0.833,"y":0.833},"o":{"x":0.167,"y":0.167},"t":76.848,"s":[184,118.75,0],"to":[-5.5,13.75,0],"ti":[30.25,-4.5,0]},{"i":{"x":0.833,"y":0.833},"o":{"x":0.167,"y":0.167},"t":84.424,"s":[139.5,172.25,0],"to":[-30.25,4.5,0],"ti":[0.667,-0.333,0]},{"i":{"x":0.833,"y":0.833},"o":{"x":0.167,"y":0.167},"t":92,"s":[99.5,159.25,0],"to":[-0.667,0.333,0],"ti":[0,0,0]},{"i":{"x":0.833,"y":0.833},"o":{"x":0.167,"y":0.167},"t":99.575,"s":[71,133.25,0],"to":[0,0,0],"ti":[0,0,0]},{"i":{"x":0.833,"y":0.833},"o":{"x":0.167,"y":0.167},"t":107.151,"s":[26.5,87.75,0],"to":[0,0,0],"ti":[0,0,0]},{"t":113.968754642042,"s":[-49.5,-0.25,0]}],"ix":2},"a":{"a":0,"k":[16.242,-13.719,0],"ix":1},"s":{"a":1,"k":[{"i":{"x":[0.833,0.833,0.833],"y":[0.833,0.833,0.833]},"o":{"x":[0.167,0.167,0.167],"y":[0.167,0.167,0.167]},"t":38.969,"s":[100,100,100]},{"i":{"x":[0.833,0.833,0.833],"y":[0.833,0.833,0.833]},"o":{"x":[0.167,0.167,0.167],"y":[0.167,0.167,0.167]},"t":46.545,"s":[80,80,100]},{"i":{"x":[0.833,0.833,0.833],"y":[0.833,0.833,0.833]},"o":{"x":[0.167,0.167,0.167],"y":[0.167,0.167,0.167]},"t":61.696,"s":[70,70,100]},{"t":76.8475031300628,"s":[60,60,100]}],"ix":6}},"ao":0,"shapes":[{"ty":"gr","it":[{"ty":"gr","it":[{"ty":"gr","it":[{"ind":0,"ty":"sh","ix":1,"ks":{"a":1,"k":[{"i":{"x":0.833,"y":0.833},"o":{"x":0.167,"y":0.167},"t":38.969,"s":[{"i":[[-8.215,0],[0,-8.215],[8.215,0],[0,8.215]],"o":[[8.215,0],[0,8.215],[-8.215,0],[0,-8.215]],"v":[[0,-14.875],[14.875,0],[0,14.875],[-14.875,0]],"c":true}]},{"i":{"x":0.833,"y":0.833},"o":{"x":0.167,"y":0.167},"t":61.696,"s":[{"i":[[-8.215,0],[0,-8.215],[8.215,0],[0,8.215]],"o":[[8.215,0],[0,8.215],[-8.215,0],[0,-8.215]],"v":[[0,-14.875],[14.875,0],[0,14.875],[-14.875,0]],"c":true}]},{"i":{"x":0.833,"y":0.833},"o":{"x":0.167,"y":0.167},"t":69.273,"s":[{"i":[[-8.215,0],[0,-8.215],[8.215,0],[0,8.215]],"o":[[8.215,0],[0,8.215],[-8.215,0],[0,-8.215]],"v":[[2.012,-56.48],[15.292,-34.604],[-1.433,-24.916],[-14.469,-43.733]],"c":true}]},{"i":{"x":0.833,"y":0.833},"o":{"x":0.167,"y":0.167},"t":76.848,"s":[{"i":[[-8.215,0],[0,-8.215],[8.215,0],[0,8.215]],"o":[[8.215,0],[0,8.215],[-8.215,0],[0,-8.215]],"v":[[4.908,-72.782],[21.587,-64.365],[5.886,-54.254],[-6.988,-65.334]],"c":true}]},{"i":{"x":0.833,"y":0.833},"o":{"x":0.167,"y":0.167},"t":92,"s":[{"i":[[-8.215,0],[-0.527,-0.031],[8.215,0],[-8.131,1.173]],"o":[[8.215,0],[5.581,6.029],[-8.215,0],[1.749,-0.252]],"v":[[24.338,54.034],[42.154,48.916],[26.798,55.844],[9.136,60.734]],"c":true}]},{"i":{"x":0.833,"y":0.833},"o":{"x":0.167,"y":0.167},"t":99.575,"s":[{"i":[[-8.215,0],[0,-8.215],[8.215,0],[0,8.215]],"o":[[8.215,0],[0,8.215],[-8.215,0],[0,-8.215]],"v":[[14.681,47.526],[40.601,45.803],[17.768,55.363],[-2.144,54.636]],"c":true}]},{"i":{"x":0.833,"y":0.833},"o":{"x":0.167,"y":0.167},"t":107.151,"s":[{"i":[[-8.167,0.886],[0,-8.215],[8.215,0],[0,8.215]],"o":[[10.123,-1.098],[0,8.215],[-8.215,0],[0,-8.215]],"v":[[11.45,33.751],[38.448,40.896],[17.768,55.363],[-4.125,50.891]],"c":true}]},{"t":113.968754642042,"s":[{"i":[[-8.167,0.886],[-3.918,-15.391],[11.988,-2.779],[2.125,7.936]],"o":[[10.123,-1.098],[2.027,7.961],[-8.003,1.855],[-3.961,-14.79]],"v":[[12.439,19.588],[36.94,32.329],[17.768,55.363],[-7.656,43.1]],"c":true}]}],"ix":2},"nm":"Path 1","mn":"ADBE Vector Shape - Group","hd":false},{"ty":"st","c":{"a":0,"k":[0,0.4,0,1],"ix":3},"o":{"a":0,"k":100,"ix":4},"w":{"a":0,"k":3,"ix":5},"lc":1,"lj":1,"ml":4,"bm":0,"nm":"Stroke 1","mn":"ADBE Vector Graphic - Stroke","hd":false},{"ty":"fl","c":{"a":0,"k":[0,0.4,0,1],"ix":4},"o":{"a":0,"k":100,"ix":5},"r":1,"bm":0,"nm":"Fill 1","mn":"ADBE Vector Graphic - Fill","hd":false},{"ty":"tr","p":{"a":0,"k":[39.875,-8.125],"ix":2},"a":{"a":0,"k":[7.5,-6.5],"ix":1},"s":{"a":0,"k":[29.735,29.735],"ix":3},"r":{"a":0,"k":0,"ix":6},"o":{"a":0,"k":100,"ix":7},"sk":{"a":0,"k":0,"ix":4},"sa":{"a":0,"k":0,"ix":5},"nm":"Transform"}],"nm":"Ellipse 3","np":3,"cix":2,"bm":0,"ix":1,"mn":"ADBE Vector Group","hd":false},{"ty":"gr","it":[{"ind":0,"ty":"sh","ix":1,"ks":{"a":1,"k":[{"i":{"x":0.833,"y":0.833},"o":{"x":0.167,"y":0.167},"t":38.969,"s":[{"i":[[-8.215,0],[0,-8.215],[8.215,0],[0,8.215]],"o":[[8.215,0],[0,8.215],[-8.215,0],[0,-8.215]],"v":[[0,-14.875],[14.875,0],[0,14.875],[-14.875,0]],"c":true}]},{"i":{"x":0.833,"y":0.833},"o":{"x":0.167,"y":0.167},"t":61.696,"s":[{"i":[[-8.215,0],[0,-8.215],[8.215,0],[0,8.215]],"o":[[8.215,0],[0,8.215],[-8.215,0],[0,-8.215]],"v":[[0,-14.875],[14.875,0],[0,14.875],[-14.875,0]],"c":true}]},{"i":{"x":0.833,"y":0.833},"o":{"x":0.167,"y":0.167},"t":69.273,"s":[{"i":[[-7.102,4.129],[0,-8.215],[7.527,-3.429],[0,8.215]],"o":[[8.91,-5.181],[0,8.215],[-7.476,3.406],[0,-8.215]],"v":[[-2.221,-23.417],[12.543,-25.357],[0.636,-9.283],[-15.355,-8.579]],"c":true}]},{"i":{"x":0.833,"y":0.833},"o":{"x":0.167,"y":0.167},"t":92,"s":[{"i":[[-7.102,4.129],[0.838,-2.187],[7.527,-3.429],[1.993,2.838]],"o":[[8.91,-5.181],[-2.94,7.671],[-7.476,3.406],[-4.721,-6.723]],"v":[[7.783,102.764],[31.291,102.107],[10.012,104.781],[-10.769,105.631]],"c":true}]},{"i":{"x":0.833,"y":0.833},"o":{"x":0.167,"y":0.167},"t":99.575,"s":[{"i":[[-7.102,4.129],[0,-8.215],[7.527,-3.429],[0,8.215]],"o":[[8.91,-5.181],[0,8.215],[-7.476,3.406],[0,-8.215]],"v":[[5.412,66.022],[34.144,81.156],[12.379,89.147],[-5.056,75.082]],"c":true}]},{"i":{"x":0.833,"y":0.833},"o":{"x":0.167,"y":0.167},"t":107.151,"s":[{"i":[[-7.102,4.129],[0,-8.215],[7.527,-3.429],[0,8.215]],"o":[[8.91,-5.181],[0,8.215],[-7.476,3.406],[0,-8.215]],"v":[[9.069,47.424],[31.086,68.543],[12.937,81.699],[-8.63,65.397]],"c":true}]},{"t":113.968754642042,"s":[{"i":[[-8.18,-0.756],[-1.372,-14.598],[7.527,-3.429],[0,8.215]],"o":[[15.134,1.399],[0.769,8.179],[-7.476,3.406],[0,-8.215]],"v":[[5.192,30.894],[34.571,55.197],[11.902,68.311],[-15.52,50.976]],"c":true}]}],"ix":2},"nm":"Path 1","mn":"ADBE Vector Shape - Group","hd":false},{"ty":"st","c":{"a":0,"k":[0,0.4,0,1],"ix":3},"o":{"a":0,"k":100,"ix":4},"w":{"a":0,"k":3,"ix":5},"lc":1,"lj":1,"ml":4,"bm":0,"nm":"Stroke 1","mn":"ADBE Vector Graphic - Stroke","hd":false},{"ty":"fl","c":{"a":0,"k":[0,0.4,0,1],"ix":4},"o":{"a":0,"k":100,"ix":5},"r":1,"bm":0,"nm":"Fill 1","mn":"ADBE Vector Graphic - Fill","hd":false},{"ty":"tr","p":{"a":0,"k":[-17.625,-8.125],"ix":2},"a":{"a":0,"k":[7.5,-6.5],"ix":1},"s":{"a":0,"k":[29.735,29.735],"ix":3},"r":{"a":0,"k":0,"ix":6},"o":{"a":0,"k":100,"ix":7},"sk":{"a":0,"k":0,"ix":4},"sa":{"a":0,"k":0,"ix":5},"nm":"Transform"}],"nm":"Ellipse 2","np":3,"cix":2,"bm":0,"ix":2,"mn":"ADBE Vector Group","hd":false},{"ty":"gr","it":[{"ind":0,"ty":"sh","ix":1,"ks":{"a":1,"k":[{"i":{"x":0.833,"y":0.833},"o":{"x":0.167,"y":0.167},"t":38.969,"s":[{"i":[[-8.215,0],[0,-8.215],[8.215,0],[0,8.215]],"o":[[8.215,0],[0,8.215],[-8.215,0],[0,-8.215]],"v":[[0,-14.875],[14.875,0],[0,14.875],[-14.875,0]],"c":true}]},{"i":{"x":0.833,"y":0.833},"o":{"x":0.167,"y":0.167},"t":61.696,"s":[{"i":[[-8.215,0],[0,-8.215],[8.215,0],[0,8.215]],"o":[[8.215,0],[0,8.215],[-8.215,0],[0,-8.215]],"v":[[0,-14.875],[14.875,0],[0,14.875],[-14.875,0]],"c":true}]},{"i":{"x":0.833,"y":0.833},"o":{"x":0.167,"y":0.167},"t":69.273,"s":[{"i":[[-7.867,2.365],[-0.8,-4.602],[7.14,-2.494],[1.619,2.968]],"o":[[8.392,-2.523],[0.678,3.901],[-7.756,2.709],[-3.935,-7.211]],"v":[[-2.493,-20.502],[13.552,-18.867],[1.629,-7.126],[-15.639,-9.182]],"c":true}]},{"i":{"x":0.833,"y":0.833},"o":{"x":0.167,"y":0.167},"t":76.848,"s":[{"i":[[-7.867,2.365],[-0.8,-4.602],[7.14,-2.494],[1.486,3.037]],"o":[[8.392,-2.523],[0.678,3.901],[-7.756,2.709],[-2.1,-4.29]],"v":[[-2.493,-20.502],[13.504,-21.168],[0.635,-16.802],[-18.122,-12.488]],"c":true}]},{"i":{"x":0.833,"y":0.833},"o":{"x":0.167,"y":0.167},"t":92,"s":[{"i":[[-7.867,2.365],[-0.226,0.098],[7.14,-2.494],[0.835,0.893]],"o":[[8.392,-2.523],[-0.099,1.367],[-7.756,2.709],[-0.874,-0.935]],"v":[[7.177,24.382],[23.263,20.159],[7.831,24.263],[-8.692,27.764]],"c":true}]},{"i":{"x":0.833,"y":0.833},"o":{"x":0.167,"y":0.167},"t":99.575,"s":[{"i":[[-7.867,2.365],[2.966,3.574],[7.461,-1.241],[0.735,0.276]],"o":[[8.392,-2.523],[-2.529,-3.047],[-7.767,1.292],[-0.812,3.394]],"v":[[6.287,23.24],[21.002,16.809],[6.441,18.32],[-10.287,21.875]],"c":true}]},{"i":{"x":0.833,"y":0.833},"o":{"x":0.167,"y":0.167},"t":107.151,"s":[{"i":[[-7.867,2.365],[1.052,4.523],[7.461,-1.241],[-0.013,-4.393]],"o":[[8.392,-2.523],[-1.464,-6.295],[-7.767,1.292],[-0.812,3.394]],"v":[[6.287,23.24],[19.978,15.619],[5.607,8.413],[-9.583,16.614]],"c":true}]},{"t":113.968754642042,"s":[{"i":[[-7.867,2.365],[1.052,4.523],[7.461,-1.241],[-0.013,-4.393]],"o":[[8.392,-2.523],[-1.464,-6.295],[-7.767,1.292],[-0.812,3.394]],"v":[[6.287,23.24],[21.193,11.906],[4.288,3.805],[-9.827,15.449]],"c":true}]}],"ix":2},"nm":"Path 1","mn":"ADBE Vector Shape - Group","hd":false},{"ty":"st","c":{"a":0,"k":[0,0.4,0,1],"ix":3},"o":{"a":0,"k":100,"ix":4},"w":{"a":0,"k":3,"ix":5},"lc":1,"lj":1,"ml":4,"bm":0,"nm":"Stroke 1","mn":"ADBE Vector Graphic - Stroke","hd":false},{"ty":"fl","c":{"a":0,"k":[0,0.4,0,1],"ix":4},"o":{"a":0,"k":100,"ix":5},"r":1,"bm":0,"nm":"Fill 1","mn":"ADBE Vector Graphic - Fill","hd":false},{"ty":"tr","p":{"a":0,"k":[15.625,-12.125],"ix":2},"a":{"a":0,"k":[7.5,-6.5],"ix":1},"s":{"a":0,"k":[100,100],"ix":3},"r":{"a":0,"k":0,"ix":6},"o":{"a":0,"k":100,"ix":7},"sk":{"a":0,"k":0,"ix":4},"sa":{"a":0,"k":0,"ix":5},"nm":"Transform"}],"nm":"Ellipse 1","np":3,"cix":2,"bm":0,"ix":3,"mn":"ADBE Vector Group","hd":false},{"ty":"tr","p":{"a":0,"k":[8.636,-9.522],"ix":2},"a":{"a":0,"k":[8.895,-5.625],"ix":1},"s":{"a":0,"k":[100,100],"ix":3},"r":{"a":0,"k":0,"ix":6},"o":{"a":0,"k":100,"ix":7},"sk":{"a":0,"k":0,"ix":4},"sa":{"a":0,"k":0,"ix":5},"nm":"Transform"}],"nm":"Group 1","np":3,"cix":2,"bm":0,"ix":1,"mn":"ADBE Vector Group","hd":false},{"ind":1,"ty":"sh","ix":2,"ks":{"a":1,"k":[{"i":{"x":0.833,"y":0.833},"o":{"x":0.167,"y":0.167},"t":38.969,"s":[{"i":[[5.669,26.069],[0,0],[0,0],[-37.441,-8.279]],"o":[[-35.774,-2.806],[0,0],[0,0],[0.557,0.123]],"v":[[62.707,-45.758],[-46.083,-37.439],[-47.584,26.686],[57.134,30.827]],"c":true}]},{"i":{"x":0.833,"y":0.833},"o":{"x":0.167,"y":0.167},"t":46.545,"s":[{"i":[[5.669,26.069],[0,0],[0,0],[-37.441,-8.279]],"o":[[-35.774,-2.806],[0,0],[0,0],[0.557,0.123]],"v":[[59.504,-32.492],[-47.188,-40.042],[-49.972,19.25],[57.134,30.827]],"c":true}]},{"i":{"x":0.833,"y":0.833},"o":{"x":0.167,"y":0.167},"t":54.12,"s":[{"i":[[5.669,26.069],[31.979,-15.294],[0,0],[-37.441,-8.279]],"o":[[-50.177,-10.127],[-4.714,16.087],[0,0],[0.557,0.123]],"v":[[59.221,-32.974],[-47.666,-30.814],[-49.972,19.25],[57.134,30.827]],"c":true}]},{"i":{"x":0.833,"y":0.833},"o":{"x":0.167,"y":0.167},"t":61.696,"s":[{"i":[[5.669,26.069],[19.84,-24.13],[0,0],[-48.485,-26.461]],"o":[[-50.177,-10.127],[-4.714,16.087],[0,0],[0.501,0.273]],"v":[[58.563,-31.536],[-39.166,-12.803],[-42.388,18.631],[57.134,30.827]],"c":true}]},{"i":{"x":0.833,"y":0.833},"o":{"x":0.167,"y":0.167},"t":69.273,"s":[{"i":[[5.669,26.069],[19.84,-24.13],[0,0],[-42.025,-48.986]],"o":[[-50.177,-10.127],[0.939,2.075],[0,0],[0.372,0.433]],"v":[[58.563,-31.536],[-41.416,1.731],[-39.252,4.264],[55.743,15.393]],"c":true}]},{"i":{"x":0.833,"y":0.833},"o":{"x":0.167,"y":0.167},"t":76.848,"s":[{"i":[[3.759,15.428],[19.84,-24.13],[0,0],[-42.939,-48.186]],"o":[[-50.177,-10.127],[0.939,2.075],[0,0],[0.317,-15.398]],"v":[[58.563,-31.536],[-41.416,1.731],[-41.563,1.471],[52.727,-5.994]],"c":true}]},{"i":{"x":0.833,"y":0.833},"o":{"x":0.167,"y":0.167},"t":84.424,"s":[{"i":[[3.759,15.428],[19.84,-24.13],[0,0],[-57.283,-15.313]],"o":[[-50.177,-10.127],[0.939,2.075],[0,0],[-0.27,0.377]],"v":[[58.563,-31.536],[-41.416,1.731],[-41.563,1.471],[55.6,-32.466]],"c":true}]},{"i":{"x":0.833,"y":0.833},"o":{"x":0.167,"y":0.167},"t":92,"s":[{"i":[[0.445,-0.149],[20.051,1.562],[0,0],[-80.614,26.382]],"o":[[-63.483,18.425],[-2.325,6.828],[0,0],[0.251,-0.961]],"v":[[60.126,-1.066],[-28.988,14.919],[-34.57,19.845],[60.061,2.054]],"c":true}]},{"i":{"x":0.833,"y":0.833},"o":{"x":0.167,"y":0.167},"t":99.575,"s":[{"i":[[0.445,-0.149],[20.051,1.562],[0,0],[-80.614,26.382]],"o":[[-63.483,18.425],[-2.325,6.828],[0,0],[0.251,-0.961]],"v":[[60.126,-1.066],[-28.069,-4.036],[-34.57,19.845],[60.061,2.054]],"c":true}]},{"i":{"x":0.833,"y":0.833},"o":{"x":0.167,"y":0.167},"t":107.151,"s":[{"i":[[0.445,-0.149],[20.051,1.562],[0,0],[-80.614,26.382]],"o":[[-63.483,18.425],[-2.325,6.828],[0,0],[0.251,-0.961]],"v":[[60.021,-20.83],[-33.007,-19.806],[-34.57,19.845],[60.061,2.054]],"c":true}]},{"t":113.968754642042,"s":[{"i":[[6.961,14.329],[20.051,1.562],[0,0],[-80.614,26.382]],"o":[[-59.035,3.545],[-2.325,6.828],[0,0],[0.251,-0.961]],"v":[[53.926,-28.008],[-32.742,-26.401],[-37.058,21.74],[60.164,6.56]],"c":true}]}],"ix":2},"nm":"Path 1","mn":"ADBE Vector Shape - Group","hd":false},{"ty":"st","c":{"a":0,"k":[0,0.4,0,1],"ix":3},"o":{"a":0,"k":100,"ix":4},"w":{"a":0,"k":3,"ix":5},"lc":1,"lj":1,"ml":4,"bm":0,"nm":"Stroke 1","mn":"ADBE Vector Graphic - Stroke","hd":false},{"ty":"fl","c":{"a":0,"k":[0.3137,0.7569,0.3294,1],"ix":4},"o":{"a":0,"k":100,"ix":5},"r":1,"bm":0,"nm":"Fill 1","mn":"ADBE Vector Graphic - Fill","hd":false},{"ty":"tr","p":{"a":0,"k":[17,-10.5],"ix":2},"a":{"a":0,"k":[7.5,-6.5],"ix":1},"s":{"a":0,"k":[100,100],"ix":3},"r":{"a":0,"k":0,"ix":6},"o":{"a":0,"k":100,"ix":7},"sk":{"a":0,"k":0,"ix":4},"sa":{"a":0,"k":0,"ix":5},"nm":"Transform"}],"nm":"Shape 2","np":4,"cix":2,"bm":0,"ix":1,"mn":"ADBE Vector Group","hd":false},{"ty":"gr","it":[{"ind":0,"ty":"sh","ix":1,"ks":{"a":1,"k":[{"i":{"x":0.833,"y":0.833},"o":{"x":0.167,"y":0.167},"t":38.969,"s":[{"i":[[5.669,26.069],[0,0],[0,0],[-15.416,-3.651]],"o":[[-35.774,-2.806],[0,0],[0,0],[-2.92,-18.337]],"v":[[62.707,-45.758],[-42,-32],[-42,19],[53.877,29.582]],"c":true}]},{"i":{"x":0.833,"y":0.833},"o":{"x":0.167,"y":0.167},"t":46.545,"s":[{"i":[[5.669,26.069],[0,0],[0,0],[-15.416,-3.651]],"o":[[-35.774,-2.806],[0,0],[0,0],[10.232,-15.2]],"v":[[57.926,-32.59],[-42,-32],[-42,19],[45.064,26.169]],"c":true}]},{"i":{"x":0.833,"y":0.833},"o":{"x":0.167,"y":0.167},"t":61.696,"s":[{"i":[[5.669,26.069],[20.475,-25.363],[2.756,-7.081],[-11.377,-2.694]],"o":[[-35.774,-2.806],[-7.433,9.208],[25.103,-18.032],[10.232,-15.2]],"v":[[57.926,-32.59],[-37.995,-13.567],[-41.909,17.803],[47.644,19.004]],"c":true}]},{"i":{"x":0.833,"y":0.833},"o":{"x":0.167,"y":0.167},"t":69.273,"s":[{"i":[[5.669,26.069],[18.531,-21.421],[1.258,-11.207],[-11.377,-2.694]],"o":[[-35.774,-2.806],[4.867,9.094],[25.103,-18.032],[10.232,-15.2]],"v":[[57.926,-32.59],[-41.511,1.505],[-31.76,25.716],[29.639,-4.858]],"c":true}]},{"i":{"x":0.833,"y":0.833},"o":{"x":0.167,"y":0.167},"t":76.848,"s":[{"i":[[-5.76,7.628],[18.531,-21.421],[-9.484,-12.226],[-12.93,-4.038]],"o":[[-35.774,-2.806],[4.867,9.094],[25.103,-18.032],[10.232,-15.2]],"v":[[57.926,-32.59],[-41.511,1.505],[-24.565,37.497],[45.222,-12.665]],"c":true}]},{"i":{"x":0.833,"y":0.833},"o":{"x":0.167,"y":0.167},"t":84.424,"s":[{"i":[[-1.886,13.182],[18.531,-21.421],[-9.484,-12.226],[-12.93,-4.038]],"o":[[-38.358,-14.406],[4.867,9.094],[29.543,-3.49],[10.232,-15.199]],"v":[[58.633,-31.684],[-43.024,2.228],[-29.442,30.411],[60.167,1.008]],"c":true}]},{"i":{"x":0.833,"y":0.833},"o":{"x":0.167,"y":0.167},"t":92,"s":[{"i":[[-1.886,13.182],[23.211,-9.066],[-0.46,-1.794],[-12.93,-4.038]],"o":[[-41.531,-0.155],[1.91,2.657],[28.713,2.903],[0.503,-10.483]],"v":[[59.229,-20.756],[-38.36,7.217],[-34.54,19.914],[60.167,1.008]],"c":true}]},{"i":{"x":0.833,"y":0.833},"o":{"x":0.167,"y":0.167},"t":99.575,"s":[{"i":[[3.014,2.694],[25.822,1.295],[-0.46,-1.794],[-12.93,-4.038]],"o":[[-43.495,22.137],[1.91,2.657],[28.713,2.903],[0.503,-10.483]],"v":[[59.148,-15.206],[-30.546,15.326],[-34.54,19.914],[60.167,1.008]],"c":true}]},{"t":107.15125436436,"s":[{"i":[[3.014,2.694],[25.822,1.295],[-0.46,-1.794],[-12.93,-4.038]],"o":[[-43.495,22.137],[1.91,2.657],[28.713,2.903],[0.503,-10.483]],"v":[[57.952,-5.365],[-30.546,15.326],[-34.54,19.914],[60.167,1.008]],"c":true}]}],"ix":2},"nm":"Path 1","mn":"ADBE Vector Shape - Group","hd":false},{"ty":"st","c":{"a":0,"k":[0,0.4,0,1],"ix":3},"o":{"a":0,"k":100,"ix":4},"w":{"a":0,"k":3,"ix":5},"lc":1,"lj":1,"ml":4,"bm":0,"nm":"Stroke 1","mn":"ADBE Vector Graphic - Stroke","hd":false},{"ty":"fl","c":{"a":0,"k":[0,0.4,0,1],"ix":4},"o":{"a":0,"k":100,"ix":5},"r":1,"bm":0,"nm":"Fill 1","mn":"ADBE Vector Graphic - Fill","hd":false},{"ty":"tr","p":{"a":0,"k":[17,-10.5],"ix":2},"a":{"a":0,"k":[7.5,-6.5],"ix":1},"s":{"a":0,"k":[100,100],"ix":3},"r":{"a":0,"k":0,"ix":6},"o":{"a":0,"k":100,"ix":7},"sk":{"a":0,"k":0,"ix":4},"sa":{"a":0,"k":0,"ix":5},"nm":"Transform"}],"nm":"Shape 1","np":3,"cix":2,"bm":0,"ix":2,"mn":"ADBE Vector Group","hd":false}],"ip":0,"op":120.0000048877,"st":0,"bm":0},{"ddd":0,"ind":4,"ty":4,"nm":"Shape Layer 1","sr":1,"ks":{"o":{"a":1,"k":[{"i":{"x":[0.833],"y":[0.833]},"o":{"x":[0.167],"y":[0.167]},"t":0,"s":[100]},{"i":{"x":[0.833],"y":[0.833]},"o":{"x":[0.167],"y":[0.167]},"t":76,"s":[100]},{"t":87.0000035435826,"s":[0]}],"ix":11},"r":{"a":1,"k":[{"i":{"x":[0.833],"y":[0.833]},"o":{"x":[0.167],"y":[0.167]},"t":0,"s":[54]},{"i":{"x":[0.833],"y":[0.833]},"o":{"x":[0.167],"y":[0.167]},"t":10,"s":[54]},{"i":{"x":[0.833],"y":[0.833]},"o":{"x":[0.167],"y":[0.167]},"t":20,"s":[52]},{"i":{"x":[0.833],"y":[0.833]},"o":{"x":[0.167],"y":[0.167]},"t":30,"s":[25]},{"i":{"x":[0.833],"y":[0.833]},"o":{"x":[0.167],"y":[0.167]},"t":40,"s":[-12]},{"i":{"x":[0.833],"y":[0.833]},"o":{"x":[0.167],"y":[0.167]},"t":50,"s":[-34]},{"i":{"x":[0.833],"y":[0.833]},"o":{"x":[0.167],"y":[0.167]},"t":60,"s":[0]},{"t":70.0000028511585,"s":[25]}],"ix":10},"p":{"a":1,"k":[{"i":{"x":0.833,"y":0.833},"o":{"x":0.167,"y":0.167},"t":0,"s":[503,385.375,0],"to":[-13.083,-22.833,0],"ti":[23.083,37.833,0]},{"i":{"x":0.833,"y":0.833},"o":{"x":0.167,"y":0.167},"t":10,"s":[424.5,248.375,0],"to":[-23.083,-37.833,0],"ti":[22.833,9.333,0]},{"i":{"x":0.833,"y":0.833},"o":{"x":0.167,"y":0.167},"t":30,"s":[364.5,158.375,0],"to":[-22.833,-9.333,0],"ti":[20.167,-16.5,0]},{"i":{"x":0.833,"y":0.833},"o":{"x":0.167,"y":0.167},"t":40,"s":[287.5,192.375,0],"to":[-20.167,16.5,0],"ti":[19.5,-19.167,0]},{"i":{"x":0.833,"y":0.833},"o":{"x":0.167,"y":0.167},"t":50,"s":[243.5,257.375,0],"to":[-19.5,19.167,0],"ti":[34.5,-0.625,0]},{"i":{"x":0.833,"y":0.833},"o":{"x":0.167,"y":0.167},"t":60,"s":[170.5,307.375,0],"to":[-34.5,0.625,0],"ti":[0.833,-0.333,0]},{"i":{"x":0.833,"y":0.833},"o":{"x":0.167,"y":0.167},"t":70,"s":[89.5,247.375,0],"to":[-0.833,0.333,0],"ti":[1,0.5,0]},{"i":{"x":0.833,"y":0.833},"o":{"x":0.167,"y":0.167},"t":80,"s":[5.5,129.375,0],"to":[-1,-0.5,0],"ti":[0.833,0.833,0]},{"t":90.0000036657751,"s":[-64.5,32.375,0]}],"ix":2},"a":{"a":0,"k":[17.75,-11.75,0],"ix":1},"s":{"a":0,"k":[100,100,100],"ix":6}},"ao":0,"shapes":[{"ty":"gr","it":[{"ty":"gr","it":[{"ty":"gr","it":[{"ind":0,"ty":"sh","ix":1,"ks":{"a":1,"k":[{"i":{"x":0.833,"y":0.833},"o":{"x":0.167,"y":0.167},"t":10,"s":[{"i":[[-8.215,0],[0,-8.215],[8.215,0],[0,8.215]],"o":[[8.215,0],[0,8.215],[-8.215,0],[0,-8.215]],"v":[[0,-14.875],[14.875,0],[0,14.875],[-14.875,0]],"c":true}]},{"i":{"x":0.833,"y":0.833},"o":{"x":0.167,"y":0.167},"t":20,"s":[{"i":[[-8.215,0],[0,-8.215],[8.215,0],[0,8.215]],"o":[[8.215,0],[0,8.215],[-8.215,0],[0,-8.215]],"v":[[0,-14.875],[12.887,-1.553],[0.155,11.262],[-14.647,-3.023]],"c":true}]},{"i":{"x":0.833,"y":0.833},"o":{"x":0.167,"y":0.167},"t":30,"s":[{"i":[[-8.215,0],[0,-8.215],[8.215,0],[-0.33,8.209]],"o":[[8.215,0],[0,8.215],[-8.215,0],[0.272,-6.763]],"v":[[-3.207,-76.462],[11.534,-62.149],[-5.438,-52.459],[-24.481,-69.869]],"c":true}]},{"i":{"x":0.833,"y":0.833},"o":{"x":0.167,"y":0.167},"t":40,"s":[{"i":[[-3.106,-0.193],[0.553,-8.197],[8.215,0],[-2.383,7.862]],"o":[[8.199,0.509],[-0.259,3.845],[-8.215,0],[1.319,-4.35]],"v":[[-0.169,-85.701],[12.393,-75.289],[-0.714,-71.654],[-13.448,-82.351]],"c":true}]},{"i":{"x":0.833,"y":0.833},"o":{"x":0.167,"y":0.167},"t":60,"s":[{"i":[[-3.106,-0.193],[0.553,-8.197],[8.215,0],[-2.383,7.862]],"o":[[8.199,0.509],[-0.259,3.845],[-8.215,0],[1.319,-4.35]],"v":[[-1.851,-1.624],[22.482,4.584],[-4.917,22.932],[-24.377,23.586]],"c":true}]},{"i":{"x":0.833,"y":0.833},"o":{"x":0.167,"y":0.167},"t":70,"s":[{"i":[[-8.596,1.66],[-1.684,-8.294],[8.657,-1.436],[-0.341,6.06]],"o":[[8.596,-1.66],[0.686,3.668],[-8.025,1.237],[-0.191,-4.304]],"v":[[-5.162,-11.212],[16.294,-2.967],[-0.578,12.096],[-20.283,2.775]],"c":true}]},{"t":80.0000032584668,"s":[{"i":[[-7.155,2.264],[-3.92,-8.391],[9.098,-2.872],[1.702,4.258]],"o":[[7.155,-2.264],[1.631,3.491],[-7.834,2.473],[-1.702,-4.258]],"v":[[-18.207,1.596],[-0.515,6.494],[-11.38,18.524],[-28.388,15.483]],"c":true}]}],"ix":2},"nm":"Path 1","mn":"ADBE Vector Shape - Group","hd":false},{"ty":"st","c":{"a":0,"k":[0,0.4,0,1],"ix":3},"o":{"a":0,"k":100,"ix":4},"w":{"a":0,"k":3,"ix":5},"lc":1,"lj":1,"ml":4,"bm":0,"nm":"Stroke 1","mn":"ADBE Vector Graphic - Stroke","hd":false},{"ty":"fl","c":{"a":0,"k":[0,0.4,0,1],"ix":4},"o":{"a":0,"k":100,"ix":5},"r":1,"bm":0,"nm":"Fill 1","mn":"ADBE Vector Graphic - Fill","hd":false},{"ty":"tr","p":{"a":0,"k":[39.875,-8.125],"ix":2},"a":{"a":0,"k":[7.5,-6.5],"ix":1},"s":{"a":0,"k":[29.735,29.735],"ix":3},"r":{"a":0,"k":0,"ix":6},"o":{"a":0,"k":100,"ix":7},"sk":{"a":0,"k":0,"ix":4},"sa":{"a":0,"k":0,"ix":5},"nm":"Transform"}],"nm":"Ellipse 3","np":3,"cix":2,"bm":0,"ix":1,"mn":"ADBE Vector Group","hd":false},{"ty":"gr","it":[{"ind":0,"ty":"sh","ix":1,"ks":{"a":1,"k":[{"i":{"x":0.833,"y":0.833},"o":{"x":0.167,"y":0.167},"t":10,"s":[{"i":[[-8.215,0],[0,-8.215],[8.215,0],[0,8.215]],"o":[[8.215,0],[0,8.215],[-8.215,0],[0,-8.215]],"v":[[0,-14.875],[14.875,0],[0,14.875],[-14.875,0]],"c":true}]},{"i":{"x":0.833,"y":0.833},"o":{"x":0.167,"y":0.167},"t":20,"s":[{"i":[[-8.215,0],[0,-8.215],[8.215,0],[0,8.215]],"o":[[8.215,0],[0,8.215],[-8.215,0],[0,-8.215]],"v":[[-2.143,-12.815],[14.109,-3.799],[1.201,5.144],[-16.604,-1.884]],"c":true}]},{"i":{"x":0.833,"y":0.833},"o":{"x":0.167,"y":0.167},"t":30,"s":[{"i":[[-5.569,1.501],[-1.328,-8.107],[7.914,-2.203],[-2.339,3.807]],"o":[[7.932,-2.138],[0.626,3.819],[-3.56,0.991],[1.753,-2.854]],"v":[[3.383,-63.631],[17.835,-64.444],[4.597,-57.203],[-11.585,-54.783]],"c":true}]},{"i":{"x":0.833,"y":0.833},"o":{"x":0.167,"y":0.167},"t":60,"s":[{"i":[[-5.569,1.501],[-1.328,-8.107],[7.914,-2.203],[-2.339,3.807]],"o":[[7.932,-2.138],[0.626,3.819],[-3.56,0.991],[1.753,-2.854]],"v":[[7.166,6.993],[24.141,22.154],[7.96,29.396],[-10.324,7.434]],"c":true}]},{"t":70.0000028511585,"s":[{"i":[[-4.99,-2.893],[2.309,-3.478],[5.745,5.872],[-3.233,3.085]],"o":[[8.79,5.096],[-2.14,3.224],[-3.201,-3.272],[3.604,-3.439]],"v":[[45.192,-39.033],[50.313,-27.157],[35.183,-29.103],[33.098,-39.949]],"c":true}]}],"ix":2},"nm":"Path 1","mn":"ADBE Vector Shape - Group","hd":false},{"ty":"st","c":{"a":0,"k":[0,0.4,0,1],"ix":3},"o":{"a":0,"k":100,"ix":4},"w":{"a":0,"k":3,"ix":5},"lc":1,"lj":1,"ml":4,"bm":0,"nm":"Stroke 1","mn":"ADBE Vector Graphic - Stroke","hd":false},{"ty":"fl","c":{"a":0,"k":[0,0.4,0,1],"ix":4},"o":{"a":0,"k":100,"ix":5},"r":1,"bm":0,"nm":"Fill 1","mn":"ADBE Vector Graphic - Fill","hd":false},{"ty":"tr","p":{"a":0,"k":[-17.625,-8.125],"ix":2},"a":{"a":0,"k":[7.5,-6.5],"ix":1},"s":{"a":0,"k":[29.735,29.735],"ix":3},"r":{"a":0,"k":0,"ix":6},"o":{"a":0,"k":100,"ix":7},"sk":{"a":0,"k":0,"ix":4},"sa":{"a":0,"k":0,"ix":5},"nm":"Transform"}],"nm":"Ellipse 2","np":3,"cix":2,"bm":0,"ix":2,"mn":"ADBE Vector Group","hd":false},{"ty":"gr","it":[{"ind":0,"ty":"sh","ix":1,"ks":{"a":1,"k":[{"i":{"x":0.833,"y":0.833},"o":{"x":0.167,"y":0.167},"t":10,"s":[{"i":[[-8.215,0],[0,-8.215],[8.215,0],[0,8.215]],"o":[[8.215,0],[0,8.215],[-8.215,0],[0,-8.215]],"v":[[0,-14.875],[14.875,0],[0,14.875],[-14.875,0]],"c":true}]},{"i":{"x":0.833,"y":0.833},"o":{"x":0.167,"y":0.167},"t":20,"s":[{"i":[[-8.215,0],[0,-8.215],[8.215,0],[0,8.215]],"o":[[8.215,0],[0,8.215],[-8.215,0],[0,-8.215]],"v":[[0,-14.875],[14.247,-3.663],[0.901,6.616],[-14.309,-3.364]],"c":true}]},{"i":{"x":0.833,"y":0.833},"o":{"x":0.167,"y":0.167},"t":30,"s":[{"i":[[-8.215,0],[0.245,-1.948],[8.215,0],[0.115,1.488]],"o":[[8.215,0],[-0.231,1.837],[-8.215,0],[-0.197,-2.541]],"v":[[1.053,-26.814],[14.547,-22.836],[1.112,-19.55],[-15.64,-22.191]],"c":true}]},{"i":{"x":0.833,"y":0.833},"o":{"x":0.167,"y":0.167},"t":40,"s":[{"i":[[-8.215,0],[0.245,-1.948],[8.215,0],[0.068,1.491]],"o":[[8.215,0],[-0.231,1.837],[-8.215,0],[0.282,-0.278]],"v":[[1.053,-26.814],[13.233,-25.672],[1.728,-24.85],[-15.144,-23.619]],"c":true}]},{"i":{"x":0.833,"y":0.833},"o":{"x":0.167,"y":0.167},"t":60,"s":[{"i":[[-8.215,0],[0.245,-1.948],[8.215,0],[0.068,1.491]],"o":[[8.215,0],[-0.231,1.837],[-8.215,0],[0.282,-0.278]],"v":[[2.303,2.686],[13.233,8.453],[-0.272,9.525],[-11.269,4.256]],"c":true}]},{"i":{"x":0.833,"y":0.833},"o":{"x":0.167,"y":0.167},"t":70,"s":[{"i":[[-8.215,0],[0.245,-1.948],[8.215,0],[-2.331,2.068]],"o":[[8.215,0],[-0.231,1.837],[-8.215,0],[2.331,-2.068]],"v":[[5.968,-6.608],[14.988,-2.571],[3.129,-0.336],[-3.635,-8.062]],"c":true}]},{"t":80.0000032584668,"s":[{"i":[[-6.212,-1.396],[0.513,-1.895],[5.766,1.725],[-2.331,2.068]],"o":[[8.015,1.801],[-0.966,3.569],[-7.87,-2.355],[2.331,-2.068]],"v":[[5.451,-7.126],[12.412,0.63],[0.439,4.987],[-5.074,-6.564]],"c":true}]}],"ix":2},"nm":"Path 1","mn":"ADBE Vector Shape - Group","hd":false},{"ty":"st","c":{"a":0,"k":[0,0.4,0,1],"ix":3},"o":{"a":0,"k":100,"ix":4},"w":{"a":0,"k":3,"ix":5},"lc":1,"lj":1,"ml":4,"bm":0,"nm":"Stroke 1","mn":"ADBE Vector Graphic - Stroke","hd":false},{"ty":"fl","c":{"a":0,"k":[0,0.4,0,1],"ix":4},"o":{"a":0,"k":100,"ix":5},"r":1,"bm":0,"nm":"Fill 1","mn":"ADBE Vector Graphic - Fill","hd":false},{"ty":"tr","p":{"a":0,"k":[15.625,-12.125],"ix":2},"a":{"a":0,"k":[7.5,-6.5],"ix":1},"s":{"a":0,"k":[100,100],"ix":3},"r":{"a":0,"k":0,"ix":6},"o":{"a":0,"k":100,"ix":7},"sk":{"a":0,"k":0,"ix":4},"sa":{"a":0,"k":0,"ix":5},"nm":"Transform"}],"nm":"Ellipse 1","np":3,"cix":2,"bm":0,"ix":3,"mn":"ADBE Vector Group","hd":false},{"ty":"tr","p":{"a":0,"k":[8.636,-9.522],"ix":2},"a":{"a":0,"k":[8.895,-5.625],"ix":1},"s":{"a":0,"k":[100,100],"ix":3},"r":{"a":0,"k":0,"ix":6},"o":{"a":0,"k":100,"ix":7},"sk":{"a":0,"k":0,"ix":4},"sa":{"a":0,"k":0,"ix":5},"nm":"Transform"}],"nm":"Group 1","np":3,"cix":2,"bm":0,"ix":1,"mn":"ADBE Vector Group","hd":false},{"ind":1,"ty":"sh","ix":2,"ks":{"a":1,"k":[{"i":{"x":0.833,"y":0.833},"o":{"x":0.167,"y":0.167},"t":0,"s":[{"i":[[5.669,26.069],[0,0],[0,0],[-37.441,-8.279]],"o":[[-35.774,-2.806],[0,0],[0,0],[0.557,0.123]],"v":[[62.707,-45.758],[-46.083,-37.439],[-47.584,26.686],[57.134,30.827]],"c":true}]},{"i":{"x":0.833,"y":0.833},"o":{"x":0.167,"y":0.167},"t":10,"s":[{"i":[[5.669,26.069],[31.876,-20.001],[1.245,-13.529],[-36.535,-8.345]],"o":[[-35.152,-7.916],[-1.302,14.607],[24.055,3.863],[0.544,0.124]],"v":[[62.748,-36.457],[-43.542,-28.176],[-39.977,20.469],[57.154,30.825]],"c":true}]},{"i":{"x":0.833,"y":0.833},"o":{"x":0.167,"y":0.167},"t":20,"s":[{"i":[[5.669,26.069],[32.149,-17.177],[-4.466,-13.27],[-40.661,-6.989]],"o":[[-35.774,-2.806],[-2.888,12.237],[16.156,1.401],[0.605,0.104]],"v":[[53.852,-36.122],[-40.685,-19.379],[-39.917,5.337],[58.544,15.964]],"c":true}]},{"i":{"x":0.833,"y":0.833},"o":{"x":0.167,"y":0.167},"t":30,"s":[{"i":[[5.669,26.069],[32.149,-17.177],[0.035,0.082],[-26.718,-33.296]],"o":[[-35.774,-2.806],[0.267,-0.088],[47.204,-11.552],[0.398,0.496]],"v":[[53.852,-36.122],[-40.237,-19.381],[-40.08,-19.413],[59.165,14.779]],"c":true}]},{"i":{"x":0.833,"y":0.833},"o":{"x":0.167,"y":0.167},"t":40,"s":[{"i":[[2.851,13.061],[32.149,-17.177],[0.035,0.082],[-14.186,-16.693]],"o":[[-35.774,-2.806],[0.267,-0.088],[45.571,-18.176],[0.211,0.248]],"v":[[53.852,-36.122],[-40.237,-19.381],[-40.08,-19.413],[56.541,-10.677]],"c":true}]},{"i":{"x":0.833,"y":0.833},"o":{"x":0.167,"y":0.167},"t":50,"s":[{"i":[[0.033,0.054],[32.149,-17.177],[0.035,0.082],[-1.653,-0.091]],"o":[[-35.774,-2.806],[0.267,-0.088],[43.939,-24.799],[0.025,0.001]],"v":[[53.852,-36.122],[-40.237,-19.381],[-40.08,-19.413],[53.917,-36.133]],"c":true}]},{"i":{"x":0.833,"y":0.833},"o":{"x":0.167,"y":0.167},"t":60,"s":[{"i":[[0.033,0.054],[35.417,9.006],[0.035,0.082],[-10.732,9.684]],"o":[[-35.657,13.664],[0.267,-0.088],[33.371,10.387],[0.663,-0.599]],"v":[[55.602,-26.372],[-31.737,-19.131],[-31.642,-19.163],[54.069,-25.937]],"c":true}]},{"i":{"x":0.833,"y":0.833},"o":{"x":0.167,"y":0.167},"t":70,"s":[{"i":[[0.033,0.054],[35.923,19.134],[-0.22,-0.691],[-53.603,12.438]],"o":[[-36.492,7.671],[-0.413,-2.144],[29.79,11.71],[0.87,-0.202]],"v":[[55.164,-25.685],[-32.175,-18.444],[-9.778,-34.461],[54.069,-25.937]],"c":true}]},{"i":{"x":0.833,"y":0.833},"o":{"x":0.167,"y":0.167},"t":80,"s":[{"i":[[0.033,0.054],[35.923,19.134],[-0.22,-0.691],[-34.392,13.411]],"o":[[-36.492,7.671],[-0.413,-2.144],[29.79,11.71],[0.833,-0.325]],"v":[[43.978,7.115],[-32.175,-18.444],[-9.778,-34.461],[54.069,-25.937]],"c":true}]},{"t":90.0000036657751,"s":[{"i":[[0.033,0.054],[35.923,19.134],[-0.22,-0.691],[-34.392,13.411]],"o":[[-36.492,7.671],[-0.413,-2.144],[29.79,11.71],[0.833,-0.325]],"v":[[43.978,7.115],[-32.175,-18.444],[-9.778,-34.461],[57.865,-18.536]],"c":true}]}],"ix":2},"nm":"Path 1","mn":"ADBE Vector Shape - Group","hd":false},{"ty":"st","c":{"a":0,"k":[0,0.4,0,1],"ix":3},"o":{"a":0,"k":100,"ix":4},"w":{"a":0,"k":3,"ix":5},"lc":1,"lj":1,"ml":4,"bm":0,"nm":"Stroke 1","mn":"ADBE Vector Graphic - Stroke","hd":false},{"ty":"fl","c":{"a":0,"k":[0.3137,0.7569,0.3294,1],"ix":4},"o":{"a":0,"k":100,"ix":5},"r":1,"bm":0,"nm":"Fill 1","mn":"ADBE Vector Graphic - Fill","hd":false},{"ty":"tr","p":{"a":0,"k":[17,-10.5],"ix":2},"a":{"a":0,"k":[7.5,-6.5],"ix":1},"s":{"a":0,"k":[100,100],"ix":3},"r":{"a":0,"k":0,"ix":6},"o":{"a":0,"k":100,"ix":7},"sk":{"a":0,"k":0,"ix":4},"sa":{"a":0,"k":0,"ix":5},"nm":"Transform"}],"nm":"Shape 2","np":4,"cix":2,"bm":0,"ix":1,"mn":"ADBE Vector Group","hd":false},{"ty":"gr","it":[{"ind":0,"ty":"sh","ix":1,"ks":{"a":1,"k":[{"i":{"x":0.833,"y":0.833},"o":{"x":0.167,"y":0.167},"t":0,"s":[{"i":[[5.669,26.069],[0,0],[0,0],[-37.076,-8.781]],"o":[[-35.774,-2.806],[0,0],[0,0],[10.232,-15.2]],"v":[[62.707,-45.758],[-42,-32],[-42,19],[58.785,31.205]],"c":true}]},{"i":{"x":0.833,"y":0.833},"o":{"x":0.167,"y":0.167},"t":10,"s":[{"i":[[0.963,25.74],[31.876,-20.001],[1.245,-13.529],[-37.076,-8.781]],"o":[[-35.774,-2.806],[-1.302,14.607],[24.413,3.921],[-6.902,-23.94]],"v":[[62.931,-37.56],[-41.409,-26.008],[-39.977,20.469],[58.785,31.205]],"c":true}]},{"i":{"x":0.833,"y":0.833},"o":{"x":0.167,"y":0.167},"t":20,"s":[{"i":[[5.669,26.069],[31.876,-20.001],[-2.847,-11.688],[-41.23,-7.238]],"o":[[-35.774,-2.806],[-1.528,11.714],[16.396,1.422],[-5.175,-16.752]],"v":[[53.852,-36.122],[-40.334,-19.422],[-40.268,5.38],[58.189,16.011]],"c":true}]},{"i":{"x":0.833,"y":0.833},"o":{"x":0.167,"y":0.167},"t":30,"s":[{"i":[[5.669,26.069],[31.876,-20.001],[-2.418,-9.377],[-52.405,-68.44]],"o":[[-35.774,-2.806],[8.448,9.01],[16.396,1.422],[-6.944,-21.229]],"v":[[53.852,-36.122],[-40.334,-19.422],[-27.913,3.48],[60.359,16.279]],"c":true}]},{"i":{"x":0.833,"y":0.833},"o":{"x":0.167,"y":0.167},"t":40,"s":[{"i":[[5.669,26.069],[31.876,-20.001],[-2.418,-9.377],[-52.405,-68.44]],"o":[[-35.774,-2.806],[8.448,9.01],[16.396,1.422],[-0.052,-20.478]],"v":[[53.852,-36.122],[-40.334,-19.422],[-27.913,3.48],[60.359,16.279]],"c":true}]},{"i":{"x":0.833,"y":0.833},"o":{"x":0.167,"y":0.167},"t":50,"s":[{"i":[[5.669,26.069],[31.876,-20.001],[-2.418,-9.377],[-50.126,-18.922]],"o":[[-35.774,-2.806],[8.448,9.01],[16.396,1.422],[-10.337,-25.757]],"v":[[53.852,-36.122],[-40.334,-19.422],[-27.913,3.48],[60.359,16.279]],"c":true}]},{"i":{"x":0.833,"y":0.833},"o":{"x":0.167,"y":0.167},"t":60,"s":[{"i":[[-1.102,18.247],[36.209,6.172],[-2.418,-9.377],[-46.109,14.096]],"o":[[-38.602,13.747],[8.448,9.01],[16.396,1.422],[0.891,-20.654]],"v":[[55.602,-25.872],[-31.709,-19.297],[-27.913,3.481],[58.859,7.779]],"c":true}]},{"i":{"x":0.833,"y":0.833},"o":{"x":0.167,"y":0.167},"t":70,"s":[{"i":[[1.166,9.459],[39.163,22.263],[-0.054,-0.239],[-46.109,14.096]],"o":[[-36.852,3.747],[-0.612,0.261],[14.195,9.392],[-5.311,-1.206]],"v":[[54.352,-25.872],[-32.051,-18.552],[-29.604,-17.005],[61.249,-6.024]],"c":true}]},{"i":{"x":0.833,"y":0.833},"o":{"x":0.167,"y":0.167},"t":80,"s":[{"i":[[1.166,9.459],[39.163,22.263],[-0.054,-0.239],[-46.109,14.096]],"o":[[-14.806,8.632],[-0.612,0.261],[14.195,9.392],[-5.311,-1.206]],"v":[[54.352,-25.872],[-32.051,-18.552],[-29.604,-17.005],[44.241,2.458]],"c":true}]},{"t":90.0000036657751,"s":[{"i":[[1.166,9.459],[39.163,22.263],[-0.054,-0.239],[-46.109,14.096]],"o":[[-14.806,8.632],[-0.612,0.261],[14.195,9.392],[-5.311,-1.206]],"v":[[52.989,-12.824],[-32.051,-18.552],[-29.604,-17.005],[44.241,2.458]],"c":true}]}],"ix":2},"nm":"Path 1","mn":"ADBE Vector Shape - Group","hd":false},{"ty":"st","c":{"a":0,"k":[0,0.4,0,1],"ix":3},"o":{"a":0,"k":100,"ix":4},"w":{"a":0,"k":3,"ix":5},"lc":1,"lj":1,"ml":4,"bm":0,"nm":"Stroke 1","mn":"ADBE Vector Graphic - Stroke","hd":false},{"ty":"fl","c":{"a":0,"k":[0,0.4,0,1],"ix":4},"o":{"a":0,"k":100,"ix":5},"r":1,"bm":0,"nm":"Fill 1","mn":"ADBE Vector Graphic - Fill","hd":false},{"ty":"tr","p":{"a":0,"k":[17,-10.5],"ix":2},"a":{"a":0,"k":[7.5,-6.5],"ix":1},"s":{"a":0,"k":[100,100],"ix":3},"r":{"a":0,"k":0,"ix":6},"o":{"a":0,"k":100,"ix":7},"sk":{"a":0,"k":0,"ix":4},"sa":{"a":0,"k":0,"ix":5},"nm":"Transform"}],"nm":"Shape 1","np":3,"cix":2,"bm":0,"ix":2,"mn":"ADBE Vector Group","hd":false}],"ip":0,"op":120.0000048877,"st":0,"bm":0},{"ddd":0,"ind":5,"ty":4,"nm":"Shape Layer 2","sr":1,"ks":{"o":{"a":1,"k":[{"i":{"x":[0.833],"y":[0.833]},"o":{"x":[0.167],"y":[0.167]},"t":2,"s":[100]},{"i":{"x":[0.833],"y":[0.833]},"o":{"x":[0.167],"y":[0.167]},"t":80,"s":[100]},{"t":92.0000037472368,"s":[0]}],"ix":11},"r":{"a":1,"k":[{"i":{"x":[0.833],"y":[0.833]},"o":{"x":[0.167],"y":[0.167]},"t":-8,"s":[-7]},{"i":{"x":[0.833],"y":[0.833]},"o":{"x":[0.167],"y":[0.167]},"t":2,"s":[34]},{"i":{"x":[0.833],"y":[0.833]},"o":{"x":[0.167],"y":[0.167]},"t":12,"s":[18]},{"i":{"x":[0.833],"y":[0.833]},"o":{"x":[0.167],"y":[0.167]},"t":22,"s":[-1]},{"i":{"x":[0.833],"y":[0.833]},"o":{"x":[0.167],"y":[0.167]},"t":32,"s":[-21]},{"i":{"x":[0.833],"y":[0.833]},"o":{"x":[0.167],"y":[0.167]},"t":42,"s":[-37]},{"i":{"x":[0.833],"y":[0.833]},"o":{"x":[0.167],"y":[0.167]},"t":62,"s":[20]},{"i":{"x":[0.833],"y":[0.833]},"o":{"x":[0.167],"y":[0.167]},"t":72,"s":[45]},{"t":92.0000037472368,"s":[57]}],"ix":10},"p":{"a":1,"k":[{"i":{"x":0.833,"y":0.833},"o":{"x":0.167,"y":0.167},"t":-8,"s":[628.5,145.5,0],"to":[-22.958,-1.375,0],"ti":[11.583,19,0]},{"i":{"x":0.833,"y":0.833},"o":{"x":0.167,"y":0.167},"t":2,"s":[571.25,112.5,0],"to":[-11.583,-19,0],"ti":[16.75,10.75,0]},{"i":{"x":0.833,"y":0.833},"o":{"x":0.167,"y":0.167},"t":12,"s":[522,66.25,0],"to":[-16.75,-10.75,0],"ti":[21.75,-0.5,0]},{"i":{"x":0.833,"y":0.833},"o":{"x":0.167,"y":0.167},"t":22,"s":[469.25,50.5,0],"to":[-21.75,0.5,0],"ti":[21.75,-8,0]},{"i":{"x":0.833,"y":0.833},"o":{"x":0.167,"y":0.167},"t":32,"s":[400.25,65.5,0],"to":[-21.75,8,0],"ti":[13.25,-16,0]},{"i":{"x":0.833,"y":0.833},"o":{"x":0.167,"y":0.167},"t":42,"s":[332.75,127,0],"to":[-13.25,16,0],"ti":[25.75,-0.5,0]},{"i":{"x":0.833,"y":0.833},"o":{"x":0.167,"y":0.167},"t":52,"s":[282.25,168,0],"to":[-25.75,0.5,0],"ti":[19.25,14.5,0]},{"i":{"x":0.833,"y":0.833},"o":{"x":0.167,"y":0.167},"t":62,"s":[198.75,142.5,0],"to":[-19.25,-14.5,0],"ti":[26.75,32,0]},{"i":{"x":0.833,"y":0.833},"o":{"x":0.167,"y":0.167},"t":72,"s":[118.75,65.5,0],"to":[-26.75,-32,0],"ti":[21.75,28.5,0]},{"i":{"x":0.833,"y":0.833},"o":{"x":0.167,"y":0.167},"t":92,"s":[29.25,-43.5,0],"to":[-21.75,-28.5,0],"ti":[0.667,2.333,0]},{"t":111.000004521123,"s":[-72.75,-173.5,0]}],"ix":2},"a":{"a":0,"k":[-7.754,-5.497,0],"ix":1},"s":{"a":1,"k":[{"i":{"x":[0.833,0.833,0.833],"y":[0.833,0.833,0.833]},"o":{"x":[0.167,0.167,0.167],"y":[0.167,0.167,0.167]},"t":32,"s":[80,80,100]},{"i":{"x":[0.833,0.833,0.833],"y":[0.833,0.833,0.833]},"o":{"x":[0.167,0.167,0.167],"y":[0.167,0.167,0.167]},"t":42,"s":[70,70,100]},{"i":{"x":[0.833,0.833,0.833],"y":[0.833,0.833,0.833]},"o":{"x":[0.167,0.167,0.167],"y":[0.167,0.167,0.167]},"t":52,"s":[60,60,100]},{"t":62.0000025253118,"s":[50,50,100]}],"ix":6}},"ao":0,"shapes":[{"ty":"gr","it":[{"ty":"gr","it":[{"ind":0,"ty":"sh","ix":1,"ks":{"a":1,"k":[{"i":{"x":0.833,"y":0.833},"o":{"x":0.167,"y":0.167},"t":0,"s":[{"i":[[-8.215,0],[0,-8.215],[8.215,0],[0,8.215]],"o":[[8.215,0],[0,8.215],[-8.215,0],[0,-8.215]],"v":[[0,-14.875],[14.875,0],[0,14.875],[-14.875,0]],"c":true}]},{"i":{"x":0.833,"y":0.833},"o":{"x":0.167,"y":0.167},"t":20,"s":[{"i":[[-8.215,0],[0,-8.215],[8.215,0],[0,8.215]],"o":[[8.215,0],[0,8.215],[-8.215,0],[0,-8.215]],"v":[[3.374,-21.496],[18.249,-6.621],[3.374,8.254],[-11.501,-6.621]],"c":true}]},{"i":{"x":0.833,"y":0.833},"o":{"x":0.167,"y":0.167},"t":50,"s":[{"i":[[-8.215,0],[0,-8.215],[8.215,0],[0,8.215]],"o":[[8.215,0],[0,8.215],[-8.215,0],[0,-8.215]],"v":[[3.374,-21.496],[18.887,-10.088],[4.438,2.476],[-10.334,-11.663]],"c":true}]},{"t":60.0000024438501,"s":[{"i":[[-8.215,0],[-0.446,-3.226],[8.215,0],[-4.432,6.917]],"o":[[8.215,0],[1.125,8.138],[-8.215,0],[1.693,-2.643]],"v":[[2.645,-12.175],[18.887,-10.088],[6.348,-8.529],[-10.334,-11.663]],"c":true}]}],"ix":2},"nm":"Path 1","mn":"ADBE Vector Shape - Group","hd":false},{"ty":"st","c":{"a":0,"k":[0,0.4,0,1],"ix":3},"o":{"a":0,"k":100,"ix":4},"w":{"a":0,"k":3,"ix":5},"lc":1,"lj":1,"ml":4,"bm":0,"nm":"Stroke 1","mn":"ADBE Vector Graphic - Stroke","hd":false},{"ty":"fl","c":{"a":0,"k":[0,0.4,0,1],"ix":4},"o":{"a":0,"k":100,"ix":5},"r":1,"bm":0,"nm":"Fill 1","mn":"ADBE Vector Graphic - Fill","hd":false},{"ty":"tr","p":{"a":0,"k":[39.875,-8.125],"ix":2},"a":{"a":0,"k":[7.5,-6.5],"ix":1},"s":{"a":0,"k":[29.735,29.735],"ix":3},"r":{"a":0,"k":0,"ix":6},"o":{"a":0,"k":100,"ix":7},"sk":{"a":0,"k":0,"ix":4},"sa":{"a":0,"k":0,"ix":5},"nm":"Transform"}],"nm":"Ellipse 3","np":3,"cix":2,"bm":0,"ix":1,"mn":"ADBE Vector Group","hd":false},{"ty":"gr","it":[{"ind":0,"ty":"sh","ix":1,"ks":{"a":1,"k":[{"i":{"x":0.833,"y":0.833},"o":{"x":0.167,"y":0.167},"t":0,"s":[{"i":[[-8.215,0],[0,-8.215],[8.215,0],[0,8.215]],"o":[[8.215,0],[0,8.215],[-8.215,0],[0,-8.215]],"v":[[0,-14.875],[14.875,0],[0,14.875],[-14.875,0]],"c":true}]},{"i":{"x":0.833,"y":0.833},"o":{"x":0.167,"y":0.167},"t":20,"s":[{"i":[[-8.215,0],[0,-8.215],[8.215,0],[0,8.215]],"o":[[8.215,0],[0,8.215],[-8.215,0],[0,-8.215]],"v":[[-16.09,-40.588],[-1.215,-25.713],[-16.09,-10.838],[-30.965,-25.713]],"c":true}]},{"i":{"x":0.833,"y":0.833},"o":{"x":0.167,"y":0.167},"t":40,"s":[{"i":[[-8.215,0],[0,-8.215],[8.215,0],[0,8.215]],"o":[[8.215,0],[0,8.215],[-8.215,0],[0,-8.215]],"v":[[-35.085,-10.168],[-19.194,0.594],[-34.069,15.469],[-49.618,8.216]],"c":true}]},{"i":{"x":0.833,"y":0.833},"o":{"x":0.167,"y":0.167},"t":50,"s":[{"i":[[-8.215,0],[5.395,-6.196],[8.215,0],[2.051,7.955]],"o":[[8.215,0],[-0.208,0.581],[-8.215,0],[-0.275,-1.066]],"v":[[-35.962,17.628],[-22.535,14.197],[-34.027,20.435],[-48.597,21.486]],"c":true}]},{"i":{"x":0.833,"y":0.833},"o":{"x":0.167,"y":0.167},"t":60,"s":[{"i":[[-8.215,0],[5.395,-6.196],[8.215,0],[2.051,7.955]],"o":[[8.215,0],[-0.208,0.581],[-8.215,0],[-0.275,-1.066]],"v":[[-5.681,-33.9],[8.441,-26.867],[-4.439,-27.344],[-15.714,-35.896]],"c":true}]},{"t":70.0000028511585,"s":[{"i":[[-8.215,0],[5.395,-6.196],[8.215,0],[2.051,7.955]],"o":[[8.215,0],[-0.208,0.581],[-8.215,0],[-0.275,-1.066]],"v":[[-6.674,-17.042],[10.162,-12.535],[-4.266,-13.427],[-21.241,-14.592]],"c":true}]}],"ix":2},"nm":"Path 1","mn":"ADBE Vector Shape - Group","hd":false},{"ty":"st","c":{"a":0,"k":[0,0.4,0,1],"ix":3},"o":{"a":0,"k":100,"ix":4},"w":{"a":0,"k":3,"ix":5},"lc":1,"lj":1,"ml":4,"bm":0,"nm":"Stroke 1","mn":"ADBE Vector Graphic - Stroke","hd":false},{"ty":"fl","c":{"a":0,"k":[0,0.4,0,1],"ix":4},"o":{"a":0,"k":100,"ix":5},"r":1,"bm":0,"nm":"Fill 1","mn":"ADBE Vector Graphic - Fill","hd":false},{"ty":"tr","p":{"a":0,"k":[-17.625,-8.125],"ix":2},"a":{"a":0,"k":[7.5,-6.5],"ix":1},"s":{"a":0,"k":[29.735,29.735],"ix":3},"r":{"a":0,"k":0,"ix":6},"o":{"a":0,"k":100,"ix":7},"sk":{"a":0,"k":0,"ix":4},"sa":{"a":0,"k":0,"ix":5},"nm":"Transform"}],"nm":"Ellipse 2","np":3,"cix":2,"bm":0,"ix":2,"mn":"ADBE Vector Group","hd":false},{"ty":"gr","it":[{"ind":0,"ty":"sh","ix":1,"ks":{"a":1,"k":[{"i":{"x":0.833,"y":0.833},"o":{"x":0.167,"y":0.167},"t":0,"s":[{"i":[[-8.215,0],[0,-8.215],[8.215,0],[0,8.215]],"o":[[8.215,0],[0,8.215],[-8.215,0],[0,-8.215]],"v":[[0,-14.875],[14.875,0],[0,14.875],[-14.875,0]],"c":true}]},{"i":{"x":0.833,"y":0.833},"o":{"x":0.167,"y":0.167},"t":20,"s":[{"i":[[-8.215,0],[0,-8.215],[8.215,0],[0,8.215]],"o":[[8.215,0],[0,8.215],[-8.215,0],[0,-8.215]],"v":[[-1.266,-23.828],[13.609,-8.953],[-1.266,5.922],[-16.141,-8.953]],"c":true}]},{"i":{"x":0.833,"y":0.833},"o":{"x":0.167,"y":0.167},"t":40,"s":[{"i":[[-8.215,0],[0.056,-8.215],[8.215,0],[1.291,8.113]],"o":[[8.215,0],[-0.043,6.395],[-8.215,0],[-0.679,-4.265]],"v":[[-1.901,-17.377],[12.073,-6.697],[-1.266,5.922],[-15.275,-5.106]],"c":true}]},{"i":{"x":0.833,"y":0.833},"o":{"x":0.167,"y":0.167},"t":50,"s":[{"i":[[-8.554,1.502],[-2.186,-4.233],[8.215,0],[2.192,3.88]],"o":[[8.092,-1.42],[1.63,3.158],[-8.215,0],[0.233,-0.53]],"v":[[-2.362,-7.16],[11.735,-9.104],[-0.597,0.361],[-14.904,-3.261]],"c":true}]},{"i":{"x":0.833,"y":0.833},"o":{"x":0.167,"y":0.167},"t":60,"s":[{"i":[[-8.67,-0.509],[0.05,-2.415],[8.215,0],[1.302,0.753]],"o":[[8.144,0.478],[-0.022,1.058],[-8.215,0],[0.233,-0.53]],"v":[[-2.794,-6.118],[9.04,-4.017],[-0.456,-3.489],[-14.499,-7.032]],"c":true}]},{"t":70.0000028511585,"s":[{"i":[[-8.67,-0.509],[0.05,-2.415],[8.215,0],[1.302,0.753]],"o":[[8.144,0.478],[-0.022,1.058],[-8.215,0],[0.233,-0.53]],"v":[[-2.794,-6.118],[9.04,-4.017],[-0.456,-3.489],[-14.524,-4.362]],"c":true}]}],"ix":2},"nm":"Path 1","mn":"ADBE Vector Shape - Group","hd":false},{"ty":"st","c":{"a":0,"k":[0,0.4,0,1],"ix":3},"o":{"a":0,"k":100,"ix":4},"w":{"a":0,"k":3,"ix":5},"lc":1,"lj":1,"ml":4,"bm":0,"nm":"Stroke 1","mn":"ADBE Vector Graphic - Stroke","hd":false},{"ty":"fl","c":{"a":0,"k":[0,0.4,0,1],"ix":4},"o":{"a":0,"k":100,"ix":5},"r":1,"bm":0,"nm":"Fill 1","mn":"ADBE Vector Graphic - Fill","hd":false},{"ty":"tr","p":{"a":0,"k":[15.625,-12.125],"ix":2},"a":{"a":0,"k":[7.5,-6.5],"ix":1},"s":{"a":0,"k":[100,100],"ix":3},"r":{"a":0,"k":0,"ix":6},"o":{"a":0,"k":100,"ix":7},"sk":{"a":0,"k":0,"ix":4},"sa":{"a":0,"k":0,"ix":5},"nm":"Transform"}],"nm":"Ellipse 1","np":3,"cix":2,"bm":0,"ix":3,"mn":"ADBE Vector Group","hd":false},{"ty":"tr","p":{"a":0,"k":[-7.864,-6.772],"ix":2},"a":{"a":0,"k":[8.895,-5.625],"ix":1},"s":{"a":0,"k":[100,100],"ix":3},"r":{"a":0,"k":0,"ix":6},"o":{"a":0,"k":100,"ix":7},"sk":{"a":0,"k":0,"ix":4},"sa":{"a":0,"k":0,"ix":5},"nm":"Transform"}],"nm":"Group 1","np":3,"cix":2,"bm":0,"ix":1,"mn":"ADBE Vector Group","hd":false},{"ty":"gr","it":[{"ind":0,"ty":"sh","ix":1,"ks":{"a":1,"k":[{"i":{"x":0.833,"y":0.833},"o":{"x":0.167,"y":0.167},"t":0,"s":[{"i":[[2.303,5.325],[27.854,6.043],[0.641,-15.365],[-41.485,3.717]],"o":[[-38.666,20.685],[-6.278,20.606],[16.717,6.979],[1.245,-13.175]],"v":[[43.1,-40.809],[-63.034,-34.392],[-65.562,14.949],[48.449,22.617]],"c":true}]},{"i":{"x":0.833,"y":0.833},"o":{"x":0.167,"y":0.167},"t":20,"s":[{"i":[[2.303,5.325],[17.606,-7.165],[0.641,-15.365],[-39.189,-17.212]],"o":[[-41.421,-22.626],[-6.278,20.606],[21.14,-6.889],[1.245,-13.175]],"v":[[39.666,-31.15],[-62.381,-29.347],[-67.991,9.495],[48.449,22.617]],"c":true}]},{"i":{"x":0.833,"y":0.833},"o":{"x":0.167,"y":0.167},"t":30,"s":[{"i":[[2.303,5.325],[17.606,-7.165],[-6.721,-13.246],[-39.189,-17.212]],"o":[[-49.674,-16.544],[-1.234,9.759],[21.14,-6.889],[1.245,-13.175]],"v":[[40.553,-29.55],[-69.654,-19.335],[-64.556,7.211],[48.449,22.617]],"c":true}]},{"i":{"x":0.833,"y":0.833},"o":{"x":0.167,"y":0.167},"t":40,"s":[{"i":[[2.303,5.325],[9.383,-8.568],[3.507,-9.902],[-39.189,-17.212]],"o":[[-49.674,-16.544],[-9.383,8.568],[21.14,-6.889],[1.245,-13.175]],"v":[[41.139,-24.974],[-53.013,-12.111],[-69.161,16.155],[48.449,22.617]],"c":true}]},{"i":{"x":0.833,"y":0.833},"o":{"x":0.167,"y":0.167},"t":50,"s":[{"i":[[2.303,5.325],[17.354,-5.864],[0.232,-1.968],[-43.638,-34.284]],"o":[[-48.665,-0.33],[-0.221,0.085],[18.109,4.045],[1.245,-13.175]],"v":[[42.271,-21.371],[-49.375,-1.353],[-60.269,5.282],[48.237,23.063]],"c":true}]},{"i":{"x":0.833,"y":0.833},"o":{"x":0.167,"y":0.167},"t":60,"s":[{"i":[[-0.06,1.731],[30.212,10.631],[0.232,-1.968],[-50.871,8.469]],"o":[[-48.665,-0.33],[-0.221,0.085],[18.109,4.045],[2.001,-0.691]],"v":[[32.703,-11.143],[-53.237,-24.413],[-46.191,-15.322],[30.587,-10.467]],"c":true}]},{"i":{"x":0.833,"y":0.833},"o":{"x":0.167,"y":0.167},"t":70,"s":[{"i":[[-0.733,0.054],[23.942,10.454],[0.232,-1.968],[-28.04,-0.081]],"o":[[-2.841,4.313],[-0.221,0.085],[15.81,4.077],[1.649,-0.287]],"v":[[34.12,-14.953],[-55.898,-13.46],[-56.818,-12.768],[31.458,-10.355]],"c":true}]},{"i":{"x":0.833,"y":0.833},"o":{"x":0.167,"y":0.167},"t":80,"s":[{"i":[[0.486,0.097],[23.942,10.454],[0.232,-1.968],[-3.473,-18.388]],"o":[[1.195,-23.428],[-0.221,0.085],[19.888,4.604],[-0.324,-0.765]],"v":[[42.971,-13.935],[-44.407,-37.214],[-44.601,-37.225],[42.786,-13.625]],"c":true}]},{"t":100.000004073084,"s":[{"i":[[0.486,0.097],[23.942,10.454],[0.232,-1.968],[-3.473,-18.388]],"o":[[1.195,-23.428],[-0.221,0.085],[19.888,4.604],[-0.324,-0.765]],"v":[[42.971,-13.935],[-45.306,-25.502],[-45.119,-22.657],[42.786,-13.625]],"c":true}]}],"ix":2},"nm":"Path 1","mn":"ADBE Vector Shape - Group","hd":false},{"ty":"st","c":{"a":0,"k":[0,0.4,0,1],"ix":3},"o":{"a":0,"k":100,"ix":4},"w":{"a":0,"k":3,"ix":5},"lc":1,"lj":1,"ml":4,"bm":0,"nm":"Stroke 1","mn":"ADBE Vector Graphic - Stroke","hd":false},{"ty":"fl","c":{"a":0,"k":[0.3137,0.7569,0.3294,1],"ix":4},"o":{"a":0,"k":100,"ix":5},"r":1,"bm":0,"nm":"Fill 1","mn":"ADBE Vector Graphic - Fill","hd":false},{"ty":"tr","p":{"a":0,"k":[0,0],"ix":2},"a":{"a":0,"k":[0,0],"ix":1},"s":{"a":0,"k":[100,100],"ix":3},"r":{"a":0,"k":0,"ix":6},"o":{"a":0,"k":100,"ix":7},"sk":{"a":0,"k":0,"ix":4},"sa":{"a":0,"k":0,"ix":5},"nm":"Transform"}],"nm":"Shape 2","np":3,"cix":2,"bm":0,"ix":2,"mn":"ADBE Vector Group","hd":false},{"ty":"gr","it":[{"ind":0,"ty":"sh","ix":1,"ks":{"a":1,"k":[{"i":{"x":0.833,"y":0.833},"o":{"x":0.167,"y":0.167},"t":0,"s":[{"i":[[8.646,15.986],[28.647,7.323],[-18.509,-9.982],[-13.967,3.587]],"o":[[-28.905,10.381],[-1.706,4.835],[26.074,14.062],[1.528,-15.393]],"v":[[38.078,-32.218],[-61,-31.5],[-30.333,-6.36],[45,17.5]],"c":true}]},{"i":{"x":0.833,"y":0.833},"o":{"x":0.167,"y":0.167},"t":20,"s":[{"i":[[8.646,15.986],[39.608,-12.938],[-18.896,-6.551],[-12.168,-7.99]],"o":[[-28.905,10.381],[-1.706,4.835],[26.619,9.228],[1.528,-15.393]],"v":[[38.078,-32.218],[-60.933,-27.25],[-29.36,-9.686],[45,17.5]],"c":true}]},{"i":{"x":0.833,"y":0.833},"o":{"x":0.167,"y":0.167},"t":30,"s":[{"i":[[8.646,15.986],[37.598,-16.198],[-19.207,-4.588],[-12.168,-7.99]],"o":[[-30.07,-0.612],[-1.706,4.835],[27.057,6.463],[1.528,-15.393]],"v":[[38.047,-28.416],[-62.476,-17.514],[-30.326,-3.59],[45,17.5]],"c":true}]},{"i":{"x":0.833,"y":0.833},"o":{"x":0.167,"y":0.167},"t":40,"s":[{"i":[[8.646,15.986],[37.598,-16.198],[-17.365,-2.531],[-12.168,-7.99]],"o":[[-30.07,-0.612],[-1.706,4.835],[24.462,3.566],[1.528,-15.393]],"v":[[34.104,-19.888],[-53.338,-7.311],[-24.606,2.797],[45,17.5]],"c":true}]},{"i":{"x":0.833,"y":0.833},"o":{"x":0.167,"y":0.167},"t":50,"s":[{"i":[[8.646,15.986],[37.598,-16.198],[-18.11,-0.158],[-12.168,-7.99]],"o":[[-30.07,-0.612],[2.75,3.539],[25.512,0.223],[1.528,-15.393]],"v":[[34.104,-19.888],[-60.21,5.383],[-24.334,9.414],[45,17.5]],"c":true}]},{"i":{"x":0.833,"y":0.833},"o":{"x":0.167,"y":0.167},"t":60,"s":[{"i":[[-1.997,18.295],[12.609,6.623],[-14.573,-5.13],[-15.034,2.497]],"o":[[-31.163,2.561],[2.75,3.539],[20.529,7.226],[-8.266,-6.711]],"v":[[33.213,-10.226],[-53.088,-22.54],[-25.998,5.741],[45,17.5]],"c":true}]},{"i":{"x":0.833,"y":0.833},"o":{"x":0.167,"y":0.167},"t":70,"s":[{"i":[[-6.068,14.501],[21.639,4.312],[0.61,0.292],[-10.16,2.35]],"o":[[-30.07,-0.612],[0.545,1.119],[18.958,7.532],[15.802,0.438]],"v":[[34.279,-15.296],[-56.466,-12.925],[-47.06,5.303],[28.326,15.089]],"c":true}]},{"i":{"x":0.833,"y":0.833},"o":{"x":0.167,"y":0.167},"t":80,"s":[{"i":[[7.64,11.96],[45.483,4.751],[-7.15,-13.273],[-18.473,-10.659]],"o":[[-15.452,-10.91],[0.465,0.956],[21.023,-0.567],[1.528,-15.394]],"v":[[40.843,-20.219],[-44.619,-37.427],[-46.344,11.975],[40.405,8.531]],"c":true}]},{"t":100.000004073084,"s":[{"i":[[7.64,11.96],[45.483,4.751],[-7.15,-13.273],[-35.083,20.92]],"o":[[-25.25,2.746],[0.465,0.956],[16.383,9.84],[1.528,-15.394]],"v":[[40.86,-25.86],[-46.055,-29.14],[-46.344,11.975],[43.86,0.341]],"c":true}]}],"ix":2},"nm":"Path 1","mn":"ADBE Vector Shape - Group","hd":false},{"ty":"st","c":{"a":0,"k":[0,0.4,0,1],"ix":3},"o":{"a":0,"k":100,"ix":4},"w":{"a":0,"k":3,"ix":5},"lc":1,"lj":1,"ml":4,"bm":0,"nm":"Stroke 1","mn":"ADBE Vector Graphic - Stroke","hd":false},{"ty":"fl","c":{"a":0,"k":[0,0.4,0,1],"ix":4},"o":{"a":0,"k":100,"ix":5},"r":1,"bm":0,"nm":"Fill 1","mn":"ADBE Vector Graphic - Fill","hd":false},{"ty":"tr","p":{"a":0,"k":[0,0],"ix":2},"a":{"a":0,"k":[0,0],"ix":1},"s":{"a":0,"k":[100,100],"ix":3},"r":{"a":0,"k":0,"ix":6},"o":{"a":0,"k":100,"ix":7},"sk":{"a":0,"k":0,"ix":4},"sa":{"a":0,"k":0,"ix":5},"nm":"Transform"}],"nm":"Shape 1","np":3,"cix":2,"bm":0,"ix":3,"mn":"ADBE Vector Group","hd":false}],"ip":0,"op":120.0000048877,"st":0,"bm":0}],"markers":[]}